
> astro-component-starter@1.0.0 build
> astro build

16:37:58 [vite] Re-optimizing dependencies because vite config has changed
16:37:59 [content] Syncing content
16:37:59 [WARN] [glob-loader] Duplicate id "cavities-fillings" found in /Users/tharvey/Work/CloudCannon/toothbar/src/content/pages/cavities-fillings.md. Later items with the same id will overwrite earlier ones.
16:37:59 [WARN] [glob-loader] Duplicate id "crowns-and-bridges" found in /Users/tharvey/Work/CloudCannon/toothbar/src/content/pages/crowns-and-bridges.md. Later items with the same id will overwrite earlier ones.
16:37:59 [WARN] [glob-loader] Duplicate id "dental-bonding" found in /Users/tharvey/Work/CloudCannon/toothbar/src/content/pages/dental-bonding.md. Later items with the same id will overwrite earlier ones.
16:37:59 [WARN] [glob-loader] Duplicate id "dental-implants" found in /Users/tharvey/Work/CloudCannon/toothbar/src/content/pages/dental-implants.md. Later items with the same id will overwrite earlier ones.
16:37:59 [WARN] [glob-loader] Duplicate id "digital-imaging" found in /Users/tharvey/Work/CloudCannon/toothbar/src/content/pages/digital-imaging.md. Later items with the same id will overwrite earlier ones.
16:37:59 [WARN] [glob-loader] Duplicate id "dental-veneers" found in /Users/tharvey/Work/CloudCannon/toothbar/src/content/pages/dental-veneers.md. Later items with the same id will overwrite earlier ones.
16:37:59 [WARN] [glob-loader] Duplicate id "dr-andrea-bakke" found in /Users/tharvey/Work/CloudCannon/toothbar/src/content/pages/dr-andrea-bakke.md. Later items with the same id will overwrite earlier ones.
16:37:59 [WARN] [glob-loader] Duplicate id "dr-danielle-gibbons" found in /Users/tharvey/Work/CloudCannon/toothbar/src/content/pages/dr-danielle-gibbons.md. Later items with the same id will overwrite earlier ones.
16:37:59 [WARN] [glob-loader] Duplicate id "dr-lauren-jacobsen" found in /Users/tharvey/Work/CloudCannon/toothbar/src/content/pages/dr-lauren-jacobsen.md. Later items with the same id will overwrite earlier ones.
16:37:59 [WARN] [glob-loader] Duplicate id "dr-kimberly-barclay" found in /Users/tharvey/Work/CloudCannon/toothbar/src/content/pages/dr-kimberly-barclay.md. Later items with the same id will overwrite earlier ones.
16:37:59 [WARN] [glob-loader] Duplicate id "dr-rachel-morren" found in /Users/tharvey/Work/CloudCannon/toothbar/src/content/pages/dr-rachel-morren.md. Later items with the same id will overwrite earlier ones.
16:37:59 [WARN] [glob-loader] Duplicate id "express-dental-services" found in /Users/tharvey/Work/CloudCannon/toothbar/src/content/pages/express-dental-services.md. Later items with the same id will overwrite earlier ones.
16:37:59 [WARN] [glob-loader] Duplicate id "invisalign" found in /Users/tharvey/Work/CloudCannon/toothbar/src/content/pages/invisalign.md. Later items with the same id will overwrite earlier ones.
16:37:59 [WARN] [glob-loader] Duplicate id "new-patients" found in /Users/tharvey/Work/CloudCannon/toothbar/src/content/pages/new-patients.md. Later items with the same id will overwrite earlier ones.
16:37:59 [WARN] [glob-loader] Duplicate id "jaw-botox" found in /Users/tharvey/Work/CloudCannon/toothbar/src/content/pages/jaw-botox.md. Later items with the same id will overwrite earlier ones.
16:37:59 [WARN] [glob-loader] Duplicate id "nitrous-sedation" found in /Users/tharvey/Work/CloudCannon/toothbar/src/content/pages/nitrous-sedation.md. Later items with the same id will overwrite earlier ones.
16:37:59 [WARN] [glob-loader] Duplicate id "partial-dentures" found in /Users/tharvey/Work/CloudCannon/toothbar/src/content/pages/partial-dentures.md. Later items with the same id will overwrite earlier ones.
16:37:59 [WARN] [glob-loader] Duplicate id "smile-makeover" found in /Users/tharvey/Work/CloudCannon/toothbar/src/content/pages/smile-makeover.md. Later items with the same id will overwrite earlier ones.
16:37:59 [WARN] [glob-loader] Duplicate id "teeth-cleaning" found in /Users/tharvey/Work/CloudCannon/toothbar/src/content/pages/teeth-cleaning.md. Later items with the same id will overwrite earlier ones.
16:37:59 [WARN] [glob-loader] Duplicate id "who-we-are" found in /Users/tharvey/Work/CloudCannon/toothbar/src/content/pages/who-we-are.md. Later items with the same id will overwrite earlier ones.
16:37:59 [WARN] [glob-loader] Duplicate id "teeth-whitening" found in /Users/tharvey/Work/CloudCannon/toothbar/src/content/pages/teeth-whitening.md. Later items with the same id will overwrite earlier ones.
16:37:59 [WARN] [glob-loader] Duplicate id "tooth-extractions" found in /Users/tharvey/Work/CloudCannon/toothbar/src/content/pages/tooth-extractions.md. Later items with the same id will overwrite earlier ones.
16:37:59 [content] Synced content
16:37:59 [types] Generated 1.09s
16:37:59 [build] output: "static"
16:37:59 [build] mode: "static"
16:37:59 [build] directory: /Users/tharvey/Work/CloudCannon/toothbar/dist/
16:37:59 [build] Collecting build info...
16:37:59 [build] ✓ Completed in 1.14s.
16:38:01 [build] Building static entrypoints...
16:38:18 [astro-icon] Loaded icons from /Users/tharvey/Work/CloudCannon/toothbar/src/icons
16:38:27 [WARN] [vite] [esbuild css minify]
▲ [WARNING] "max-wdith" is not a known CSS property [unsupported-css-property]

    <stdin>:7945:8:
      7945 │         max-wdith: 1200px;
           │         ~~~~~~~~~
           ╵         max-width

  Did you mean "max-width" instead?


16:38:30 [vite] ✓ built in 28.74s
16:38:30 [build] ✓ Completed in 28.81s.

 building client (vite) 
16:38:30 [vite] transforming...
16:38:51 [astro-icon] Loaded icons from /Users/tharvey/Work/CloudCannon/toothbar/src/icons
16:39:03 [vite] ✓ 1026 modules transformed.
16:39:04 [vite] rendering chunks...
16:39:04 [WARN] [vite] [esbuild css minify]
▲ [WARNING] "max-wdith" is not a known CSS property [unsupported-css-property]

    <stdin>:8158:8:
      8158 │         max-wdith: 1200px;
           │         ~~~~~~~~~
           ╵         max-width

  Did you mean "max-width" instead?


16:39:06 [vite] computing gzip size...
16:39:06 [vite] dist/_astro/website-hero.D4U7jVob.svg                                                                                                                                                                             0.84 kB │ gzip:   0.32 kB
16:39:06 [vite] dist/_astro/website-feature.DEna4FuL.svg                                                                                                                                                                          1.15 kB │ gzip:   0.49 kB
16:39:06 [vite] dist/_astro/website-documented.DRWTqUgf.svg                                                                                                                                                                       3.17 kB │ gzip:   0.77 kB
16:39:06 [vite] dist/_astro/website-split.-E1vECzt.svg                                                                                                                                                                            3.70 kB │ gzip:   0.59 kB
16:39:06 [vite] dist/_astro/logo.CYULZAsd.svg                                                                                                                                                                                     5.23 kB │ gzip:   2.44 kB
16:39:06 [vite] dist/_astro/AdobeStock_187242830__37___1778007828_95213-300x200.DYFem91g.jpg                                                                                                                                      8.49 kB
16:39:06 [vite] dist/_astro/profile.Dck5cZ4v.jpg                                                                                                                                                                                 12.07 kB
16:39:06 [vite] dist/_astro/profile3.CFgrGJnX.jpg                                                                                                                                                                                12.36 kB
16:39:06 [vite] dist/_astro/Bad-Breath-1.i3oDUo46.jpg                                                                                                                                                                            15.50 kB
16:39:06 [vite] dist/_astro/profile4.hPOV2cWw.jpg                                                                                                                                                                                16.17 kB
16:39:06 [vite] dist/_astro/profile1.3Da2ia4z.jpg                                                                                                                                                                                16.20 kB
16:39:06 [vite] dist/_astro/vaping-and-oral-health.D2iX6zzs.jpg                                                                                                                                                                  18.60 kB
16:39:06 [vite] dist/_astro/shutterstock_1676006977-1-768x512-1.BtyAS2MQ.jpg                                                                                                                                                     18.81 kB
16:39:06 [vite] dist/_astro/Wisdom-Tooth-Pain.BPstnuaz.jpeg                                                                                                                                                                      19.35 kB
16:39:06 [vite] dist/_astro/profile5.OBHKIg-k.jpg                                                                                                                                                                                19.62 kB
16:39:06 [vite] dist/_astro/Symptoms-of-TMJ-disorder.Ckx1Qzdh.jpg                                                                                                                                                                22.70 kB
16:39:06 [vite] dist/_astro/teethgrinding.B-bYBi2V.jpg                                                                                                                                                                           23.61 kB
16:39:06 [vite] dist/_astro/Electric-vs-Regular-Toothbrush-1.BRFVN6wZ.jpg                                                                                                                                                        23.73 kB
16:39:06 [vite] dist/_astro/Benefits-of-Flossing-Your-Teeth.BV-GYnpJ.jpg                                                                                                                                                         25.00 kB
16:39:06 [vite] dist/_astro/profile2.CPtbMybO.jpg                                                                                                                                                                                25.22 kB
16:39:06 [vite] dist/_astro/straighten-your-teeth-with-clear-aligners.sU8wwlYU.jpg                                                                                                                                               25.55 kB
16:39:06 [vite] dist/_astro/white-and-blue-toothbrush-with-blue-toothpaste-1.kojrqoST.jpg                                                                                                                                        25.63 kB
16:39:06 [vite] dist/_astro/tips-for-picking-the-right-toothpaste.k-YeuXiI.jpg                                                                                                                                                   25.75 kB
16:39:06 [vite] dist/_astro/Toothache.e-LyfB2L.jpg                                                                                                                                                                               26.53 kB
16:39:06 [vite] dist/_astro/main-qimg-d7933d14cb6c8f73c313ca262b547358.BZrzjC-m.jpg                                                                                                                                              27.18 kB
16:39:06 [vite] dist/_astro/shutterstock_1051437563-1.RaBNL9oP.jpeg                                                                                                                                                              27.63 kB
16:39:06 [vite] dist/_astro/Brushing-your-tongue-is-important.B80BUmVY.jpg                                                                                                                                                       27.63 kB
16:39:06 [vite] dist/_astro/invisalign-1.vNv4f_jq.jpeg                                                                                                                                                                           28.28 kB
16:39:06 [vite] dist/_astro/dont-replace-a-missing-tooth.DJcneQeF.jpg                                                                                                                                                            28.67 kB
16:39:06 [vite] dist/_astro/shutterstock_714402862-1-1.CSxRLvjS.jpeg                                                                                                                                                             28.86 kB
16:39:06 [vite] dist/_astro/person-wearing-silver-colored-ring-while-holding-denture-1.FYfPFinS.jpg                                                                                                                              29.34 kB
16:39:06 [vite] dist/_astro/how-many-teeth-kids-have.CyxT8ERy.jpg                                                                                                                                                                29.41 kB
16:39:06 [vite] dist/_astro/jawbotox-for-tmj-1.CeYgt7p1.jpg                                                                                                                                                                      30.31 kB
16:39:06 [vite] dist/_astro/Tooth-Implant.CJhrg0Qe.jpg                                                                                                                                                                           30.55 kB
16:39:06 [vite] dist/_astro/dentist-1.BzExywwc.jpg                                                                                                                                                                               30.59 kB
16:39:06 [vite] dist/_astro/1_shocking_diseases_dentists_vadimguzhva-760x506-1.BXVVx5ys.jpg                                                                                                                                      30.96 kB
16:39:06 [vite] dist/_astro/can-teeth-whitening-damage-gums.B5Ny0oOc.jpg                                                                                                                                                         31.75 kB
16:39:06 [vite] dist/_astro/smiling-woman-standing-beside-plant-1.C9TghpMh.jpeg                                                                                                                                                  32.88 kB
16:39:06 [vite] dist/_astro/young-woman-brushing-her-teeth-1.Dc7Y1erj.jpg                                                                                                                                                        33.06 kB
16:39:06 [vite] dist/_astro/3-ways-to-prevent-a-poor-bite.Cq4jKxMc.jpg                                                                                                                                                           33.31 kB
16:39:06 [vite] dist/_astro/shutterstock_254735842-1.BV-KyjKr.jpg                                                                                                                                                                33.32 kB
16:39:06 [vite] dist/_astro/broken-cigarette-1.BIWEOL8B.jpg                                                                                                                                                                      33.32 kB
16:39:06 [vite] dist/_astro/pearlywhiteteeth.BQjgH3PO.jpg                                                                                                                                                                        33.96 kB
16:39:06 [vite] dist/_astro/woman-wearing-invisalign.1QOXVaSk.jpg                                                                                                                                                                34.22 kB
16:39:06 [vite] dist/_astro/shutterstock_1800233047-1.qjVsWmzX.jpg                                                                                                                                                               34.96 kB
16:39:06 [vite] dist/_astro/shutterstock_1215868702-1.Cjzi2ihq.jpg                                                                                                                                                               35.63 kB
16:39:06 [vite] dist/_astro/shutterstock_48422968-1.DRjZl7uk.jpg                                                                                                                                                                 35.68 kB
16:39:06 [vite] dist/_astro/ppc-pediatric-footer-bg.B9K8WsKo.png                                                                                                                                                                 35.83 kB
16:39:06 [vite] dist/_astro/burning-mouth-syndrome-symptoms-.ZtL34cRG.jpg                                                                                                                                                        36.25 kB
16:39:06 [vite] dist/_astro/kid-brushing-her-teeth-1.lP4eQaZQ.jpg                                                                                                                                                                36.25 kB
16:39:06 [vite] dist/_astro/toothbrush-and-tooth-paste-1.MW2YzlGW.jpg                                                                                                                                                            36.88 kB
16:39:06 [vite] dist/_astro/why-you-bite-your-cheek-.BoZUxtMV.jpg                                                                                                                                                                37.12 kB
16:39:06 [vite] dist/_astro/porcelain-veneers.DSlC1pKs.jpg                                                                                                                                                                       37.13 kB
16:39:06 [vite] dist/_astro/shutterstock_1687009768-1.DHO_bc2K.jpg                                                                                                                                                               37.84 kB
16:39:06 [vite] dist/_astro/shutterstock_675761230-1.DHCNz0qN.jpg                                                                                                                                                                38.34 kB
16:39:06 [vite] dist/_astro/how-long-after-wisdom-teeth-removal-can-i-get-a-dental-cleaning.CEzFQZxl.jpg                                                                                                                         39.43 kB
16:39:06 [vite] dist/_astro/gum-recession.Bl6umvbk.jpg                                                                                                                                                                           39.48 kB
16:39:06 [vite] dist/_astro/danielle-profile1-tiny.BkErRIOv.jpg                                                                                                                                                                  39.55 kB
16:39:06 [vite] dist/_astro/shutterstock_1598735734-1.ijfqX0Km.jpg                                                                                                                                                               39.62 kB
16:39:06 [vite] dist/_astro/shutterstock_142808959-1.zVV_eZNG.jpg                                                                                                                                                                40.06 kB
16:39:06 [vite] dist/_astro/shutterstock_345988874-1.CATBjg0b.jpg                                                                                                                                                                40.26 kB
16:39:06 [vite] dist/_astro/shutterstock_1823263868-1.C1txzfAj.jpg                                                                                                                                                               40.33 kB
16:39:06 [vite] dist/_astro/chewing-ice-1.IMiHz9EN.jpg                                                                                                                                                                           40.87 kB
16:39:06 [vite] dist/_astro/women-smiling-while-laying-on-lawn-field.BQ-DbDMY.jpeg                                                                                                                                               40.94 kB
16:39:06 [vite] dist/_astro/shutterstock_1115346134-1.DNeGnhH9.jpeg                                                                                                                                                              42.02 kB
16:39:06 [vite] dist/_astro/shutterstock_623291072-1.CoZcBOGE.jpg                                                                                                                                                                42.30 kB
16:39:06 [vite] dist/_astro/AdobeStock_187242830__37___1778007828_95213.DrEewN0a.jpg                                                                                                                                             42.74 kB
16:39:06 [vite] dist/_astro/Home-whitening-vs.-In-Office-Whitening-1.4Wwo6OsA.jpg                                                                                                                                                42.80 kB
16:39:06 [vite] dist/_astro/shutterstock_1538855762-1.CgTG81hS.jpg                                                                                                                                                               42.91 kB
16:39:06 [vite] dist/_astro/Healthy-Smiles-This-Halloween-1.CNPi-dY9.jpg                                                                                                                                                         43.10 kB
16:39:06 [vite] dist/_astro/tips-to-know-when-travelling-with-invisa.JzeJtfO6.jpeg                                                                                                                                               43.24 kB
16:39:06 [vite] dist/_astro/lockjaw-G.VIOn2l53.jpg                                                                                                                                                                               43.59 kB
16:39:06 [vite] dist/_astro/shutterstock_773757976-1._g8vYskO.jpg                                                                                                                                                                43.62 kB
16:39:06 [vite] dist/_astro/cosmeticdent-1.DTpjGTvn.jpg                                                                                                                                                                          43.65 kB
16:39:06 [vite] dist/_astro/why-do-my-gums-feel-itchy.D-Mkcy3e.jpg                                                                                                                                                               45.04 kB
16:39:06 [vite] dist/_astro/TD_April2018Blog_BadBreath-1080x675-1024x640-1.XkUJHgKF.jpg                                                                                                                                          46.18 kB
16:39:06 [vite] dist/_astro/dental-checkup-G-G.DNdJU6OD.jpg                                                                                                                                                                      46.32 kB
16:39:06 [vite] dist/_astro/dental-crown-1.CepJgl_S.jpg                                                                                                                                                                          46.68 kB
16:39:06 [vite] dist/_astro/Invisalign.mzuk8YAe.jpg                                                                                                                                                                              47.28 kB
16:39:06 [vite] dist/_astro/dentists-watching-x-ray-1.C0VC6gIF.jpg                                                                                                                                                               47.86 kB
16:39:06 [vite] dist/_astro/dentalcrownsexampl-1.Cl3vfqto.jpg                                                                                                                                                                    48.59 kB
16:39:06 [vite] dist/_astro/shutterstock_1530801923-1.OtQg7RTp.jpeg                                                                                                                                                              48.61 kB
16:39:06 [vite] dist/_astro/AdobeStock_291115741-2.CKaHEjG_.jpg                                                                                                                                                                  48.88 kB
16:39:06 [vite] dist/_astro/shutterstock_358283384-1.B8D6BDNx.jpg                                                                                                                                                                49.11 kB
16:39:06 [vite] dist/_astro/tonsil-stones-causes-symptoms.BI4qHAt7.jpg                                                                                                                                                           49.22 kB
16:39:06 [vite] dist/_astro/hao-shaw-G4SOKpR-Uoc-unsplash-1-768x512-1.CD8SYaCo.jpg                                                                                                                                               49.22 kB
16:39:06 [vite] dist/_astro/implants.FTeBMdbW.jpg                                                                                                                                                                                49.58 kB
16:39:06 [vite] dist/_astro/Tooth-ache.DVfBhUxd.jpg                                                                                                                                                                              50.06 kB
16:39:06 [vite] dist/_astro/shutterstock_1404252305-1.46p2VxHI.jpeg                                                                                                                                                              50.19 kB
16:39:06 [vite] dist/_astro/shutterstock_616331219-1.HXDecGlT.jpg                                                                                                                                                                50.32 kB
16:39:06 [vite] dist/_astro/shutterstock_1093014014-1.CzaEaEqQ.jpg                                                                                                                                                               50.50 kB
16:39:06 [vite] dist/_astro/shutterstock_1514580746-1.BQFTu26H.jpg                                                                                                                                                               50.70 kB
16:39:06 [vite] dist/_astro/closeup-photography-of-woman-smiling-1.ZNkxOzN-.jpg                                                                                                                                                  51.50 kB
16:39:06 [vite] dist/_astro/shutterstock_1941500632-1.k5y6kzF9.jpeg                                                                                                                                                              52.02 kB
16:39:06 [vite] dist/_astro/s-b-vonlanthen-FaiZNiofP-U-unsplash-1-768x513-1.0g7g2daq.jpg                                                                                                                                         52.44 kB
16:39:06 [vite] dist/_astro/umanoide-KeVKEs1_RDU-unsplash-1-705x529-1.jiBMsBLK.jpg                                                                                                                                               53.04 kB
16:39:06 [vite] dist/_astro/shutterstock_231558334-1.CF5coeIl.jpg                                                                                                                                                                54.01 kB
16:39:06 [vite] dist/_astro/Trismus.Do_gnc2W.jpg                                                                                                                                                                                 54.06 kB
16:39:06 [vite] dist/_astro/shutterstock_566451454-1.xP-9Og7F.jpeg                                                                                                                                                               54.59 kB
16:39:06 [vite] dist/_astro/shutterstock_1527451409-1.CGzpnWsk.jpg                                                                                                                                                               54.90 kB
16:39:06 [vite] dist/_astro/white-spot.DSAydc9w.jpg                                                                                                                                                                              54.91 kB
16:39:06 [vite] dist/_astro/shutterstock_252392584-1.D87yZd8z.jpg                                                                                                                                                                55.30 kB
16:39:06 [vite] dist/_astro/charcoal-teethbrushing-1.BLNvxxC9.jpg                                                                                                                                                                55.39 kB
16:39:06 [vite] dist/_astro/austin-invisalign-1.Bw_8VRI4.jpg                                                                                                                                                                     55.66 kB
16:39:06 [vite] dist/_astro/shutterstock_1054704908-1.s-rBAGns.jpg                                                                                                                                                               55.67 kB
16:39:06 [vite] dist/_astro/what-type-of-sedation-is-right-for-me.BaU0jAe4.jpg                                                                                                                                                   56.03 kB
16:39:06 [vite] dist/_astro/shutterstock_1284302962-1.Cis1EWG8.jpg                                                                                                                                                               56.26 kB
16:39:06 [vite] dist/_astro/what-can-happen-if-i-dont-floss-my-teeth-properly.Bylpfbx3.jpg                                                                                                                                       56.36 kB
16:39:06 [vite] dist/_astro/placing-invisalign.pUL__mc2.jpg                                                                                                                                                                      56.48 kB
16:39:06 [vite] dist/_astro/toothbrushing-1.h50CIplH.jpg                                                                                                                                                                         56.49 kB
16:39:06 [vite] dist/_astro/shutterstock_1892166514-1.DXRRmIh_.jpg                                                                                                                                                               56.86 kB
16:39:06 [vite] dist/_astro/adcrookedteeth-1.DvQ30oCA.jpg                                                                                                                                                                        57.12 kB
16:39:06 [vite] dist/_astro/Is-periodontal-disease-contagious.DwP8qmat.jpg                                                                                                                                                       57.43 kB
16:39:06 [vite] dist/_astro/dental-implant-toothbar-1.B_gJvn2h.jpg                                                                                                                                                               57.46 kB
16:39:06 [vite] dist/_astro/white-teeth-austin-G.BIE8umCM.jpg                                                                                                                                                                    57.83 kB
16:39:06 [vite] dist/_astro/what-to-do-when-you-lose-a-tooth.C-Bc8cCv.jpg                                                                                                                                                        57.90 kB
16:39:06 [vite] dist/_astro/shutterstock_1290948973-1.CHNM-QHG.jpeg                                                                                                                                                              58.42 kB
16:39:06 [vite] dist/_astro/restorativedentistryimage-1.D_3pzGJA.jpg                                                                                                                                                             58.67 kB
16:39:06 [vite] dist/_astro/is-cosmetic-dentistry-permanent.C1un-7el.jpg                                                                                                                                                         58.89 kB
16:39:06 [vite] dist/_astro/shutterstock_554660845-1.Dy78ttkq.jpg                                                                                                                                                                60.89 kB
16:39:06 [vite] dist/_astro/Professional-teeth-whitening.BK4RJNRy.jpg                                                                                                                                                            61.15 kB
16:39:06 [vite] dist/_astro/shutterstock_520962286-1.Bd2mm7hw.jpg                                                                                                                                                                61.20 kB
16:39:06 [vite] dist/_astro/edited-MobileThirdImage.Bu9zxuk0.jpg                                                                                                                                                                 61.25 kB
16:39:06 [vite] dist/_astro/shutterstock_1019069908-1.Dlv3iMTV.jpg                                                                                                                                                               61.34 kB
16:39:06 [vite] dist/_astro/Spoon-Of-Coconut-Oil-1.Bz4c2X6e.jpeg                                                                                                                                                                 61.49 kB
16:39:06 [vite] dist/_astro/shutterstock_757893178-1.D8YTWDqe.jpeg                                                                                                                                                               61.59 kB
16:39:06 [vite] dist/_astro/Cosmetic-Dentistry-Market.C9gc_OCD.jpg                                                                                                                                                               61.80 kB
16:39:06 [vite] dist/_astro/healthygums-1.BZyH2woA.jpg                                                                                                                                                                           61.83 kB
16:39:06 [vite] dist/_astro/invisalignbraces.DzATL4pE.jpg                                                                                                                                                                        62.11 kB
16:39:06 [vite] dist/_astro/shutterstock_647794081-1.eE60eqpH.jpg                                                                                                                                                                62.99 kB
16:39:06 [vite] dist/_astro/shutterstock_1256701261-1.BZMLbEFZ.jpg                                                                                                                                                               63.39 kB
16:39:06 [vite] dist/_astro/teeth-bonding-1.TfNnR7Ok.jpg                                                                                                                                                                         64.29 kB
16:39:06 [vite] dist/_astro/shutterstock_371279323-1.D8DOBlY0.jpg                                                                                                                                                                65.41 kB
16:39:06 [vite] dist/_astro/laser-teeth-whitening-1.Dd0N_uuG.jpg                                                                                                                                                                 65.77 kB
16:39:06 [vite] dist/_astro/lock-jaw-1.WBzTnJAl.jpg                                                                                                                                                                              66.04 kB
16:39:06 [vite] dist/_astro/preventive-dentist1-1.DGs-xQI6.jpg                                                                                                                                                                   67.40 kB
16:39:06 [vite] dist/_astro/teethbrushing-1.DM-2flb9.jpg                                                                                                                                                                         67.94 kB
16:39:06 [vite] dist/_astro/zahnreinigung_dental_repairs_treat_teeth_brushing_teeth_catching_teeth_dentist_dental_instruments_dentist_equipment-579991.DR0-94sp.jpg                                                              68.27 kB
16:39:06 [vite] dist/_astro/shutterstock_1504845494-1.DeRJl3K6.jpeg                                                                                                                                                              68.43 kB
16:39:06 [vite] dist/_astro/dentistcavities-G.CzNzrt66.jpg                                                                                                                                                                       68.55 kB
16:39:06 [vite] dist/_astro/Invisalign-1-Small-1024x684.DjVt8Mrk.jpg                                                                                                                                                             69.18 kB
16:39:06 [vite] dist/_astro/107504097_603403186973724_2262707603960157141_o.CjIsXvzp.jpg                                                                                                                                         69.70 kB
16:39:06 [vite] dist/_astro/shutterstock_722601751-1.BeuNxsvE.jpeg                                                                                                                                                               69.87 kB
16:39:06 [vite] dist/_astro/gumabsess-1.CkUL0lKN.jpg                                                                                                                                                                             70.58 kB
16:39:06 [vite] dist/_astro/loosetoothadult-1.DH7d-mxM.jpg                                                                                                                                                                       71.33 kB
16:39:06 [vite] dist/_astro/veneere-1.jO8KeDvC.jpg                                                                                                                                                                               71.43 kB
16:39:06 [vite] dist/_astro/Invisalignok.sPmDq1SX.jpg                                                                                                                                                                            71.66 kB
16:39:06 [vite] dist/_astro/shutterstock_1050606914-1.ChmK_epv.jpeg                                                                                                                                                              72.87 kB
16:39:06 [vite] dist/_astro/shutterstock_462323689-1.9e_MmBIv.jpeg                                                                                                                                                               73.03 kB
16:39:06 [vite] dist/_astro/Dentures-1.C-uw-GQk.jpg                                                                                                                                                                              73.51 kB
16:39:06 [vite] dist/_astro/how-do-teeth-whitening-strips-work.CS-UeXiK.jpg                                                                                                                                                      74.59 kB
16:39:06 [vite] dist/_astro/shutterstock_1401918893-1.CFhnGbx-.jpg                                                                                                                                                               76.16 kB
16:39:06 [vite] dist/_astro/natural-dental-care.DuEl_CR2.jpg                                                                                                                                                                     78.01 kB
16:39:06 [vite] dist/_astro/Job-interview.hMF9NZDg.jpg                                                                                                                                                                           78.33 kB
16:39:06 [vite] dist/_astro/69041b_6c1cfa257729450598a0d2c7139820b9mv2_d_1920_1279_s_2.CFx35BCv.webp                                                                                                                             79.14 kB
16:39:06 [vite] dist/_astro/Screen-Shot-2018-12-28-at-1.07.33-PM.C4q_b7pT.png                                                                                                                                                    84.98 kB
16:39:06 [vite] dist/_astro/teethwhiteningGeio.Dd-BsjBu.jpg                                                                                                                                                                      85.33 kB
16:39:06 [vite] dist/_astro/periodontitis.HtI9zdHV.jpg                                                                                                                                                                           85.41 kB
16:39:06 [vite] dist/_astro/shutterstock_1276642348-1.DNbzhfuf.jpg                                                                                                                                                               85.57 kB
16:39:06 [vite] dist/_astro/306283610_1074853769828661_499037235804106975_n.obiTnlIu.jpeg                                                                                                                                        85.95 kB
16:39:06 [vite] dist/_astro/texas-smile-.DYA0O7YD.jpg                                                                                                                                                                            86.45 kB
16:39:06 [vite] dist/_astro/Toothpicks.C1KZda4Y.jpg                                                                                                                                                                              87.04 kB
16:39:06 [vite] dist/_astro/poor-dental-health-lead-to-liver-cancer-1.KYATHU1q.jpg                                                                                                                                               90.71 kB
16:39:06 [vite] dist/_astro/Travel-Tips-for-Your-Teeth-1.luRuikr8.jpg                                                                                                                                                            92.32 kB
16:39:06 [vite] dist/_astro/shutterstock_1307669605-1.BaZJh5PU.jpg                                                                                                                                                               93.64 kB
16:39:06 [vite] dist/_astro/shutterstock_1058754506-1.B7BKXzs1.jpg                                                                                                                                                               98.65 kB
16:39:06 [vite] dist/_astro/69041b_70eb4c4cb10946a49822bf65a443d3d1mv2.jKlrwF30.webp                                                                                                                                            101.57 kB
16:39:06 [vite] dist/_astro/49706630_304673416846704_8429231802140327936_o-846x529-1.DOi2F681.jpeg                                                                                                                              105.27 kB
16:39:06 [vite] dist/_astro/sunset.DuRdBenu.jpg                                                                                                                                                                                 107.58 kB
16:39:06 [vite] dist/_astro/cosmetic-dentistry-austin.vbLrmiq-.jpg                                                                                                                                                              110.38 kB
16:39:06 [vite] dist/_astro/braces-and-floss-1.DbNOWBW9.jpg                                                                                                                                                                     117.06 kB
16:39:06 [vite] dist/_astro/shutterstock_1515575510.CZM8YFHf.jpeg                                                                                                                                                               119.71 kB
16:39:06 [vite] dist/_astro/69041b_28c5595ed3114ebda3bbd15f55fde240mv2_d_1920_1279_s_2.qbF8rKlx.webp                                                                                                                            127.88 kB
16:39:06 [vite] dist/_astro/iStock-609685270.BDYbo86i.jpg                                                                                                                                                                       134.04 kB
16:39:06 [vite] dist/_astro/matthew-poetker-nWZs_SnBDmg-unsplash-1-scaled-1.Wkyh28ZO.jpg                                                                                                                                        137.58 kB
16:39:06 [vite] dist/_astro/Screen-Shot-2018-12-10-at-12.21.14-PM.Ck7Vwpd7.png                                                                                                                                                  137.81 kB
16:39:06 [vite] dist/_astro/shutterstock_1810201546.CV0o4Yxa.jpg                                                                                                                                                                139.66 kB
16:39:06 [vite] dist/_astro/shutterstock_1706287213-1.DNmbUO7k.jpg                                                                                                                                                              145.32 kB
16:39:06 [vite] dist/_astro/AdobeStock_541244802.BS7Q-vUW.jpg                                                                                                                                                                   157.02 kB
16:39:06 [vite] dist/_astro/332485478_2418394121649217_3408524559894985687_n.Do3vyL5R.jpg                                                                                                                                       161.03 kB
16:39:06 [vite] dist/_astro/girl-smiling-choosing-veneers.C0O1d64S.jpeg                                                                                                                                                         163.13 kB
16:39:06 [vite] dist/_astro/shutterstock_773757976.DqVAbfMp.jpg                                                                                                                                                                 165.25 kB
16:39:06 [vite] dist/_astro/teeth-denture-on-top-of-blue-shelf-scaled.BQbGHbTl.jpg                                                                                                                                              168.72 kB
16:39:06 [vite] dist/_astro/spatablet.BPfBZXyG.jpg                                                                                                                                                                              172.90 kB
16:39:06 [vite] dist/_astro/woman-choosing-veneers.mz1AWJCW.jpeg                                                                                                                                                                173.32 kB
16:39:06 [vite] dist/_astro/shutterstock_1538855759.luy1QITA.jpg                                                                                                                                                                177.46 kB
16:39:06 [vite] dist/_astro/shutterstock_1662297199.BsuU8zhi.jpg                                                                                                                                                                184.15 kB
16:39:06 [vite] dist/_astro/shutterstock_285790634.CRT9yE-w.jpeg                                                                                                                                                                202.82 kB
16:39:06 [vite] dist/_astro/toothbar_ShareImage_B.DKeZGxgm.png                                                                                                                                                                  227.50 kB
16:39:06 [vite] dist/_astro/h-shaw-5LcgjahE0vo-unsplash-1-scaled-1.D8DqMUQu.jpg                                                                                                                                                 259.35 kB
16:39:06 [vite] dist/_astro/daniel-frank-wKbWAMlHgNo-unsplash-1-scaled-1.BIJPweHJ.jpg                                                                                                                                           267.54 kB
16:39:06 [vite] dist/_astro/scared-blond-woman-biting-nails-fingers-panic-afraid-something-scary-trembling-from-fear-while-standing-anxious-against-white-wall.DgGR5sJz.jpg                                                     278.23 kB
16:39:06 [vite] dist/_astro/Missing-Teeth-1-scaled.B4J-j1kf.jpg                                                                                                                                                                 284.17 kB
16:39:06 [vite] dist/_astro/pexels-shiny-diamond-3762453-1-scaled-1.BilK3WD_.jpg                                                                                                                                                286.18 kB
16:39:06 [vite] dist/_astro/sheep.3ubwki29.jpg                                                                                                                                                                                  292.74 kB
16:39:06 [vite] dist/_astro/Invisalign-1-Small-scaled.CPR6q4pU.jpg                                                                                                                                                              297.50 kB
16:39:06 [vite] dist/_astro/woman-smiles-broadly-points-her-perfect-even-teeth-indicates-corners-lips-looks-away-wears-casual-blue-jumper-isolated-white-with-blank-copy-space.Bme_aEMP.jpg                                     297.64 kB
16:39:06 [vite] dist/_astro/female-dentist-is-installing-patient-s-mouth-device-making-molded-tooth.CnNo74CM.jpg                                                                                                                300.94 kB
16:39:06 [vite] dist/_astro/young-man-feeling-sick-holding-his-chest-pain-while-drinking-tea-living-room.DD-iatK2.jpg                                                                                                           319.02 kB
16:39:06 [vite] dist/_astro/Dental-Plaque-scaled.B726-XVU.jpg                                                                                                                                                                   339.96 kB
16:39:06 [vite] dist/_astro/luis-machado-nCGl8FrGHb0-unsplash-1-scaled-1.mRSuwKb5.jpg                                                                                                                                           348.71 kB
16:39:06 [vite] dist/_astro/dental-implants-surgery-concept-pen-tool-created-clipping-path-included-jpeg-easy-composite.CFR66Hja.jpg                                                                                            356.59 kB
16:39:06 [vite] dist/_astro/quiet-street.XSHPHwVz.jpg                                                                                                                                                                           361.95 kB
16:39:06 [vite] dist/_astro/care-chair-clean-305568-scaled.D6xaq-Zw.jpg                                                                                                                                                         365.17 kB
16:39:06 [vite] dist/_astro/shutterstock_1437249140.60ySkdVK.jpg                                                                                                                                                                384.43 kB
16:39:06 [vite] dist/_astro/young-girl-with-bruxism.BdWzo013.jpeg                                                                                                                                                               391.50 kB
16:39:06 [vite] dist/_astro/castle.Cb20OytX.jpg                                                                                                                                                                                 392.29 kB
16:39:06 [vite] dist/_astro/shutterstock_660478255.DcK62t_r.jpg                                                                                                                                                                 455.89 kB
16:39:06 [vite] dist/_astro/baylee-gramling-OTTKWktB8zU-unsplash-1-scaled.DUVM1T_N.jpg                                                                                                                                          460.03 kB
16:39:06 [vite] dist/_astro/49602.SNNI-Q57.jpg                                                                                                                                                                                  472.51 kB
16:39:06 [vite] dist/_astro/shutterstock_162886907.BjR3L63N.jpg                                                                                                                                                                 480.72 kB
16:39:06 [vite] dist/_astro/shutterstock_1224151894.CWpwefbE.jpg                                                                                                                                                                499.96 kB
16:39:06 [vite] dist/_astro/shutterstock_1229852500.BrLeKFGR.jpg                                                                                                                                                                506.07 kB
16:39:06 [vite] dist/_astro/shutterstock_1530279239.Crbu0Of1.jpg                                                                                                                                                                515.17 kB
16:39:06 [vite] dist/_astro/gum-and-braces.DO3lgAHq.jpg                                                                                                                                                                         542.25 kB
16:39:06 [vite] dist/_astro/beautiful-happy-fair-haired-european-woman-points-index-fingers-mouth-forces-cheerful-smile-shows-perfect-white-teeth-wears-green-jumper-being-good-mood-isolated-purple-background.Cebq-SwG.jpg    550.81 kB
16:39:06 [vite] dist/_astro/problemas-dentales-hombre-revisando-sus-dientes-mirando-perturbado.B-NSJqPi.jpg                                                                                                                     551.43 kB
16:39:06 [vite] dist/_astro/web-home-slider-986x493-1.DpJVdMcO.png                                                                                                                                                              559.03 kB
16:39:06 [vite] dist/_astro/shutterstock_1718366740-2.v7RsUidM.jpg                                                                                                                                                              559.41 kB
16:39:06 [vite] dist/_astro/shutterstock_1718366740.B-fkAQU5.jpg                                                                                                                                                                559.61 kB
16:39:06 [vite] dist/_astro/extreme-close-up-mixed-race-handsome-man-has-trendy-hairdo-smiles-pleasantly-blinks-eye.KJNogYu9.jpg                                                                                                583.80 kB
16:39:06 [vite] dist/_astro/shutterstock_616331219.Bv2JUpaO.jpg                                                                                                                                                                 592.50 kB
16:39:06 [vite] dist/_astro/2858.qoo5V0oN.jpg                                                                                                                                                                                   597.73 kB
16:39:06 [vite] dist/_astro/shutterstock_1448097926.00p3LtfA.jpg                                                                                                                                                                630.56 kB
16:39:06 [vite] dist/_astro/chica-sintiendo-dolor-muelas-haciendo-muecas-dolor-mientras-muerde-manzana-verde.DKsEjpdJ.jpg                                                                                                       631.08 kB
16:39:06 [vite] dist/_astro/dunedin-cliff.txhlGVUZ.jpg                                                                                                                                                                          641.96 kB
16:39:06 [vite] dist/_astro/paciente-femenino-sonriendo-clinica.Chd8lV4O.jpg                                                                                                                                                    730.53 kB
16:39:06 [vite] dist/_astro/65410.O02aQvth.jpg                                                                                                                                                                                  738.13 kB
16:39:06 [vite] dist/_astro/maria-lysenko-KbIZwj8d3Bo-unsplash-1-scaled-1.DJO7_4vN.jpg                                                                                                                                          779.18 kB
16:39:06 [vite] dist/_astro/dentist-assisting-patient-wear-invisible-braces.nM-aRh9C.jpg                                                                                                                                        833.26 kB
16:39:06 [vite] dist/_astro/close-up-portrait-cute-kid-gray-pajamas-brushing-her-teeth.k4plXwGd.jpg                                                                                                                             837.60 kB
16:39:06 [vite] dist/_astro/66485.C98K1vnF.jpg                                                                                                                                                                                  839.45 kB
16:39:06 [vite] dist/_astro/cerrar-cliente-feliz-clinica-dental.BxcEL7G7.jpg                                                                                                                                                    888.91 kB
16:39:06 [vite] dist/_astro/18598.azwWK2ji.jpg                                                                                                                                                                                  894.83 kB
16:39:06 [vite] dist/_astro/shocked-young-caucasian-woman-puts-hands-mouth.B4CTk5VF.jpg                                                                                                                                         900.56 kB
16:39:06 [vite] dist/_astro/dentist-examining-female-patient-with-teeth-shades.zS7PqwaZ.jpg                                                                                                                                     909.56 kB
16:39:06 [vite] dist/_astro/29272.DsDhBZ7X.jpg                                                                                                                                                                                  910.09 kB
16:39:06 [vite] dist/_astro/young-female-patient-visiting-dentist-office.BqOGQIbl.jpg                                                                                                                                           945.64 kB
16:39:06 [vite] dist/_astro/foto-dentista-sonriente-pie-brazos-cruzados-su-colega-mostrando-signo-bien.D1HG_DZN.jpg                                                                                                             960.36 kB
16:39:06 [vite] dist/_astro/2149085891.zrelcexE.jpg                                                                                                                                                                           1,001.73 kB
16:39:06 [vite] dist/_astro/aching-young-pretty-girl-touching-cheek-suffering-from-toothache.Bef5DCps.jpg                                                                                                                     1,025.25 kB
16:39:06 [vite] dist/_astro/young-woman-covering-her-mouth-with-hand-gray-background.NUE3yi3i.jpg                                                                                                                             1,050.92 kB
16:39:06 [vite] dist/_astro/2149195934.K4PmhIvU.jpg                                                                                                                                                                           1,070.87 kB
16:39:06 [vite] dist/_astro/portrait-man-with-toothache-grimacing-from-pain-touching-cheek-standing-against-blue-background.CSe5Uo9i.jpg                                                                                      1,101.66 kB
16:39:06 [vite] dist/_astro/40926.sqr5qYQ5.jpg                                                                                                                                                                                1,112.26 kB
16:39:06 [vite] dist/_astro/dentist-doing-check-up-patient.DMKC7kq6.jpg                                                                                                                                                       1,270.85 kB
16:39:06 [vite] dist/_astro/headshot-glad-woman-laughs-smiles-broadly.1jJ2XEcX.jpg                                                                                                                                            1,361.81 kB
16:39:06 [vite] dist/_astro/toothbrush-composition.3MEH1Hfh.jpg                                                                                                                                                               1,792.48 kB
16:39:06 [vite] dist/_astro/BaseLayout.astro_astro_type_script_index_0_lang.Rt1CgKUk.js                                                                                                                                           0.07 kB │ gzip:   0.09 kB
16:39:06 [vite] dist/_astro/BaseLayout.astro_astro_type_script_index_1_lang.mpUKXtIh.js                                                                                                                                           1.16 kB │ gzip:   0.69 kB
16:39:06 [vite] dist/_astro/LibraryLayout.astro_astro_type_script_index_0_lang.CXkZ2eDX.js                                                                                                                                       17.06 kB │ gzip:   5.07 kB
16:39:06 [vite] dist/_astro/Carousel.astro_astro_type_script_index_0_lang.Cwd3VSdV.js                                                                                                                                            27.11 kB │ gzip:  10.34 kB
16:39:06 [vite] dist/_astro/live-editing.DRXRmUQN.js                                                                                                                                                                          1,380.81 kB │ gzip: 378.53 kB
16:39:06 [WARN] [vite] 
(!) Some chunks are larger than 500 kB after minification. Consider:
- Using dynamic import() to code-split the application
- Use build.rollupOptions.output.manualChunks to improve chunking: https://rollupjs.org/configuration-options/#output-manualchunks
- Adjust chunk size limit for this warning via build.chunkSizeWarningLimit.
16:39:06 [vite] ✓ built in 36.37s

 generating static routes 
16:39:07 ▶ src/pages/[...slug].astro
16:39:08   ├─ /contact/index.html (+384ms) 
16:39:08   ├─ /crowns-and-bridges/index.html (+93ms) 
16:39:08   ├─ /dental-bonding/index.html (+62ms) 
16:39:08   ├─ /digital-imaging/index.html (+60ms) 
16:39:08   ├─ /cavities-fillings/index.html (+59ms) 
16:39:08   ├─ /dental-implants/index.html (+56ms) 
16:39:08   ├─ /dental-veneers/index.html (+69ms) 
16:39:08   ├─ /dr-andrea-bakke/index.html (+52ms) 
16:39:08   ├─ /dr-danielle-gibbons/index.html (+72ms) 
16:39:09   ├─ /express-dental-services/index.html (+64ms) 
16:39:09   ├─ /dr-kimberly-barclay/index.html (+66ms) 
16:39:09   ├─ /helpful-tips-documents/index.html (+103ms) 
16:39:09   ├─ /dr-lauren-jacobsen/index.html (+56ms) 
16:39:09   ├─ /dr-rachel-morren/index.html (+67ms) 
16:39:09   ├─ /invisalign/index.html (+57ms) 
16:39:09   ├─ /jaw-botox/index.html (+61ms) 
16:39:09   ├─ /new-patients/index.html (+43ms) 
16:39:09   ├─ /nitrous-sedation/index.html (+40ms) 
16:39:09   ├─ /index.html (+81ms) 
16:39:09   ├─ /partial-dentures/index.html (+48ms) 
16:39:09   ├─ /search/index.html (+85ms) 
16:39:09   ├─ /teeth-whitening/index.html (+55ms) 
16:39:09   ├─ /smile-makeover/index.html (+55ms) 
16:39:09   ├─ /who-we-are/index.html (+76ms) 
16:39:09   ├─ /teeth-cleaning/index.html (+61ms) 
16:39:10   └─ /tooth-extractions/index.html (+36ms) 
16:39:10 ▶ src/pages/blog/[...page].astro
16:39:10   ├─ /blog/index.html (+365ms) 
16:39:10   ├─ /blog/2/index.html (+200ms) 
16:39:10   ├─ /blog/3/index.html (+203ms) 
16:39:10   ├─ /blog/4/index.html (+351ms) 
16:39:11   ├─ /blog/5/index.html (+342ms) 
16:39:11   ├─ /blog/6/index.html (+228ms) 
16:39:11   ├─ /blog/7/index.html (+137ms) 
16:39:11   ├─ /blog/8/index.html (+149ms) 
16:39:12   ├─ /blog/9/index.html (+155ms) 
16:39:12   ├─ /blog/10/index.html (+146ms) 
16:39:12   ├─ /blog/11/index.html (+154ms) 
16:39:12   ├─ /blog/12/index.html (+136ms) 
16:39:12   ├─ /blog/13/index.html (+129ms) 
16:39:12   ├─ /blog/14/index.html (+139ms) 
16:39:12   ├─ /blog/15/index.html (+139ms) 
16:39:13   ├─ /blog/16/index.html (+134ms) 
16:39:13   ├─ /blog/17/index.html (+140ms) 
16:39:13   ├─ /blog/18/index.html (+142ms) 
16:39:13   ├─ /blog/19/index.html (+192ms) 
16:39:13   ├─ /blog/20/index.html (+233ms) 
16:39:13   ├─ /blog/21/index.html (+165ms) 
16:39:14   ├─ /blog/22/index.html (+147ms) 
16:39:14   ├─ /blog/23/index.html (+136ms) 
16:39:14   ├─ /blog/24/index.html (+131ms) 
16:39:14   ├─ /blog/25/index.html (+139ms) 
16:39:14   ├─ /blog/26/index.html (+135ms) 
16:39:14   └─ /blog/27/index.html (+96ms) 
16:39:14 ▶ src/pages/blog/[...slug].astro
16:39:14   ├─ /blog/4-tips-to-take-care-of-your-braces/index.html (+64ms) 
16:39:14   ├─ /blog/4-reasons-to-visit-your-dentist-regularly/index.html (+58ms) 
16:39:15   ├─ /blog/4-side-effects-veneers/index.html (+71ms) 
16:39:15   ├─ /blog/7-ways-to-stop-grinding-your-teeth/index.html (+58ms) 
16:39:15   ├─ /blog/5-effective-dental-health-tips-for-kids/index.html (+53ms) 
16:39:15   ├─ /blog/5-reasons-to-improve-your-smile/index.html (+63ms) 
16:39:15   ├─ /blog/acid-reflux-tooth-health/index.html (+44ms) 
16:39:15   ├─ /blog/a-woman-having-trouble-deciding-on-dental-treatment/index.html (+47ms) 
16:39:15   ├─ /blog/a-must-read-article-before-getting-botox-for-jaw-clenching/index.html (+59ms) 
16:39:15   ├─ /blog/advantages-of-digital-imaging/index.html (+47ms) 
16:39:15   ├─ /blog/am-i-a-candidate-for-invisalign/index.html (+50ms) 
16:39:15   ├─ /blog/are-all-mouthwashes-the-same/index.html (+43ms) 
16:39:15   ├─ /blog/are-dental-implants-painful/index.html (+62ms) 
16:39:15   ├─ /blog/are-teeth-implants-safe/index.html (+82ms) 
16:39:15   ├─ /blog/bad-breath-behind-your-mask/index.html (+75ms) 
16:39:15   ├─ /blog/are-veneers-worth-it/index.html (+63ms) 
16:39:15   ├─ /blog/beautiful-smiles-depend-healthy-gums/index.html (+43ms) 
16:39:15   ├─ /blog/benefits-implants-tooth-restoration/index.html (+45ms) 
16:39:15   ├─ /blog/benefits-of-flossing-your-teeth/index.html (+62ms) 
16:39:16   ├─ /blog/benefits-of-dental-spa/index.html (+85ms) 
16:39:16   ├─ /blog/benefits-of-invisalign-vs-braces/index.html (+55ms) 
16:39:16   ├─ /blog/benefits-of-jaw-botox/index.html (+63ms) 
16:39:16   ├─ /blog/benefits-of-having-whiter-teeth/index.html (+73ms) 
16:39:16   ├─ /blog/best-brushing-habits/index.html (+54ms) 
16:39:16   ├─ /blog/burning-mouth/index.html (+46ms) 
16:39:16   ├─ /blog/bonding-vs-gum-grafting/index.html (+49ms) 
16:39:16   ├─ /blog/benefits-of-porcelain-veneers/index.html (+50ms) 
16:39:16   ├─ /blog/can-i-switch-from-dentures-to-dental-implants/index.html (+53ms) 
16:39:16   ├─ /blog/causes-and-symptoms-of-gum-disease/index.html (+50ms) 
16:39:16   ├─ /blog/can-teeth-whitening-damage-gums/index.html (+66ms) 
16:39:16   ├─ /blog/cavity-detection-options/index.html (+45ms) 
16:39:16   ├─ /blog/causes-of-white-spots-on-teeth/index.html (+47ms) 
16:39:16   ├─ /blog/causes-and-treatments-for-tmj/index.html (+54ms) 
16:39:16   ├─ /blog/causes-treatment-and-prevention-of-toothaches/index.html (+41ms) 
16:39:16   ├─ /blog/cheap-ways-to-straigthen-your-teeth/index.html (+52ms) 
16:39:16   ├─ /blog/cheapest-way-to-straighten-teeth/index.html (+46ms) 
16:39:16   ├─ /blog/change-the-shape-of-your-gums/index.html (+56ms) 
16:39:16   ├─ /blog/change-your-toothbrush/index.html (+64ms) 
16:39:17   ├─ /blog/color-braces-to-make-teeth-look-white/index.html (+49ms) 
16:39:17   ├─ /blog/clean-and-care-for-invisalign/index.html (+46ms) 
16:39:17   ├─ /blog/common-oral-health-ailments-treatments/index.html (+54ms) 
16:39:17   ├─ /blog/cosmetic-dentist-procedures-austin/index.html (+53ms) 
16:39:17   ├─ /blog/common-toothbrushing-mistakes-fix/index.html (+52ms) 
16:39:17   ├─ /blog/cosmetic-dentist-procedures/index.html (+48ms) 
16:39:17   ├─ /blog/dental-anxiety-in-austin-how-a-dental-lounge-experience-changes-everything/index.html (+52ms) 
16:39:17   ├─ /blog/dark-lines-around-my-crowns-and-veneers/index.html (+52ms) 
16:39:17   ├─ /blog/dental-care-and-pregnancy/index.html (+44ms) 
16:39:17   ├─ /blog/dental-cosmetic-bonding-service-in-austin-texas/index.html (+45ms) 
16:39:17   ├─ /blog/dental-implants-improve-facial-appearance/index.html (+45ms) 
16:39:17   ├─ /blog/dental-fads-to-avoid/index.html (+50ms) 
16:39:17   ├─ /blog/dental-problems-invisalign-austin/index.html (+52ms) 
16:39:17   ├─ /blog/dental-plaque/index.html (+58ms) 
16:39:17   ├─ /blog/dental-implants-permanent/index.html (+63ms) 
16:39:17   ├─ /blog/dental-routine-length/index.html (+70ms) 
16:39:17   ├─ /blog/difference-between-composite-and-porcelain-veneers/index.html (+216ms) 
16:39:18   ├─ /blog/different-cosmetic-dental-procedures/index.html (+44ms) 
16:39:18   ├─ /blog/difference-between-veneers/index.html (+41ms) 
16:39:18   ├─ /blog/difference-between-composite-porcelain-veneers/index.html (+42ms) 
16:39:18   ├─ /blog/do-veneers-last-forever/index.html (+48ms) 
16:39:18   ├─ /blog/different-services-we-provide/index.html (+47ms) 
16:39:18   ├─ /blog/do-you-need-a-night-guard/index.html (+45ms) 
16:39:18   ├─ /blog/do-your-teeth-change-as-you-age/index.html (+55ms) 
16:39:18   ├─ /blog/does-teeth-whitening-damage-your-teeth/index.html (+41ms) 
16:39:18   ├─ /blog/does-invisalign-hurt/index.html (+43ms) 
16:39:18   ├─ /blog/does-teeth-whitening-hurt/index.html (+41ms) 
16:39:18   ├─ /blog/does-whitening-toothpaste-work/index.html (+43ms) 
16:39:18   ├─ /blog/dont-skip-your-next-dental-visit/index.html (+46ms) 
16:39:18   ├─ /blog/dont-replace-a-missing-tooth/index.html (+45ms) 
16:39:18   ├─ /blog/easy-oral-care-tips-for-kids/index.html (+45ms) 
16:39:18   ├─ /blog/eating-with-braces/index.html (+52ms) 
16:39:18   ├─ /blog/eight-things-didnt-know-about-teeth/index.html (+39ms) 
16:39:18   ├─ /blog/effects-leaving-cavities-untreated/index.html (+40ms) 
16:39:18   ├─ /blog/electric-vs-regular-toothbrush/index.html (+40ms) 
16:39:18   ├─ /blog/enjoy-your-invisalign-experience/index.html (+41ms) 
16:39:18   ├─ /blog/everything-about-dental-caries/index.html (+53ms) 
16:39:18   ├─ /blog/express-teeth-whitening/index.html (+46ms) 
16:39:19   ├─ /blog/five-tips-children-dental-habits/index.html (+45ms) 
16:39:19   ├─ /blog/five-tips-good-healthy-oral-hygiene/index.html (+49ms) 
16:39:19   ├─ /blog/five-types-of-cosmetic-dentistry/index.html (+37ms) 
16:39:19   ├─ /blog/floss-teeth-properly/index.html (+36ms) 
16:39:19   ├─ /blog/getting-rid-of-bad-breath-how-do-you-do-it/index.html (+39ms) 
16:39:19   ├─ /blog/gum-lift-surgery-reshaping-a-receding-gumline/index.html (+36ms) 
16:39:19   ├─ /blog/gum-contouring-results/index.html (+45ms) 
16:39:19   ├─ /blog/getting-a-dental-check-up/index.html (+44ms) 
16:39:19   ├─ /blog/home-whitening-vs-in-office-whitening/index.html (+42ms) 
16:39:19   ├─ /blog/halitosis-bad-breath-causes/index.html (+49ms) 
16:39:19   ├─ /blog/how-are-teeth-implants-done/index.html (+36ms) 
16:39:19   ├─ /blog/how-cosmetic-dentistry-can-improve-your-smile/index.html (+37ms) 
16:39:19   ├─ /blog/how-dental-crowns-work/index.html (+36ms) 
16:39:19   ├─ /blog/how-dental-implants-work/index.html (+42ms) 
16:39:19   ├─ /blog/how-do-teeth-whitening-strips-work/index.html (+46ms) 
16:39:19   ├─ /blog/how-does-invisalign-move-teeth/index.html (+46ms) 
16:39:19   ├─ /blog/how-good-can-modern-dentures-look/index.html (+48ms) 
16:39:19   ├─ /blog/how-jaw-botox-helps-with-tmj/index.html (+53ms) 
16:39:19   ├─ /blog/how-long-after-wisdom-teeth-removal-can-i-get-a-dental-cleaning/index.html (+40ms) 
16:39:19   ├─ /blog/how-long-do-porcelain-veneers-last/index.html (+40ms) 
16:39:19   ├─ /blog/how-long-can-a-dental-bridge-last/index.html (+39ms) 
16:39:19   ├─ /blog/how-long-does-a-cavity-filling-take/index.html (+37ms) 
16:39:19   ├─ /blog/how-long-does-a-teeth-cleaning-takes/index.html (+43ms) 
16:39:20   ├─ /blog/how-long-does-cosmetic-bonding-last/index.html (+46ms) 
16:39:20   ├─ /blog/how-long-does-dental-bonding-last/index.html (+53ms) 
16:39:20   ├─ /blog/how-long-does-professional-teeth-whitening-last/index.html (+54ms) 
16:39:20   ├─ /blog/how-long-does-invisalign-take/index.html (+37ms) 
16:39:20   ├─ /blog/how-often-should-you-get-your-teeth-cleaned/index.html (+42ms) 
16:39:20   ├─ /blog/how-prevent-tooth-decay/index.html (+40ms) 
16:39:20   ├─ /blog/how-many-teeth-kids-have/index.html (+38ms) 
16:39:20   ├─ /blog/how-often-should-you-change-your-toothbrush/index.html (+45ms) 
16:39:20   ├─ /blog/how-to-clean-invisalign/index.html (+46ms) 
16:39:20   ├─ /blog/how-professional-teeth-whitening-can-transform-your-smile-and-confidence-in-austin-tx/index.html (+47ms) 
16:39:20   ├─ /blog/how-to-fix-lock-jaw/index.html (+52ms) 
16:39:20   ├─ /blog/how-to-floss-with-braces/index.html (+50ms) 
16:39:20   ├─ /blog/how-to-get-help-with-dental-implants/index.html (+42ms) 
16:39:20   ├─ /blog/how-to-get-rid-of-stained-teeth/index.html (+40ms) 
16:39:20   ├─ /blog/how-to-know-if-youre-suffering-from-gum-disease/index.html (+43ms) 
16:39:20   ├─ /blog/how-to-maintain-dental-implants-austin/index.html (+41ms) 
16:39:20   ├─ /blog/how-to-keep-healthy-smiles-this-halloween/index.html (+43ms) 
16:39:20   ├─ /blog/how-to-pick-the-best-cosmetic-dentist-in-austin-tx/index.html (+44ms) 
16:39:20   ├─ /blog/how-to-reverse-gum-disease/index.html (+50ms) 
16:39:20   ├─ /blog/how-to-stop-grinding-teeth/index.html (+37ms) 
16:39:20   ├─ /blog/how-to-unlock-a-locked-jaw/index.html (+38ms) 
16:39:20   ├─ /blog/how-to-use-teeth-whitening-strips/index.html (+38ms) 
16:39:20   ├─ /blog/ignoring-painless-cracked-tooth/index.html (+37ms) 
16:39:21   ├─ /blog/i-dont-smoke-can-i-still-get-oral-cancer/index.html (+44ms) 
16:39:21   ├─ /blog/invisalign-after-braces/index.html (+46ms) 
16:39:21   ├─ /blog/is-coconut-oil-good-for-your-teeth/index.html (+42ms) 
16:39:21   ├─ /blog/invisalign-for-underbite/index.html (+150ms) 
16:39:21   ├─ /blog/is-cosmetic-dentistry-permanent/index.html (+49ms) 
16:39:21   ├─ /blog/is-invisalign-right-for-you/index.html (+37ms) 
16:39:21   ├─ /blog/is-it-painful-having-a-wisdom-tooth-removed/index.html (+36ms) 
16:39:21   ├─ /blog/is-lockjaw-a-dental-emergency/index.html (+52ms) 
16:39:21   ├─ /blog/is-periodontal-disease-contagious/index.html (+49ms) 
16:39:21   ├─ /blog/jaw-botox-in-austin-cosmetic-benefits-and-pain-relief-at-toothbar/index.html (+101ms) 
16:39:21   ├─ /blog/is-whitening-bad-for-your-teeth/index.html (+113ms) 
16:39:21   ├─ /blog/keeping-mouths-healthy-age/index.html (+73ms) 
16:39:21   ├─ /blog/keeping-your-childs-teeth-healthy/index.html (+45ms) 
16:39:21   ├─ /blog/keeping-your-gums-healthy-guide/index.html (+47ms) 
16:39:21   ├─ /blog/key-to-a-prettier-smile/index.html (+73ms) 
16:39:21   ├─ /blog/kids-teeth-care/index.html (+60ms) 
16:39:22   ├─ /blog/loose-tooth-simple-steps-save-smile/index.html (+59ms) 
16:39:22   ├─ /blog/life-of-porcelain-veneers/index.html (+47ms) 
16:39:22   ├─ /blog/lose-a-tooth/index.html (+44ms) 
16:39:22   ├─ /blog/main-causes-of-gum-recession/index.html (+53ms) 
16:39:22   ├─ /blog/most-common-causes-of-toothaches/index.html (+38ms) 
16:39:22   ├─ /blog/never-be-afraid-of-wearing-your-dentures/index.html (+37ms) 
16:39:22   ├─ /blog/natural-ways-keeping-gums-healthy/index.html (+38ms) 
16:39:22   ├─ /blog/periodontitis-and-its-symptoms/index.html (+37ms) 
16:39:22   ├─ /blog/poor-dental-health-lead-to-liver-cancer/index.html (+44ms) 
16:39:22   ├─ /blog/practice-sets-a-standard-for-innovation/index.html (+51ms) 
16:39:22   ├─ /blog/problems-caused-by-missing-teeth/index.html (+46ms) 
16:39:22   ├─ /blog/prevent-tooth-decay/index.html (+55ms) 
16:39:22   ├─ /blog/reasons-tooth-picking-is-bad-for-your-teeth/index.html (+37ms) 
16:39:22   ├─ /blog/reasons-why-brushing-your-tongue-is-important/index.html (+36ms) 
16:39:22   ├─ /blog/reduce-teeth-clenching-grinding/index.html (+37ms) 
16:39:22   ├─ /blog/replace-your-broken-or-missing-tooth/index.html (+36ms) 
16:39:22   ├─ /blog/replace-your-missing-teeth/index.html (+42ms) 
16:39:22   ├─ /blog/replacing-broken-crown-implant/index.html (+43ms) 
16:39:22   ├─ /blog/restorative-dentistry-practices-plan-for-them/index.html (+49ms) 
16:39:22   ├─ /blog/root-canal-treatments/index.html (+150ms) 
16:39:23   ├─ /blog/sensitive-teeth-do-hot-and-cold-bother-you/index.html (+160ms) 
16:39:23   ├─ /blog/signs-you-need-a-night-guard/index.html (+101ms) 
16:39:23   ├─ /blog/simple-ways-to-strengthen-your-teeth/index.html (+116ms) 
16:39:23   ├─ /blog/smile-makeover-chances-job-interviews/index.html (+70ms) 
16:39:23   ├─ /blog/smoking-and-getting-dental-implants/index.html (+71ms) 
16:39:23   ├─ /blog/snow-vs-professional-teeth-whitening/index.html (+66ms) 
16:39:23   ├─ /blog/straight-teeth-without-braces/index.html (+43ms) 
16:39:23   ├─ /blog/straighten-crooked-teeth-without-braces/index.html (+51ms) 
16:39:23   ├─ /blog/straighten-your-teeth-with-clear-aligners/index.html (+47ms) 
16:39:23   ├─ /blog/sudden-wisdom-tooth-pain-how-to-put-a-stop-to-it/index.html (+34ms) 
16:39:23   ├─ /blog/sudden-wisdom-toothpain/index.html (+33ms) 
16:39:23   ├─ /blog/symptoms-most-people-feel-who-need-a-root-canal/index.html (+35ms) 
16:39:23   ├─ /blog/symptoms-of-tmj-disorder/index.html (+39ms) 
16:39:23   ├─ /blog/teeth-grinding-due-pandemic-stress/index.html (+42ms) 
16:39:23   ├─ /blog/teeth-cleaning-last-longer/index.html (+39ms) 
16:39:23   ├─ /blog/teeth-whitening-for-children/index.html (+45ms) 
16:39:24   ├─ /blog/the-benefits-of-invisalign-with-toothbar/index.html (+36ms) 
16:39:24   ├─ /blog/the-connection-between-oral-health-overall-health-what-austin-dentists-want-you-to-know/index.html (+38ms) 
16:39:24   ├─ /blog/times-where-a-dental-inlay-is-the-best-option/index.html (+41ms) 
16:39:24   ├─ /blog/the-effects-of-smoking-on-your-teeth/index.html (+34ms) 
16:39:24   ├─ /blog/tips-to-know-when-travelling-with-invisalign/index.html (+42ms) 
16:39:24   ├─ /blog/tips-for-picking-the-right-toothpaste/index.html (+41ms) 
16:39:24   ├─ /blog/tonsil-stones-causes-symptoms-and-treatment/index.html (+40ms) 
16:39:24   ├─ /blog/tooth-mobility-and-tooth-loss/index.html (+56ms) 
16:39:24   ├─ /blog/tooth-abscess-go-away-on-its-own/index.html (+38ms) 
16:39:24   ├─ /blog/toothbar-wins-the-design-innovation-awards/index.html (+44ms) 
16:39:24   ├─ /blog/toothbar-austin-tx-teeth-whitening/index.html (+42ms) 
16:39:24   ├─ /blog/toothbars-tips-to-prevent-gum-disease/index.html (+43ms) 
16:39:24   ├─ /blog/travel-tips-for-your-teeth/index.html (+48ms) 
16:39:24   ├─ /blog/type-of-sedation/index.html (+51ms) 
16:39:24   ├─ /blog/try-invisalign-for-crossbite/index.html (+44ms) 
16:39:24   ├─ /blog/types-of-dental-implants/index.html (+61ms) 
16:39:24   ├─ /blog/types-of-teeth-and-their-function/index.html (+44ms) 
16:39:24   ├─ /blog/understanding-dental-veneers/index.html (+42ms) 
16:39:24   ├─ /blog/unlock-a-locked-jaw/index.html (+47ms) 
16:39:24   ├─ /blog/vaping-and-oral-health/index.html (+40ms) 
16:39:24   ├─ /blog/ways-to-prevent-a-poor-bite/index.html (+41ms) 
16:39:24   ├─ /blog/ways-to-protect-childrens-teeth/index.html (+76ms) 
16:39:25   ├─ /blog/ways-to-reduce-dental-anxiety-at-the-dentist/index.html (+51ms) 
16:39:25   ├─ /blog/ways-to-reduce-teeth-grinding/index.html (+58ms) 
16:39:25   ├─ /blog/ways-unknowingly-harming-teeth/index.html (+38ms) 
16:39:25   ├─ /blog/what-are-dental-sealants/index.html (+40ms) 
16:39:25   ├─ /blog/what-are-no-prep-veneers/index.html (+40ms) 
16:39:25   ├─ /blog/what-are-the-advantages-of-mouthwash/index.html (+40ms) 
16:39:25   ├─ /blog/what-causes-lockjaw/index.html (+44ms) 
16:39:25   ├─ /blog/what-does-your-saliva-reveal/index.html (+46ms) 
16:39:25   ├─ /blog/what-happens-if-you-smoke-with-dental-implants/index.html (+46ms) 
16:39:25   ├─ /blog/what-happens-remove-wisdom-teeth/index.html (+53ms) 
16:39:25   ├─ /blog/what-is-a-deep-dental-cleaning/index.html (+45ms) 
16:39:25   ├─ /blog/what-is-a-bridge-dentist/index.html (+53ms) 
16:39:25   ├─ /blog/what-happens-to-teeth-under-veneers/index.html (+40ms) 
16:39:25   ├─ /blog/what-is-a-dental-bridge/index.html (+38ms) 
16:39:25   ├─ /blog/what-is-a-dental-crown/index.html (+45ms) 
16:39:25   ├─ /blog/what-is-a-scale-polish/index.html (+46ms) 
16:39:25   ├─ /blog/what-is-considered-a-dental-emergency/index.html (+41ms) 
16:39:25   ├─ /blog/what-is-cosmetic-bonding/index.html (+50ms) 
16:39:25   ├─ /blog/what-is-cosmetic-dentistry/index.html (+41ms) 
16:39:25   ├─ /blog/what-is-digital-imaging/index.html (+36ms) 
16:39:25   ├─ /blog/what-is-dmd-dentist/index.html (+35ms) 
16:39:25   ├─ /blog/what-is-the-best-teeth-whitening-method/index.html (+43ms) 
16:39:25   ├─ /blog/what-is-invisalign/index.html (+41ms) 
16:39:26   ├─ /blog/what-problems-can-cosmetic-dentistry-fix/index.html (+47ms) 
16:39:26   ├─ /blog/what-to-do-if-you-chipped-a-tooth/index.html (+43ms) 
16:39:26   ├─ /blog/what-to-eat-after-wisdom-teeth-removal/index.html (+65ms) 
16:39:26   ├─ /blog/whats-this-white-spot-on-my-tongue/index.html (+44ms) 
16:39:26   ├─ /blog/what-to-know-about-dentures/index.html (+41ms) 
16:39:26   ├─ /blog/when-you-should-consider-dentures/index.html (+39ms) 
16:39:26   ├─ /blog/white-spots-on-my-teeth/index.html (+41ms) 
16:39:26   ├─ /blog/why-dental-hygiene-is-important/index.html (+46ms) 
16:39:26   ├─ /blog/why-do-my-gums-feel-itchy/index.html (+57ms) 
16:39:26   ├─ /blog/why-a-great-smile-is-so-important/index.html (+43ms) 
16:39:26   ├─ /blog/why-do-i-need-temporary-veneers/index.html (+56ms) 
16:39:26   ├─ /blog/why-do-whitening-strips-hurt/index.html (+39ms) 
16:39:26   ├─ /blog/why-is-dry-mouth-risky-for-your-teeth/index.html (+44ms) 
16:39:26   ├─ /blog/why-is-my-dental-crown-hurting/index.html (+40ms) 
16:39:26   ├─ /blog/why-tongue-health-is-important/index.html (+628ms) 
16:39:27   ├─ /blog/why-you-bite-your-cheek-and-how-to-stop/index.html (+41ms) 
16:39:27   ├─ /blog/will-gums-grow-back-contouring-surgery/index.html (+43ms) 
16:39:27   ├─ /blog/will-invisalign-change-my-speech/index.html (+40ms) 
16:39:27   └─ /blog/winner-for-the-new-build-category/index.html (+45ms) 
16:39:27 ▶ src/pages/component-library/[...slug].astro
16:39:27   ├─ /component-library/index.html (+63ms) 
16:39:27   └─ /component-library/getting-started/index.html (+46ms) 
16:39:27 ▶ src/pages/component-library/components/[...slug].astro
16:39:27   ├─ /component-library/components/navigation/bar/index.html (+745ms) 
16:39:28   ├─ /component-library/components/navigation/footer/index.html (+76ms) 
16:39:28   ├─ /component-library/components/navigation/side/index.html (+94ms) 
16:39:28   ├─ /component-library/components/navigation/mobile/index.html (+108ms) 
16:39:28   ├─ /component-library/components/navigation/main-nav/index.html (+94ms) 
16:39:28   ├─ /component-library/components/building-blocks/forms/choice-group/index.html (+151ms) 
16:39:29   ├─ /component-library/components/building-blocks/forms/date/index.html (+68ms) 
16:39:29   ├─ /component-library/components/building-blocks/forms/form/index.html (+78ms) 
16:39:29   ├─ /component-library/components/building-blocks/forms/file-upload/index.html (+79ms) 
16:39:29   ├─ /component-library/components/building-blocks/forms/hidden/index.html (+54ms) 
16:39:29   ├─ /component-library/components/building-blocks/forms/select/index.html (+80ms) 
16:39:29   ├─ /component-library/components/building-blocks/forms/input/index.html (+90ms) 
16:39:29   ├─ /component-library/components/building-blocks/forms/submit/index.html (+108ms) 
16:39:29   ├─ /component-library/components/building-blocks/forms/textarea/index.html (+60ms) 
16:39:29   ├─ /component-library/components/building-blocks/forms/segments/index.html (+152ms) 
16:39:29   ├─ /component-library/components/building-blocks/core-elements/divider/index.html (+113ms) 
16:39:29   ├─ /component-library/components/building-blocks/core-elements/counter/index.html (+100ms) 
16:39:29   ├─ /component-library/components/building-blocks/core-elements/definition-list/index.html (+118ms) 
16:39:30   ├─ /component-library/components/building-blocks/core-elements/button/index.html (+108ms) 
16:39:30   ├─ /component-library/components/building-blocks/core-elements/heading/index.html (+129ms) 
16:39:30   ├─ /component-library/components/building-blocks/core-elements/icon/index.html (+160ms) 
16:39:30   ├─ /component-library/components/building-blocks/core-elements/embed/index.html (+82ms) 
16:39:30   ├─ /component-library/components/building-blocks/core-elements/list/index.html (+428ms) 
16:39:31   ├─ /component-library/components/building-blocks/core-elements/pagination/index.html (+67ms) 
16:39:31   ├─ /component-library/components/building-blocks/core-elements/image/index.html (+396ms) 
16:39:31   ├─ /component-library/components/building-blocks/core-elements/simple-text/index.html (+104ms) 
16:39:31   ├─ /component-library/components/building-blocks/wrappers/accordion/index.html (+126ms) 
16:39:31   ├─ /component-library/components/building-blocks/core-elements/spacer/index.html (+97ms) 
16:39:31   ├─ /component-library/components/building-blocks/core-elements/testimonial/index.html (+91ms) 
16:39:31   ├─ /component-library/components/building-blocks/core-elements/text/index.html (+77ms) 
16:39:31   ├─ /component-library/components/building-blocks/core-elements/video/index.html (+73ms) 
16:39:32   ├─ /component-library/components/building-blocks/wrappers/content-selector/index.html (+175ms) 
16:39:32   ├─ /component-library/components/building-blocks/wrappers/button-group/index.html (+125ms) 
16:39:32   ├─ /component-library/components/building-blocks/wrappers/card/index.html (+400ms) 
16:39:32   ├─ /component-library/components/building-blocks/wrappers/carousel/index.html (+164ms) 
16:39:32   ├─ /component-library/components/building-blocks/wrappers/split/index.html (+321ms) 
16:39:33   ├─ /component-library/components/page-sections/ctas/cta-split/index.html (+72ms) 
16:39:33   ├─ /component-library/components/page-sections/ctas/cta-form/index.html (+64ms) 
16:39:33   ├─ /component-library/components/page-sections/builders/custom-section/index.html (+291ms) 
16:39:33   ├─ /component-library/components/building-blocks/wrappers/grid/index.html (+398ms) 
16:39:34   ├─ /component-library/components/page-sections/heroes/hero-center/index.html (+60ms) 
16:39:34   ├─ /component-library/components/page-sections/ctas/cta-center/index.html (+59ms) 
16:39:34   ├─ /component-library/components/page-sections/heroes/hero-split/index.html (+67ms) 
16:39:34   ├─ /component-library/components/page-sections/features/feature-grid/index.html (+80ms) 
16:39:34   ├─ /component-library/components/page-sections/features/feature-split/index.html (+62ms) 
16:39:34   ├─ /component-library/components/page-sections/people/team-grid/index.html (+106ms) 
16:39:34   ├─ /component-library/components/page-sections/people/testimonial-section/index.html (+50ms) 
16:39:34   └─ /component-library/components/page-sections/info-blocks/faq-section/index.html (+62ms) 
16:39:34 ▶ src/pages/landing/[...slug].astro
16:39:34   ├─ /landing/cosmetic-test/index.html (+98ms) 
16:39:34   ├─ /landing/ai-answers-test/index.html (+99ms) 
16:39:34   ├─ /landing/dental-implants-test/index.html (+160ms) 
16:39:34   ├─ /landing/count-on-us-test/index.html (+117ms) 
16:39:35   ├─ /landing/np-em-test/index.htmlImages array:  []
 (+148ms) 
16:39:35   ├─ /landing/np-split/index.html (+93ms) 
16:39:35   ├─ /landing/invisalign-test/index.html (+193ms) 
16:39:35   ├─ /landing/np-em-form/index.html (+31ms) 
16:39:35   ├─ /landing/np-three-callouts-test/index.html (+143ms) 
16:39:35   ├─ /landing/pediatric-superhero-test/index.html (+109ms) 
16:39:35   └─ /landing/pediatric-waves-test/index.html (+113ms) 
16:39:35 ▶ src/pages/lp-showcase.astro
16:39:35   └─ /lp-showcase/index.html (+36ms) 
16:39:35 ▶ src/pages/pep/[...slug].astro
16:39:35   ├─ /pep/pep-test-2/index.html (+26ms) 
16:39:35   └─ /pep/pep-test/index.html (+264ms) 
16:39:36 ▶ src/pages/why-1-animation-demo.astro
16:39:36   └─ /why-1-animation-demo/index.html (+2ms) 
16:39:36 ✓ Completed in 29.15s.

 generating optimized images 
16:39:36   ▶ /_astro/AdobeStock_291115741-2.CKaHEjG__ZKJ0yS.avif (reused cache entry) (+5ms) (1/4055)
16:39:36   ▶ /_astro/tips-to-know-when-travelling-with-invisa.JzeJtfO6_1pCS7Y.avif (reused cache entry) (+5ms) (2/4055)
16:39:36   ▶ /_astro/AdobeStock_187242830__37___1778007828_95213.DrEewN0a_ZMqce5.avif (reused cache entry) (+5ms) (3/4055)
16:39:36   ▶ /_astro/AdobeStock_541244802.BS7Q-vUW_Z1wTLCy.avif (reused cache entry) (+6ms) (4/4055)
16:39:36   ▶ /_astro/Invisalign-1-Small-scaled.CPR6q4pU_ZFxN2N.avif (reused cache entry) (+6ms) (5/4055)
16:39:36   ▶ /_astro/69041b_6c1cfa257729450598a0d2c7139820b9mv2_d_1920_1279_s_2.CFx35BCv_18rgeE.avif (reused cache entry) (+6ms) (6/4055)
16:39:36   ▶ /_astro/69041b_70eb4c4cb10946a49822bf65a443d3d1mv2.jKlrwF30_Z1PxpOm.avif (reused cache entry) (+7ms) (7/4055)
16:39:36   ▶ /_astro/how-many-teeth-kids-have.CyxT8ERy_1MfP15.avif (reused cache entry) (+7ms) (8/4055)
16:39:36   ▶ /_astro/332485478_2418394121649217_3408524559894985687_n.Do3vyL5R_1fTExi.avif (reused cache entry) (+8ms) (9/4055)
16:39:36   ▶ /_astro/young-female-patient-visiting-dentist-office.BqOGQIbl_2iAq7T.avif (reused cache entry) (+8ms) (10/4055)
16:39:36   ▶ /_astro/69041b_28c5595ed3114ebda3bbd15f55fde240mv2_d_1920_1279_s_2.qbF8rKlx_ZjxWna.avif (reused cache entry) (+9ms) (11/4055)
16:39:36   ▶ /_astro/AdobeStock_291115741-2.CKaHEjG__Z1jqXJS.jpg (reused cache entry) (+5ms) (12/4055)
16:39:36   ▶ /_astro/18598.azwWK2ji_sFEQK.avif (reused cache entry) (+9ms) (13/4055)
16:39:36   ▶ /_astro/tips-to-know-when-travelling-with-invisa.JzeJtfO6_a7JK4.avif (reused cache entry) (+5ms) (14/4055)
16:39:36   ▶ /_astro/AdobeStock_541244802.BS7Q-vUW_Z1DgPsX.avif (reused cache entry) (+5ms) (15/4055)
16:39:36   ▶ /_astro/69041b_6c1cfa257729450598a0d2c7139820b9mv2_d_1920_1279_s_2.CFx35BCv_2mNqiG.avif (reused cache entry) (+5ms) (16/4055)
16:39:36   ▶ /_astro/AdobeStock_187242830__37___1778007828_95213.DrEewN0a_Z2lEQda.avif (reused cache entry) (+6ms) (17/4055)
16:39:36   ▶ /_astro/Invisalign-1-Small-scaled.CPR6q4pU_1uP3kj.avif (reused cache entry) (+6ms) (18/4055)
16:39:36   ▶ /_astro/69041b_70eb4c4cb10946a49822bf65a443d3d1mv2.jKlrwF30_1Y8Mto.avif (reused cache entry) (+5ms) (19/4055)
16:39:36   ▶ /_astro/how-many-teeth-kids-have.CyxT8ERy_1hXRpB.avif (reused cache entry) (+5ms) (20/4055)
16:39:36   ▶ /_astro/332485478_2418394121649217_3408524559894985687_n.Do3vyL5R_Z28DHqA.avif (reused cache entry) (+6ms) (21/4055)
16:39:36   ▶ /_astro/young-female-patient-visiting-dentist-office.BqOGQIbl_Z1tLtXR.avif (reused cache entry) (+6ms) (22/4055)
16:39:36   ▶ /_astro/AdobeStock_291115741-2.CKaHEjG__2jTNM1.avif (reused cache entry) (+5ms) (23/4055)
16:39:36   ▶ /_astro/69041b_28c5595ed3114ebda3bbd15f55fde240mv2_d_1920_1279_s_2.qbF8rKlx_FRn1m.avif (reused cache entry) (+6ms) (24/4055)
16:39:36   ▶ /_astro/18598.azwWK2ji_Z1KoTyY.avif (reused cache entry) (+6ms) (25/4055)
16:39:36   ▶ /_astro/tips-to-know-when-travelling-with-invisa.JzeJtfO6_Zn6X2Q.avif (reused cache entry) (+6ms) (26/4055)
16:39:36   ▶ /_astro/AdobeStock_541244802.BS7Q-vUW_GIkGA.avif (reused cache entry) (+6ms) (27/4055)
16:39:36   ▶ /_astro/AdobeStock_187242830__37___1778007828_95213.DrEewN0a_ZWW3wF.avif (reused cache entry) (+6ms) (28/4055)
16:39:36   ▶ /_astro/Invisalign-1-Small-scaled.CPR6q4pU_Z1oOtLL.avif (reused cache entry) (+6ms) (29/4055)
16:39:36   ▶ /_astro/69041b_6c1cfa257729450598a0d2c7139820b9mv2_d_1920_1279_s_2.CFx35BCv_2gHUBT.avif (reused cache entry) (+6ms) (30/4055)
16:39:36   ▶ /_astro/how-many-teeth-kids-have.CyxT8ERy_Z1MMphr.avif (reused cache entry) (+6ms) (31/4055)
16:39:36   ▶ /_astro/69041b_70eb4c4cb10946a49822bf65a443d3d1mv2.jKlrwF30_vQDRJ.avif (reused cache entry) (+7ms) (32/4055)
16:39:36   ▶ /_astro/young-female-patient-visiting-dentist-office.BqOGQIbl_1WWcR2.avif (reused cache entry) (+6ms) (33/4055)
16:39:36   ▶ /_astro/332485478_2418394121649217_3408524559894985687_n.Do3vyL5R_km2r5.avif (reused cache entry) (+7ms) (34/4055)
16:39:36   ▶ /_astro/AdobeStock_291115741-2.CKaHEjG__Z1rc3B9.webp (reused cache entry) (+5ms) (35/4055)
16:39:36   ▶ /_astro/69041b_28c5595ed3114ebda3bbd15f55fde240mv2_d_1920_1279_s_2.qbF8rKlx_zLRkz.avif (reused cache entry) (+5ms) (36/4055)
16:39:36   ▶ /_astro/18598.azwWK2ji_ZR8meN.avif (reused cache entry) (+5ms) (37/4055)
16:39:36   ▶ /_astro/tips-to-know-when-travelling-with-invisa.JzeJtfO6_Z1Fsz6L.jpg (reused cache entry) (+6ms) (38/4055)
16:39:36   ▶ /_astro/AdobeStock_541244802.BS7Q-vUW_dppEo.avif (reused cache entry) (+5ms) (39/4055)
16:39:36   ▶ /_astro/AdobeStock_187242830__37___1778007828_95213.DrEewN0a_Z2zoXc.jpg (reused cache entry) (+6ms) (40/4055)
16:39:36   ▶ /_astro/Invisalign-1-Small-scaled.CPR6q4pU_Z29Hu90.avif (reused cache entry) (+6ms) (41/4055)
16:39:36   ▶ /_astro/69041b_6c1cfa257729450598a0d2c7139820b9mv2_d_1920_1279_s_2.CFx35BCv_Z1DN3Wg.avif (reused cache entry) (+6ms) (42/4055)
16:39:36   ▶ /_astro/how-many-teeth-kids-have.CyxT8ERy_Z1yHY2N.avif (reused cache entry) (+5ms) (43/4055)
16:39:36   ▶ /_astro/69041b_70eb4c4cb10946a49822bf65a443d3d1mv2.jKlrwF30_Z1JIz1V.avif (reused cache entry) (+5ms) (44/4055)
16:39:36   ▶ /_astro/AdobeStock_291115741-2.CKaHEjG__Z2rlQQb.jpg (reused cache entry) (+4ms) (45/4055)
16:39:36   ▶ /_astro/young-female-patient-visiting-dentist-office.BqOGQIbl_GLMka.avif (reused cache entry) (+6ms) (46/4055)
16:39:36   ▶ /_astro/332485478_2418394121649217_3408524559894985687_n.Do3vyL5R_1K84ii.avif (reused cache entry) (+6ms) (47/4055)
16:39:36   ▶ /_astro/tips-to-know-when-travelling-with-invisa.JzeJtfO6_29dqkf.jpg (reused cache entry) (+5ms) (48/4055)
16:39:36   ▶ /_astro/69041b_28c5595ed3114ebda3bbd15f55fde240mv2_d_1920_1279_s_2.qbF8rKlx_1Js1zl.avif (reused cache entry) (+6ms) (49/4055)
16:39:36   ▶ /_astro/18598.azwWK2ji_1Q6GB5.avif (reused cache entry) (+6ms) (50/4055)
16:39:36   ▶ /_astro/AdobeStock_541244802.BS7Q-vUW_Z1KkwDn.avif (reused cache entry) (+5ms) (51/4055)
16:39:36   ▶ /_astro/how-many-teeth-kids-have.CyxT8ERy_2d4tEO.jpg (reused cache entry) (+5ms) (52/4055)
16:39:36   ▶ /_astro/AdobeStock_187242830__37___1778007828_95213.DrEewN0a_Z1AO3Wh.jpg (reused cache entry) (+7ms) (53/4055)
16:39:36   ▶ /_astro/Invisalign-1-Small-scaled.CPR6q4pU_2gQXdn.avif (reused cache entry) (+7ms) (54/4055)
16:39:36   ▶ /_astro/young-female-patient-visiting-dentist-office.BqOGQIbl_Z2a18Ak.avif (reused cache entry) (+6ms) (55/4055)
16:39:36   ▶ /_astro/2858.qoo5V0oN_ZKgn5R.avif (reused cache entry) (+7ms) (56/4055)
16:39:36   ▶ /_astro/tips-to-know-when-travelling-with-invisa.JzeJtfO6_1AXHwk.jpg (reused cache entry) (+7ms) (57/4055)
16:39:36   ▶ /_astro/332485478_2418394121649217_3408524559894985687_n.Do3vyL5R_Z1tGKix.jpg (reused cache entry) (+8ms) (58/4055)
16:39:36   ▶ /_astro/69041b_6c1cfa257729450598a0d2c7139820b9mv2_d_1920_1279_s_2.CFx35BCv_Z1JYseH.png (reused cache entry) (+13ms) (59/4055)
16:39:36   ▶ /_astro/18598.azwWK2ji_1tJRF8.avif (reused cache entry) (+11ms) (60/4055)
16:39:36   ▶ /_astro/69041b_70eb4c4cb10946a49822bf65a443d3d1mv2.jKlrwF30_1z01xD.png (reused cache entry) (+14ms) (61/4055)
16:39:36   ▶ /_astro/AdobeStock_541244802.BS7Q-vUW_Z11pnzb.jpg (reused cache entry) (+12ms) (62/4055)
16:39:36   ▶ /_astro/how-many-teeth-kids-have.CyxT8ERy_1HMw4l.jpg (reused cache entry) (+10ms) (63/4055)
16:39:36   ▶ /_astro/AdobeStock_187242830__37___1778007828_95213.DrEewN0a_Zd6ggM.jpg (reused cache entry) (+10ms) (64/4055)
16:39:36   ▶ /_astro/2858.qoo5V0oN_1WXopw.avif (reused cache entry) (+9ms) (65/4055)
16:39:36   ▶ /_astro/Invisalign-1-Small-scaled.CPR6q4pU_sdYqA.avif (reused cache entry) (+11ms) (66/4055)
16:39:36   ▶ /_astro/tips-to-know-when-travelling-with-invisa.JzeJtfO6_TFNeT.avif (reused cache entry) (+8ms) (67/4055)
16:39:36   ▶ /_astro/young-female-patient-visiting-dentist-office.BqOGQIbl_Z2ommSB.jpg (reused cache entry) (+11ms) (68/4055)
16:39:36   ▶ /_astro/332485478_2418394121649217_3408524559894985687_n.Do3vyL5R_Z2e3wsg.jpg (reused cache entry) (+9ms) (69/4055)
16:39:36   ▶ /_astro/18598.azwWK2ji_1GTUU9.avif (reused cache entry) (+6ms) (70/4055)
16:39:36   ▶ /_astro/AdobeStock_541244802.BS7Q-vUW_1QKErD.jpg (reused cache entry) (+8ms) (71/4055)
16:39:36   ▶ /_astro/69041b_28c5595ed3114ebda3bbd15f55fde240mv2_d_1920_1279_s_2.qbF8rKlx_1RcrWp.png (reused cache entry) (+20ms) (72/4055)
16:39:36   ▶ /_astro/69041b_6c1cfa257729450598a0d2c7139820b9mv2_d_1920_1279_s_2.CFx35BCv_Z1u1KB1.png (reused cache entry) (+11ms) (73/4055)
16:39:36   ▶ /_astro/69041b_70eb4c4cb10946a49822bf65a443d3d1mv2.jKlrwF30_16ONCb.png (reused cache entry) (+9ms) (74/4055)
16:39:36   ▶ /_astro/2858.qoo5V0oN_Z13p8Go.avif (reused cache entry) (+8ms) (75/4055)
16:39:36   ▶ /_astro/AdobeStock_187242830__37___1778007828_95213.DrEewN0a_VWEru.avif (reused cache entry) (+9ms) (76/4055)
16:39:36   ▶ /_astro/how-many-teeth-kids-have.CyxT8ERy_Z1mXKCH.jpg (reused cache entry) (+10ms) (77/4055)
16:39:36   ▶ /_astro/tips-to-know-when-travelling-with-invisa.JzeJtfO6_vmjLy.avif (reused cache entry) (+7ms) (78/4055)
16:39:36   ▶ /_astro/young-female-patient-visiting-dentist-office.BqOGQIbl_Z8KJgM.jpg (reused cache entry) (+8ms) (79/4055)
16:39:36   ▶ /_astro/332485478_2418394121649217_3408524559894985687_n.Do3vyL5R_eWdpp.jpg (reused cache entry) (+8ms) (80/4055)
16:39:36   ▶ /_astro/Invisalign-1-Small-scaled.CPR6q4pU_Z10pNdh.jpg (reused cache entry) (+10ms) (81/4055)
16:39:36   ▶ /_astro/AdobeStock_541244802.BS7Q-vUW_ZRqibJ.jpg (reused cache entry) (+5ms) (82/4055)
16:39:36   ▶ /_astro/18598.azwWK2ji_24dMXq.jpg (reused cache entry) (+8ms) (83/4055)
16:39:36   ▶ /_astro/69041b_28c5595ed3114ebda3bbd15f55fde240mv2_d_1920_1279_s_2.qbF8rKlx_1TejUA.png (reused cache entry) (+6ms) (84/4055)
16:39:36   ▶ /_astro/2858.qoo5V0oN_Z1y5sDR.avif (reused cache entry) (+5ms) (85/4055)
16:39:36   ▶ /_astro/AdobeStock_187242830__37___1778007828_95213.DrEewN0a_1GYw4I.avif (reused cache entry) (+6ms) (86/4055)
16:39:36   ▶ /_astro/how-many-teeth-kids-have.CyxT8ERy_Z18Tko4.jpg (reused cache entry) (+6ms) (87/4055)
16:39:36   ▶ /_astro/tips-to-know-when-travelling-with-invisa.JzeJtfO6_Z2srVx9.avif (reused cache entry) (+6ms) (88/4055)
16:39:36   ▶ /_astro/69041b_6c1cfa257729450598a0d2c7139820b9mv2_d_1920_1279_s_2.CFx35BCv_Z1A7ghN.png (reused cache entry) (+9ms) (89/4055)
16:39:36   ▶ /_astro/69041b_70eb4c4cb10946a49822bf65a443d3d1mv2.jKlrwF30_ZlrjXt.png (reused cache entry) (+9ms) (90/4055)
16:39:36   ▶ /_astro/young-female-patient-visiting-dentist-office.BqOGQIbl_Z1LebeO.jpg (reused cache entry) (+7ms) (91/4055)
16:39:36   ▶ /_astro/332485478_2418394121649217_3408524559894985687_n.Do3vyL5R_1EIfgC.jpg (reused cache entry) (+7ms) (92/4055)
16:39:36   ▶ /_astro/Invisalign-1-Small-scaled.CPR6q4pU_1m69Ru.jpg (reused cache entry) (+7ms) (93/4055)
16:39:36   ▶ /_astro/AdobeStock_541244802.BS7Q-vUW_Z1lJddV.jpg (reused cache entry) (+7ms) (94/4055)
16:39:36   ▶ /_astro/18598.azwWK2ji_1THaXF.jpg (reused cache entry) (+7ms) (95/4055)
16:39:36   ▶ /_astro/AdobeStock_187242830__37___1778007828_95213.DrEewN0a_1veIwQ.avif (reused cache entry) (+6ms) (96/4055)
16:39:36   ▶ /_astro/how-many-teeth-kids-have.CyxT8ERy_14NowB.avif (reused cache entry) (+5ms) (97/4055)
16:39:36   ▶ /_astro/2858.qoo5V0oN_ZdHVSL.avif (reused cache entry) (+8ms) (98/4055)
16:39:36   ▶ /_astro/tips-to-know-when-travelling-with-invisa.JzeJtfO6_Z2bpDYQ.jpg (reused cache entry) (+6ms) (99/4055)
16:39:36   ▶ /_astro/young-female-patient-visiting-dentist-office.BqOGQIbl_22Mx2f.jpg (reused cache entry) (+6ms) (100/4055)
16:39:36   ▶ /_astro/69041b_28c5595ed3114ebda3bbd15f55fde240mv2_d_1920_1279_s_2.qbF8rKlx_1N8OeN.png (reused cache entry) (+11ms) (101/4055)
16:39:36   ▶ /_astro/332485478_2418394121649217_3408524559894985687_n.Do3vyL5R_Z1W7pPt.avif (reused cache entry) (+7ms) (102/4055)
16:39:36   ▶ /_astro/Invisalign-1-Small-scaled.CPR6q4pU_Z1xyneA.jpg (reused cache entry) (+7ms) (103/4055)
16:39:36   ▶ /_astro/69041b_6c1cfa257729450598a0d2c7139820b9mv2_d_1920_1279_s_2.CFx35BCv_Zqr732.png (reused cache entry) (+10ms) (104/4055)
16:39:36   ▶ /_astro/AdobeStock_187242830__37___1778007828_95213.DrEewN0a_1GNrHn.jpg (reused cache entry) (+6ms) (105/4055)
16:39:36   ▶ /_astro/how-many-teeth-kids-have.CyxT8ERy_LYuY8.avif (reused cache entry) (+8ms) (106/4055)
16:39:36   ▶ /_astro/AdobeStock_541244802.BS7Q-vUW_dK8UN.jpg (reused cache entry) (+10ms) (107/4055)
16:39:36   ▶ /_astro/18598.azwWK2ji_Z2hdpv5.jpg (reused cache entry) (+10ms) (108/4055)
16:39:36   ▶ /_astro/tips-to-know-when-travelling-with-invisa.JzeJtfO6_2us0lJ.jpg (reused cache entry) (+8ms) (109/4055)
16:39:36   ▶ /_astro/2858.qoo5V0oN_ZTlLTC.avif (reused cache entry) (+10ms) (110/4055)
16:39:36   ▶ /_astro/69041b_70eb4c4cb10946a49822bf65a443d3d1mv2.jKlrwF30_2s9zUM.png (reused cache entry) (+14ms) (111/4055)
16:39:36   ▶ /_astro/332485478_2418394121649217_3408524559894985687_n.Do3vyL5R_184QiW.avif (reused cache entry) (+7ms) (112/4055)
16:39:36   ▶ /_astro/young-female-patient-visiting-dentist-office.BqOGQIbl_Z1ae4fg.jpg (reused cache entry) (+9ms) (113/4055)
16:39:36   ▶ /_astro/69041b_6c1cfa257729450598a0d2c7139820b9mv2_d_1920_1279_s_2.CFx35BCv_1jrCiW.avif (reused cache entry) (+7ms) (114/4055)
16:39:36   ▶ /_astro/AdobeStock_187242830__37___1778007828_95213.DrEewN0a_2rPjkB.jpg (reused cache entry) (+7ms) (115/4055)
16:39:36   ▶ /_astro/Invisalign-1-Small-scaled.CPR6q4pU_Z2irnAO.jpg (reused cache entry) (+8ms) (116/4055)
16:39:36   ▶ /_astro/how-many-teeth-kids-have.CyxT8ERy_4UVdS.avif (reused cache entry) (+5ms) (117/4055)
16:39:36   ▶ /_astro/AdobeStock_541244802.BS7Q-vUW_16gjsC.avif (reused cache entry) (+6ms) (118/4055)
16:39:36   ▶ /_astro/tips-to-know-when-travelling-with-invisa.JzeJtfO6_ZtmfWX.jpg (reused cache entry) (+5ms) (119/4055)
16:39:36   ▶ /_astro/18598.azwWK2ji_r1DkN.jpg (reused cache entry) (+7ms) (120/4055)
16:39:36   ▶ /_astro/69041b_28c5595ed3114ebda3bbd15f55fde240mv2_d_1920_1279_s_2.qbF8rKlx_Z27nakm.png (reused cache entry) (+14ms) (121/4055)
16:39:36   ▶ /_astro/332485478_2418394121649217_3408524559894985687_n.Do3vyL5R_Z1YyvC2.avif (reused cache entry) (+6ms) (122/4055)
16:39:36   ▶ /_astro/69041b_70eb4c4cb10946a49822bf65a443d3d1mv2.jKlrwF30_Z20XW73.avif (reused cache entry) (+7ms) (123/4055)
16:39:36   ▶ /_astro/69041b_6c1cfa257729450598a0d2c7139820b9mv2_d_1920_1279_s_2.CFx35BCv_2uRUIf.avif (reused cache entry) (+6ms) (124/4055)
16:39:36   ▶ /_astro/AdobeStock_187242830__37___1778007828_95213.DrEewN0a_2g5vMJ.jpg (reused cache entry) (+7ms) (125/4055)
16:39:36   ▶ /_astro/young-female-patient-visiting-dentist-office.BqOGQIbl_Tdtnw.avif (reused cache entry) (+8ms) (126/4055)
16:39:36   ▶ /_astro/2858.qoo5V0oN_1fWfYT.jpg (reused cache entry) (+10ms) (127/4055)
16:39:36   ▶ /_astro/AdobeStock_541244802.BS7Q-vUW_1NxaIg.avif (reused cache entry) (+6ms) (128/4055)
16:39:36   ▶ /_astro/how-many-teeth-kids-have.CyxT8ERy_1C0dNl.avif (reused cache entry) (+8ms) (129/4055)
16:39:36   ▶ /_astro/Invisalign-1-Small-scaled.CPR6q4pU_Z29VGU2.jpg (reused cache entry) (+9ms) (130/4055)
16:39:36   ▶ /_astro/young-girl-with-bruxism.BdWzo013_Zu2ier.avif (reused cache entry) (+8ms) (131/4055)
16:39:36   ▶ /_astro/69041b_28c5595ed3114ebda3bbd15f55fde240mv2_d_1920_1279_s_2.qbF8rKlx_Z8xAiR.avif (reused cache entry) (+6ms) (132/4055)
16:39:36   ▶ /_astro/69041b_70eb4c4cb10946a49822bf65a443d3d1mv2.jKlrwF30_Z1Lzgqw.avif (reused cache entry) (+7ms) (133/4055)
16:39:36   ▶ /_astro/332485478_2418394121649217_3408524559894985687_n.Do3vyL5R_ZJOJAk.avif (reused cache entry) (+7ms) (134/4055)
16:39:36   ▶ /_astro/18598.azwWK2ji_Z1zdC32.jpg (reused cache entry) (+10ms) (135/4055)
16:39:36   ▶ /_astro/69041b_6c1cfa257729450598a0d2c7139820b9mv2_d_1920_1279_s_2.CFx35BCv_ZUQBYE.avif (reused cache entry) (+7ms) (136/4055)
16:39:36   ▶ /_astro/young-female-patient-visiting-dentist-office.BqOGQIbl_Z1gA9yP.avif (reused cache entry) (+6ms) (137/4055)
16:39:36   ▶ /_astro/cerrar-cliente-feliz-clinica-dental.BxcEL7G7_2eTByu.avif (reused cache entry) (+7ms) (138/4055)
16:39:36   ▶ /_astro/AdobeStock_541244802.BS7Q-vUW_ZFqmPW.avif (reused cache entry) (+6ms) (139/4055)
16:39:36   ▶ /_astro/how-many-teeth-kids-have.CyxT8ERy_Z13xRIk.jpg (reused cache entry) (+7ms) (140/4055)
16:39:36   ▶ /_astro/2858.qoo5V0oN_1AbdTe.jpg (reused cache entry) (+8ms) (141/4055)
16:39:36   ▶ /_astro/young-girl-with-bruxism.BdWzo013_ZYjfOU.avif (reused cache entry) (+6ms) (142/4055)
16:39:36   ▶ /_astro/69041b_28c5595ed3114ebda3bbd15f55fde240mv2_d_1920_1279_s_2.qbF8rKlx_NVRqU.avif (reused cache entry) (+6ms) (143/4055)
16:39:36   ▶ /_astro/69041b_70eb4c4cb10946a49822bf65a443d3d1mv2.jKlrwF30_2rKboX.avif (reused cache entry) (+5ms) (144/4055)
16:39:36   ▶ /_astro/Invisalign-1-Small-scaled.CPR6q4pU_8lYg7.jpg (reused cache entry) (+7ms) (145/4055)
16:39:36   ▶ /_astro/69041b_6c1cfa257729450598a0d2c7139820b9mv2_d_1920_1279_s_2.CFx35BCv_Z20czrv.avif (reused cache entry) (+5ms) (146/4055)
16:39:36   ▶ /_astro/young-female-patient-visiting-dentist-office.BqOGQIbl_Z1m0IgH.avif (reused cache entry) (+5ms) (147/4055)
16:39:36   ▶ /_astro/332485478_2418394121649217_3408524559894985687_n.Do3vyL5R_nsi7C.jpg (reused cache entry) (+7ms) (148/4055)
16:39:36   ▶ /_astro/cerrar-cliente-feliz-clinica-dental.BxcEL7G7_Z1HT7gI.avif (reused cache entry) (+5ms) (149/4055)
16:39:36   ▶ /_astro/AdobeStock_541244802.BS7Q-vUW_XfSIc.avif (reused cache entry) (+6ms) (150/4055)
16:39:36   ▶ /_astro/how-many-teeth-kids-have.CyxT8ERy_1cN9CR.jpg (reused cache entry) (+6ms) (151/4055)
16:39:36   ▶ /_astro/18598.azwWK2ji_Z1LJ4M7.jpg (reused cache entry) (+8ms) (152/4055)
16:39:36   ▶ /_astro/young-girl-with-bruxism.BdWzo013_106AgX.avif (reused cache entry) (+6ms) (153/4055)
16:39:36   ▶ /_astro/2858.qoo5V0oN_Z1qcjcG.jpg (reused cache entry) (+6ms) (154/4055)
16:39:36   ▶ /_astro/69041b_28c5595ed3114ebda3bbd15f55fde240mv2_d_1920_1279_s_2.qbF8rKlx_2soswW.avif (reused cache entry) (+6ms) (155/4055)
16:39:36   ▶ /_astro/69041b_70eb4c4cb10946a49822bf65a443d3d1mv2.jKlrwF30_Z2ftSpr.avif (reused cache entry) (+6ms) (156/4055)
16:39:36   ▶ /_astro/Invisalign-1-Small-scaled.CPR6q4pU_ZPiluO.avif (reused cache entry) (+6ms) (157/4055)
16:39:36   ▶ /_astro/young-female-patient-visiting-dentist-office.BqOGQIbl_jPmPd.avif (reused cache entry) (+6ms) (158/4055)
16:39:36   ▶ /_astro/332485478_2418394121649217_3408524559894985687_n.Do3vyL5R_12F2hh.jpg (reused cache entry) (+6ms) (159/4055)
16:39:36   ▶ /_astro/AdobeStock_541244802.BS7Q-vUW_1xge2h.avif (reused cache entry) (+4ms) (160/4055)
16:39:36   ▶ /_astro/cerrar-cliente-feliz-clinica-dental.BxcEL7G7_ZbQWP8.avif (reused cache entry) (+6ms) (161/4055)
16:39:36   ▶ /_astro/how-many-teeth-kids-have.CyxT8ERy_uJzRC.jpg (reused cache entry) (+5ms) (162/4055)
16:39:36   ▶ /_astro/young-girl-with-bruxism.BdWzo013_1eb1vB.avif (reused cache entry) (+5ms) (163/4055)
16:39:36   ▶ /_astro/69041b_6c1cfa257729450598a0d2c7139820b9mv2_d_1920_1279_s_2.CFx35BCv_Z1yY6ap.png (reused cache entry) (+9ms) (164/4055)
16:39:36   ▶ /_astro/18598.azwWK2ji_ZmDJbN.avif (reused cache entry) (+6ms) (165/4055)
16:39:36   ▶ /_astro/2858.qoo5V0oN_Z1URDaa.jpg (reused cache entry) (+6ms) (166/4055)
16:39:36   ▶ /_astro/69041b_28c5595ed3114ebda3bbd15f55fde240mv2_d_1920_1279_s_2.qbF8rKlx_1o3v56.avif (reused cache entry) (+6ms) (167/4055)
16:39:36   ▶ /_astro/Invisalign-1-Small-scaled.CPR6q4pU_1sTuO9.avif (reused cache entry) (+5ms) (168/4055)
16:39:36   ▶ /_astro/young-female-patient-visiting-dentist-office.BqOGQIbl_Z22ezgQ.avif (reused cache entry) (+5ms) (169/4055)
16:39:36   ▶ /_astro/332485478_2418394121649217_3408524559894985687_n.Do3vyL5R_Z24XkDH.jpg (reused cache entry) (+5ms) (170/4055)
16:39:36   ▶ /_astro/AdobeStock_541244802.BS7Q-vUW_Og0V8.avif (reused cache entry) (+5ms) (171/4055)
16:39:36   ▶ /_astro/cerrar-cliente-feliz-clinica-dental.BxcEL7G7_Z2o8LbL.avif (reused cache entry) (+5ms) (172/4055)
16:39:36   ▶ /_astro/how-many-teeth-kids-have.CyxT8ERy_22NRs5.jpg (reused cache entry) (+5ms) (173/4055)
16:39:36   ▶ /_astro/18598.azwWK2ji_Z2hCjah.avif (reused cache entry) (+4ms) (174/4055)
16:39:36   ▶ /_astro/young-girl-with-bruxism.BdWzo013_Z4dDzH.jpg (reused cache entry) (+5ms) (175/4055)
16:39:36   ▶ /_astro/69041b_6c1cfa257729450598a0d2c7139820b9mv2_d_1920_1279_s_2.CFx35BCv_Z1lWgbs.png (reused cache entry) (+5ms) (176/4055)
16:39:36   ▶ /_astro/69041b_70eb4c4cb10946a49822bf65a443d3d1mv2.jKlrwF30_1oyufW.png (reused cache entry) (+12ms) (177/4055)
16:39:36   ▶ /_astro/Invisalign-1-Small-scaled.CPR6q4pU_Ke79A.avif (reused cache entry) (+6ms) (178/4055)
16:39:36   ▶ /_astro/2858.qoo5V0oN_Z1CN0a3.jpg (reused cache entry) (+8ms) (179/4055)
16:39:36   ▶ /_astro/332485478_2418394121649217_3408524559894985687_n.Do3vyL5R_ZPeyC0.jpg (reused cache entry) (+7ms) (180/4055)
16:39:36   ▶ /_astro/young-female-patient-visiting-dentist-office.BqOGQIbl_1T0xIA.jpg (reused cache entry) (+7ms) (181/4055)
16:39:36   ▶ /_astro/cerrar-cliente-feliz-clinica-dental.BxcEL7G7_18IziJ.avif (reused cache entry) (+7ms) (182/4055)
16:39:36   ▶ /_astro/how-do-teeth-whitening-strips-work.CS-UeXiK_1T9f6f.avif (reused cache entry) (+7ms) (183/4055)
16:39:36   ▶ /_astro/AdobeStock_541244802.BS7Q-vUW_Z1YP8L8.jpg (reused cache entry) (+8ms) (184/4055)
16:39:36   ▶ /_astro/18598.azwWK2ji_2997ej.avif (reused cache entry) (+7ms) (185/4055)
16:39:36   ▶ /_astro/young-girl-with-bruxism.BdWzo013_ZyuBbb.jpg (reused cache entry) (+7ms) (186/4055)
16:39:36   ▶ /_astro/69041b_28c5595ed3114ebda3bbd15f55fde240mv2_d_1920_1279_s_2.qbF8rKlx_23cO1H.png (reused cache entry) (+12ms) (187/4055)
16:39:36   ▶ /_astro/69041b_70eb4c4cb10946a49822bf65a443d3d1mv2.jKlrwF30_2qiSwc.png (reused cache entry) (+6ms) (188/4055)
16:39:36   ▶ /_astro/Invisalign-1-Small-scaled.CPR6q4pU_ZPg9dF.avif (reused cache entry) (+6ms) (189/4055)
16:39:36   ▶ /_astro/69041b_6c1cfa257729450598a0d2c7139820b9mv2_d_1920_1279_s_2.CFx35BCv_hujTz.png (reused cache entry) (+9ms) (190/4055)
16:39:36   ▶ /_astro/young-female-patient-visiting-dentist-office.BqOGQIbl_4pA8f.jpg (reused cache entry) (+6ms) (191/4055)
16:39:36   ▶ /_astro/how-long-after-wisdom-teeth-removal-can-i-get-a-dental-cleaning.CEzFQZxl_2hsEqJ.avif (reused cache entry) (+6ms) (192/4055)
16:39:36   ▶ /_astro/how-do-teeth-whitening-strips-work.CS-UeXiK_Z12MxK6.avif (reused cache entry) (+5ms) (193/4055)
16:39:36   ▶ /_astro/2858.qoo5V0oN_16QQb9.jpg (reused cache entry) (+8ms) (194/4055)
16:39:36   ▶ /_astro/AdobeStock_541244802.BS7Q-vUW_enwOV.jpg (reused cache entry) (+5ms) (195/4055)
16:39:36   ▶ /_astro/cerrar-cliente-feliz-clinica-dental.BxcEL7G7_ZqhQQ4.jpg (reused cache entry) (+9ms) (196/4055)
16:39:36   ▶ /_astro/18598.azwWK2ji_Z1KO2f0.avif (reused cache entry) (+8ms) (197/4055)
16:39:36   ▶ /_astro/young-girl-with-bruxism.BdWzo013_1pUeUH.jpg (reused cache entry) (+7ms) (198/4055)
16:39:36   ▶ /_astro/69041b_28c5595ed3114ebda3bbd15f55fde240mv2_d_1920_1279_s_2.qbF8rKlx_22iOl9.png (reused cache entry) (+7ms) (199/4055)
16:39:36   ▶ /_astro/Invisalign-1-Small-scaled.CPR6q4pU_1uqprY.avif (reused cache entry) (+7ms) (200/4055)
16:39:36   ▶ /_astro/how-long-after-wisdom-teeth-removal-can-i-get-a-dental-cleaning.CEzFQZxl_eqpyH.avif (reused cache entry) (+6ms) (201/4055)
16:39:36   ▶ /_astro/young-female-patient-visiting-dentist-office.BqOGQIbl_ZYXyC.jpg (reused cache entry) (+7ms) (202/4055)
16:39:36   ▶ /_astro/69041b_6c1cfa257729450598a0d2c7139820b9mv2_d_1920_1279_s_2.CFx35BCv_ZLPCxh.png (reused cache entry) (+9ms) (203/4055)
16:39:36   ▶ /_astro/how-do-teeth-whitening-strips-work.CS-UeXiK_Z18A5oU.avif (reused cache entry) (+8ms) (204/4055)
16:39:36   ▶ /_astro/69041b_70eb4c4cb10946a49822bf65a443d3d1mv2.jKlrwF30_1zrcxK.png (reused cache entry) (+11ms) (205/4055)
16:39:36   ▶ /_astro/AdobeStock_541244802.BS7Q-vUW_Z2fA0Jh.jpg (reused cache entry) (+8ms) (206/4055)
16:39:36   ▶ /_astro/2858.qoo5V0oN_Z2hH4pW.avif (reused cache entry) (+8ms) (207/4055)
16:39:36   ▶ /_astro/cerrar-cliente-feliz-clinica-dental.BxcEL7G7_ZLhWsT.jpg (reused cache entry) (+6ms) (208/4055)
16:39:36   ▶ /_astro/18598.azwWK2ji_Z1TMLc.avif (reused cache entry) (+8ms) (209/4055)
16:39:36   ▶ /_astro/young-girl-with-bruxism.BdWzo013_1DYFal.jpg (reused cache entry) (+8ms) (210/4055)
16:39:36   ▶ /_astro/Invisalign-1-Small-scaled.CPR6q4pU_Z2eHSgi.avif (reused cache entry) (+7ms) (211/4055)
16:39:36   ▶ /_astro/how-long-after-wisdom-teeth-removal-can-i-get-a-dental-cleaning.CEzFQZxl_Z1JgoNB.avif (reused cache entry) (+7ms) (212/4055)
16:39:36   ▶ /_astro/69041b_28c5595ed3114ebda3bbd15f55fde240mv2_d_1920_1279_s_2.qbF8rKlx_Z1oqImK.png (reused cache entry) (+9ms) (213/4055)
16:39:36   ▶ /_astro/porcelain-veneers.DSlC1pKs_Z1IoI3o.avif (reused cache entry) (+7ms) (214/4055)
16:39:36   ▶ /_astro/young-female-patient-visiting-dentist-office.BqOGQIbl_1EQ7xi.jpg (reused cache entry) (+8ms) (215/4055)
16:39:36   ▶ /_astro/how-do-teeth-whitening-strips-work.CS-UeXiK_Zoiklm.avif (reused cache entry) (+7ms) (216/4055)
16:39:36   ▶ /_astro/2858.qoo5V0oN_ZPaEeP.avif (reused cache entry) (+7ms) (217/4055)
16:39:36   ▶ /_astro/AdobeStock_541244802.BS7Q-vUW_ZASJa8.jpg (reused cache entry) (+7ms) (218/4055)
16:39:36   ▶ /_astro/young-girl-with-bruxism.BdWzo013_1tne6q.avif (reused cache entry) (+6ms) (219/4055)
16:39:36   ▶ /_astro/cerrar-cliente-feliz-clinica-dental.BxcEL7G7_JJbWG.jpg (reused cache entry) (+8ms) (220/4055)
16:39:36   ▶ /_astro/18598.azwWK2ji_Z2cuVV1.avif (reused cache entry) (+7ms) (221/4055)
16:39:36   ▶ /_astro/how-long-after-wisdom-teeth-removal-can-i-get-a-dental-cleaning.CEzFQZxl_Z1QEsyG.avif (reused cache entry) (+6ms) (222/4055)
16:39:36   ▶ /_astro/69041b_70eb4c4cb10946a49822bf65a443d3d1mv2.jKlrwF30_1Wogxh.png (reused cache entry) (+11ms) (223/4055)
16:39:36   ▶ /_astro/Invisalign-1-Small-scaled.CPR6q4pU_ZbTROi.jpg (reused cache entry) (+9ms) (224/4055)
16:39:36   ▶ /_astro/porcelain-veneers.DSlC1pKs_Z1z3AHX.avif (reused cache entry) (+7ms) (225/4055)
16:39:36   ▶ /_astro/young-female-patient-visiting-dentist-office.BqOGQIbl_Z12ruUM.jpg (reused cache entry) (+7ms) (226/4055)
16:39:36   ▶ /_astro/how-do-teeth-whitening-strips-work.CS-UeXiK_68AhX.jpg (reused cache entry) (+7ms) (227/4055)
16:39:36   ▶ /_astro/2858.qoo5V0oN_ZsrkEy.avif (reused cache entry) (+7ms) (228/4055)
16:39:36   ▶ /_astro/AdobeStock_541244802.BS7Q-vUW_Z1xPect.jpg (reused cache entry) (+9ms) (229/4055)
16:39:36   ▶ /_astro/69041b_28c5595ed3114ebda3bbd15f55fde240mv2_d_1920_1279_s_2.qbF8rKlx_Z2sLFOB.png (reused cache entry) (+11ms) (230/4055)
16:39:36   ▶ /_astro/young-girl-with-bruxism.BdWzo013_Z1uiCgo.avif (reused cache entry) (+8ms) (231/4055)
16:39:36   ▶ /_astro/cerrar-cliente-feliz-clinica-dental.BxcEL7G7_Z1rwBnW.jpg (reused cache entry) (+8ms) (232/4055)
16:39:36   ▶ /_astro/Invisalign-1-Small-scaled.CPR6q4pU_1kaBmk.jpg (reused cache entry) (+6ms) (233/4055)
16:39:36   ▶ /_astro/how-long-after-wisdom-teeth-removal-can-i-get-a-dental-cleaning.CEzFQZxl_2boCUu.jpg (reused cache entry) (+8ms) (234/4055)
16:39:36   ▶ /_astro/29272.DsDhBZ7X_Z17Bgfb.avif (reused cache entry) (+8ms) (235/4055)
16:39:36   ▶ /_astro/porcelain-veneers.DSlC1pKs_ZDP3QO.avif (reused cache entry) (+7ms) (236/4055)
16:39:36   ▶ /_astro/18598.azwWK2ji_1DySSX.jpg (reused cache entry) (+10ms) (237/4055)
16:39:36   ▶ /_astro/2858.qoo5V0oN_16SrQJ.avif (reused cache entry) (+6ms) (238/4055)
16:39:36   ▶ /_astro/how-do-teeth-whitening-strips-work.CS-UeXiK_2enVfy.jpg (reused cache entry) (+6ms) (239/4055)
16:39:36   ▶ /_astro/shutterstock_1598735734-1.ijfqX0Km_ZNAWUU.avif (reused cache entry) (+7ms) (240/4055)
16:39:36   ▶ /_astro/AdobeStock_541244802.BS7Q-vUW_Z2gPriC.jpg (reused cache entry) (+5ms) (241/4055)
16:39:36   ▶ /_astro/young-girl-with-bruxism.BdWzo013_Z2cmc1D.avif (reused cache entry) (+4ms) (242/4055)
16:39:36   ▶ /_astro/woman-smiles-broadly-points-her-perfect-even-teeth-indicates-corners-lips-looks-away-wears-casual-blue-jumper-isolated-white-with-blank-copy-space.Bme_aEMP_27nfKn.avif (reused cache entry) (+5ms) (243/4055)
16:39:36   ▶ /_astro/Invisalign-1-Small-scaled.CPR6q4pU_BudGL.jpg (reused cache entry) (+5ms) (244/4055)
16:39:36   ▶ /_astro/29272.DsDhBZ7X_QjFXH.avif (reused cache entry) (+4ms) (245/4055)
16:39:36   ▶ /_astro/cerrar-cliente-feliz-clinica-dental.BxcEL7G7_Z5ziMs.jpg (reused cache entry) (+7ms) (246/4055)
16:39:36   ▶ /_astro/how-long-after-wisdom-teeth-removal-can-i-get-a-dental-cleaning.CEzFQZxl_8mo3s.jpg (reused cache entry) (+5ms) (247/4055)
16:39:36   ▶ /_astro/porcelain-veneers.DSlC1pKs_Z270326.avif (reused cache entry) (+5ms) (248/4055)
16:39:36   ▶ /_astro/18598.azwWK2ji_1ntLnn.jpg (reused cache entry) (+6ms) (249/4055)
16:39:36   ▶ /_astro/2858.qoo5V0oN_Hk3sM.avif (reused cache entry) (+5ms) (250/4055)
16:39:36   ▶ /_astro/how-do-teeth-whitening-strips-work.CS-UeXiK_28AoAJ.jpg (reused cache entry) (+5ms) (251/4055)
16:39:36   ▶ /_astro/shutterstock_1598735734-1.ijfqX0Km_Z1sfbif.avif (reused cache entry) (+5ms) (252/4055)
16:39:36   ▶ /_astro/young-girl-with-bruxism.BdWzo013_ZEhTrb.avif (reused cache entry) (+5ms) (253/4055)
16:39:36   ▶ /_astro/40926.sqr5qYQ5_ZshifN.avif (reused cache entry) (+6ms) (254/4055)
16:39:36   ▶ /_astro/woman-smiles-broadly-points-her-perfect-even-teeth-indicates-corners-lips-looks-away-wears-casual-blue-jumper-isolated-white-with-blank-copy-space.Bme_aEMP_ZcIJaL.avif (reused cache entry) (+6ms) (255/4055)
16:39:36   ▶ /_astro/Invisalign-1-Small-scaled.CPR6q4pU_ZY02Fu.jpg (reused cache entry) (+4ms) (256/4055)
16:39:36   ▶ /_astro/29272.DsDhBZ7X_1JAeiS.avif (reused cache entry) (+5ms) (257/4055)
16:39:36   ▶ /_astro/cerrar-cliente-feliz-clinica-dental.BxcEL7G7_ZYwqvL.avif (reused cache entry) (+5ms) (258/4055)
16:39:36   ▶ /_astro/how-long-after-wisdom-teeth-removal-can-i-get-a-dental-cleaning.CEzFQZxl_Z1PkqjQ.jpg (reused cache entry) (+5ms) (259/4055)
16:39:36   ▶ /_astro/18598.azwWK2ji_J43X2.jpg (reused cache entry) (+4ms) (260/4055)
16:39:36   ▶ /_astro/porcelain-veneers.DSlC1pKs_1zbHhU.jpg (reused cache entry) (+6ms) (261/4055)
16:39:36   ▶ /_astro/shutterstock_1598735734-1.ijfqX0Km_2h9ktN.avif (reused cache entry) (+5ms) (262/4055)
16:39:36   ▶ /_astro/2858.qoo5V0oN_Z215hTa.avif (reused cache entry) (+6ms) (263/4055)
16:39:36   ▶ /_astro/how-do-teeth-whitening-strips-work.CS-UeXiK_Z2ciY9D.jpg (reused cache entry) (+6ms) (264/4055)
16:39:36   ▶ /_astro/40926.sqr5qYQ5_1DSdq9.avif (reused cache entry) (+5ms) (265/4055)
16:39:36   ▶ /_astro/young-girl-with-bruxism.BdWzo013_ZDY39v.jpg (reused cache entry) (+5ms) (266/4055)
16:39:36   ▶ /_astro/woman-smiles-broadly-points-her-perfect-even-teeth-indicates-corners-lips-looks-away-wears-casual-blue-jumper-isolated-white-with-blank-copy-space.Bme_aEMP_Zx5gwm.avif (reused cache entry) (+5ms) (267/4055)
16:39:36   ▶ /_astro/cerrar-cliente-feliz-clinica-dental.BxcEL7G7_5MICc.avif (reused cache entry) (+4ms) (268/4055)
16:39:36   ▶ /_astro/29272.DsDhBZ7X_ZBlPEa.avif (reused cache entry) (+5ms) (269/4055)
16:39:36   ▶ /_astro/Invisalign-1-Small-scaled.CPR6q4pU_28NS8v.jpg (reused cache entry) (+6ms) (270/4055)
16:39:36   ▶ /_astro/how-long-after-wisdom-teeth-removal-can-i-get-a-dental-cleaning.CEzFQZxl_Z1WIu4V.jpg (reused cache entry) (+6ms) (271/4055)
16:39:36   ▶ /_astro/18598.azwWK2ji_1Ti3iE.jpg (reused cache entry) (+5ms) (272/4055)
16:39:36   ▶ /_astro/porcelain-veneers.DSlC1pKs_1IwOCl.jpg (reused cache entry) (+4ms) (273/4055)
16:39:36   ▶ /_astro/shutterstock_1598735734-1.ijfqX0Km_2jE9oz.avif (reused cache entry) (+4ms) (274/4055)
16:39:36   ▶ /_astro/how-do-teeth-whitening-strips-work.CS-UeXiK_hqVi5.avif (reused cache entry) (+5ms) (275/4055)
16:39:36   ▶ /_astro/young-girl-with-bruxism.BdWzo013_Z14tXBE.jpg (reused cache entry) (+5ms) (276/4055)
16:39:36   ▶ /_astro/40926.sqr5qYQ5_Z2x2n3B.avif (reused cache entry) (+5ms) (277/4055)
16:39:36   ▶ /_astro/cerrar-cliente-feliz-clinica-dental.BxcEL7G7_1V29DK.avif (reused cache entry) (+5ms) (278/4055)
16:39:36   ▶ /_astro/2858.qoo5V0oN_1np17H.jpg (reused cache entry) (+7ms) (279/4055)
16:39:36   ▶ /_astro/woman-smiles-broadly-points-her-perfect-even-teeth-indicates-corners-lips-looks-away-wears-casual-blue-jumper-isolated-white-with-blank-copy-space.Bme_aEMP_Z1NJ7OX.jpg (reused cache entry) (+6ms) (280/4055)
16:39:36   ▶ /_astro/29272.DsDhBZ7X_1ie8Gw.avif (reused cache entry) (+6ms) (281/4055)
16:39:36   ▶ /_astro/how-long-after-wisdom-teeth-removal-can-i-get-a-dental-cleaning.CEzFQZxl_ZqVkSq.avif (reused cache entry) (+6ms) (282/4055)
16:39:36   ▶ /_astro/Invisalign-1-Small-scaled.CPR6q4pU_Z1AkpzL.jpg (reused cache entry) (+9ms) (283/4055)
16:39:36   ▶ /_astro/18598.azwWK2ji_1YiPjz.jpg (reused cache entry) (+8ms) (284/4055)
16:39:36   ▶ /_astro/porcelain-veneers.DSlC1pKs_Z2qqLkr.jpg (reused cache entry) (+8ms) (285/4055)
16:39:36   ▶ /_astro/how-do-teeth-whitening-strips-work.CS-UeXiK_138ISH.avif (reused cache entry) (+7ms) (286/4055)
16:39:36   ▶ /_astro/young-girl-with-bruxism.BdWzo013_Z1LxxmT.jpg (reused cache entry) (+7ms) (287/4055)
16:39:36   ▶ /_astro/shutterstock_1598735734-1.ijfqX0Km_28dSC5.jpg (reused cache entry) (+9ms) (288/4055)
16:39:36   ▶ /_astro/40926.sqr5qYQ5_bcFMh.avif (reused cache entry) (+8ms) (289/4055)
16:39:36   ▶ /_astro/cerrar-cliente-feliz-clinica-dental.BxcEL7G7_1KWcy5.avif (reused cache entry) (+7ms) (290/4055)
16:39:36   ▶ /_astro/2858.qoo5V0oN_Z1cWOK8.jpg (reused cache entry) (+7ms) (291/4055)
16:39:36   ▶ /_astro/how-long-after-wisdom-teeth-removal-can-i-get-a-dental-cleaning.CEzFQZxl_2dbiMl.avif (reused cache entry) (+5ms) (292/4055)
16:39:36   ▶ /_astro/woman-smiles-broadly-points-her-perfect-even-teeth-indicates-corners-lips-looks-away-wears-casual-blue-jumper-isolated-white-with-blank-copy-space.Bme_aEMP_Vl12O.jpg (reused cache entry) (+8ms) (293/4055)
16:39:36   ▶ /_astro/29272.DsDhBZ7X_1vobVx.avif (reused cache entry) (+8ms) (294/4055)
16:39:36   ▶ /_astro/foto-dentista-sonriente-pie-brazos-cruzados-su-colega-mostrando-signo-bien.D1HG_DZN_i78Hz.avif (reused cache entry) (+5ms) (295/4055)
16:39:36   ▶ /_astro/18598.azwWK2ji_ZbhiPf.jpg (reused cache entry) (+5ms) (296/4055)
16:39:36   ▶ /_astro/how-do-teeth-whitening-strips-work.CS-UeXiK_Z1202xC.avif (reused cache entry) (+5ms) (297/4055)
16:39:36   ▶ /_astro/porcelain-veneers.DSlC1pKs_1bAnjd.jpg (reused cache entry) (+6ms) (298/4055)
16:39:36   ▶ /_astro/young-girl-with-bruxism.BdWzo013_ZetfMr.jpg (reused cache entry) (+7ms) (299/4055)
16:39:36   ▶ /_astro/cerrar-cliente-feliz-clinica-dental.BxcEL7G7_Z1BO1KW.avif (reused cache entry) (+6ms) (300/4055)
16:39:36   ▶ /_astro/40926.sqr5qYQ5_xLTxz.avif (reused cache entry) (+6ms) (301/4055)
16:39:36   ▶ /_astro/shutterstock_1598735734-1.ijfqX0Km_1tzFfK.jpg (reused cache entry) (+7ms) (302/4055)
16:39:36   ▶ /_astro/2858.qoo5V0oN_ZPevaQ.jpg (reused cache entry) (+6ms) (303/4055)
16:39:36   ▶ /_astro/how-long-after-wisdom-teeth-removal-can-i-get-a-dental-cleaning.CEzFQZxl_1580xP.avif (reused cache entry) (+6ms) (304/4055)
16:39:36   ▶ /_astro/woman-smiles-broadly-points-her-perfect-even-teeth-indicates-corners-lips-looks-away-wears-casual-blue-jumper-isolated-white-with-blank-copy-space.Bme_aEMP_AYtGe.jpg (reused cache entry) (+7ms) (305/4055)
16:39:36   ▶ /_astro/danielle-profile1-tiny.BkErRIOv_Z1t6g9x.avif (reused cache entry) (+5ms) (306/4055)
16:39:36   ▶ /_astro/foto-dentista-sonriente-pie-brazos-cruzados-su-colega-mostrando-signo-bien.D1HG_DZN_Z12ADK9.avif (reused cache entry) (+6ms) (307/4055)
16:39:36   ▶ /_astro/how-do-teeth-whitening-strips-work.CS-UeXiK_Z1JYxux.avif (reused cache entry) (+7ms) (308/4055)
16:39:36   ▶ /_astro/29272.DsDhBZ7X_sUQQu.jpg (reused cache entry) (+8ms) (309/4055)
16:39:36   ▶ /_astro/porcelain-veneers.DSlC1pKs_Z2qDitu.avif (reused cache entry) (+8ms) (310/4055)
16:39:36   ▶ /_astro/2149195934.K4PmhIvU_SKABG.avif (reused cache entry) (+6ms) (311/4055)
16:39:36   ▶ /_astro/cerrar-cliente-feliz-clinica-dental.BxcEL7G7_Z2dPjBX.jpg (reused cache entry) (+6ms) (312/4055)
16:39:36   ▶ /_astro/40926.sqr5qYQ5_KVWMA.avif (reused cache entry) (+6ms) (313/4055)
16:39:36   ▶ /_astro/2858.qoo5V0oN_J6hlr.jpg (reused cache entry) (+6ms) (314/4055)
16:39:36   ▶ /_astro/shutterstock_1598735734-1.ijfqX0Km_8M3dR.jpg (reused cache entry) (+7ms) (315/4055)
16:39:36   ▶ /_astro/how-long-after-wisdom-teeth-removal-can-i-get-a-dental-cleaning.CEzFQZxl_1arU3P.avif (reused cache entry) (+7ms) (316/4055)
16:39:36   ▶ /_astro/danielle-profile1-tiny.BkErRIOv_1YtJbJ.avif (reused cache entry) (+6ms) (317/4055)
16:39:36   ▶ /_astro/woman-smiles-broadly-points-her-perfect-even-teeth-indicates-corners-lips-looks-away-wears-casual-blue-jumper-isolated-white-with-blank-copy-space.Bme_aEMP_196cQF.avif (reused cache entry) (+7ms) (318/4055)
16:39:36   ▶ /_astro/foto-dentista-sonriente-pie-brazos-cruzados-su-colega-mostrando-signo-bien.D1HG_DZN_ZlNIaP.avif (reused cache entry) (+7ms) (319/4055)
16:39:36   ▶ /_astro/porcelain-veneers.DSlC1pKs_1knYfL.avif (reused cache entry) (+6ms) (320/4055)
16:39:36   ▶ /_astro/29272.DsDhBZ7X_ZxKmhz.jpg (reused cache entry) (+7ms) (321/4055)
16:39:36   ▶ /_astro/2149195934.K4PmhIvU_Z2aF4mH.avif (reused cache entry) (+7ms) (322/4055)
16:39:36   ▶ /_astro/how-do-teeth-whitening-strips-work.CS-UeXiK_jiifI.jpg (reused cache entry) (+8ms) (323/4055)
16:39:36   ▶ /_astro/cerrar-cliente-feliz-clinica-dental.BxcEL7G7_12oSq1.jpg (reused cache entry) (+7ms) (324/4055)
16:39:36   ▶ /_astro/how-long-after-wisdom-teeth-removal-can-i-get-a-dental-cleaning.CEzFQZxl_1yd22S.jpg (reused cache entry) (+6ms) (325/4055)
16:39:36   ▶ /_astro/2858.qoo5V0oN_ZGJYMu.jpg (reused cache entry) (+8ms) (326/4055)
16:39:36   ▶ /_astro/shutterstock_1598735734-1.ijfqX0Km_bhR8D.jpg (reused cache entry) (+9ms) (327/4055)
16:39:36   ▶ /_astro/woman-smiles-broadly-points-her-perfect-even-teeth-indicates-corners-lips-looks-away-wears-casual-blue-jumper-isolated-white-with-blank-copy-space.Bme_aEMP_Z1tbwMI.avif (reused cache entry) (+7ms) (328/4055)
16:39:36   ▶ /_astro/40926.sqr5qYQ5_18fOPR.jpg (reused cache entry) (+10ms) (329/4055)
16:39:36   ▶ /_astro/danielle-profile1-tiny.BkErRIOv_ZjnrCE.avif (reused cache entry) (+8ms) (330/4055)
16:39:36   ▶ /_astro/porcelain-veneers.DSlC1pKs_1qkbDu.avif (reused cache entry) (+6ms) (331/4055)
16:39:36   ▶ /_astro/2149195934.K4PmhIvU_1d4nA7.avif (reused cache entry) (+6ms) (332/4055)
16:39:36   ▶ /_astro/foto-dentista-sonriente-pie-brazos-cruzados-su-colega-mostrando-signo-bien.D1HG_DZN_Z2bP0GG.avif (reused cache entry) (+9ms) (333/4055)
16:39:36   ▶ /_astro/29272.DsDhBZ7X_kvb2B.jpg (reused cache entry) (+7ms) (334/4055)
16:39:36   ▶ /_astro/how-do-teeth-whitening-strips-work.CS-UeXiK_ZJQTTz.jpg (reused cache entry) (+8ms) (335/4055)
16:39:36   ▶ /_astro/how-long-after-wisdom-teeth-removal-can-i-get-a-dental-cleaning.CEzFQZxl_277hh6.jpg (reused cache entry) (+7ms) (336/4055)
16:39:36   ▶ /_astro/cerrar-cliente-feliz-clinica-dental.BxcEL7G7_Z2cxOmm.jpg (reused cache entry) (+9ms) (337/4055)
16:39:36   ▶ /_astro/shutterstock_1598735734-1.ijfqX0Km_2gTVQ1.avif (reused cache entry) (+6ms) (338/4055)
16:39:36   ▶ /_astro/2858.qoo5V0oN_1E1MDu.jpg (reused cache entry) (+7ms) (339/4055)
16:39:36   ▶ /_astro/woman-smiles-broadly-points-her-perfect-even-teeth-indicates-corners-lips-looks-away-wears-casual-blue-jumper-isolated-white-with-blank-copy-space.Bme_aEMP_zmhz1.avif (reused cache entry) (+6ms) (340/4055)
16:39:36   ▶ /_astro/40926.sqr5qYQ5_eNa9R.jpg (reused cache entry) (+7ms) (341/4055)
16:39:36   ▶ /_astro/porcelain-veneers.DSlC1pKs_ZsVJtc.avif (reused cache entry) (+6ms) (342/4055)
16:39:36   ▶ /_astro/danielle-profile1-tiny.BkErRIOv_Z21Nekx.jpg (reused cache entry) (+7ms) (343/4055)
16:39:36   ▶ /_astro/2149195934.K4PmhIvU_1wYd0l.avif (reused cache entry) (+6ms) (344/4055)
16:39:36   ▶ /_astro/foto-dentista-sonriente-pie-brazos-cruzados-su-colega-mostrando-signo-bien.D1HG_DZN_Z2fnvl2.avif (reused cache entry) (+6ms) (345/4055)
16:39:36   ▶ /_astro/29272.DsDhBZ7X_Z21qSUr.jpg (reused cache entry) (+6ms) (346/4055)
16:39:36   ▶ /_astro/how-long-after-wisdom-teeth-removal-can-i-get-a-dental-cleaning.CEzFQZxl_Y3Y2A.jpg (reused cache entry) (+5ms) (347/4055)
16:39:36   ▶ /_astro/how-do-teeth-whitening-strips-work.CS-UeXiK_2fbrs2.jpg (reused cache entry) (+6ms) (348/4055)
16:39:36   ▶ /_astro/cerrar-cliente-feliz-clinica-dental.BxcEL7G7_Z2mCLs2.jpg (reused cache entry) (+5ms) (349/4055)
16:39:36   ▶ /_astro/shutterstock_1598735734-1.ijfqX0Km_Z1Wk9ib.avif (reused cache entry) (+5ms) (350/4055)
16:39:36   ▶ /_astro/woman-smiles-broadly-points-her-perfect-even-teeth-indicates-corners-lips-looks-away-wears-casual-blue-jumper-isolated-white-with-blank-copy-space.Bme_aEMP_1vrqy9.avif (reused cache entry) (+5ms) (351/4055)
16:39:36   ▶ /_astro/40926.sqr5qYQ5_184Hu3.jpg (reused cache entry) (+5ms) (352/4055)
16:39:36   ▶ /_astro/49602.SNNI-Q57_Z1lcyj3.avif (reused cache entry) (+7ms) (353/4055)
16:39:36   ▶ /_astro/porcelain-veneers.DSlC1pKs_Z1G6N1w.jpg (reused cache entry) (+5ms) (354/4055)
16:39:36   ▶ /_astro/2149195934.K4PmhIvU_Z1r55j.avif (reused cache entry) (+6ms) (355/4055)
16:39:36   ▶ /_astro/danielle-profile1-tiny.BkErRIOv_1qLL0J.jpg (reused cache entry) (+7ms) (356/4055)
16:39:36   ▶ /_astro/29272.DsDhBZ7X_Z1KJm1D.jpg (reused cache entry) (+6ms) (357/4055)
16:39:36   ▶ /_astro/how-long-after-wisdom-teeth-removal-can-i-get-a-dental-cleaning.CEzFQZxl_14nSxA.jpg (reused cache entry) (+6ms) (358/4055)
16:39:36   ▶ /_astro/how-do-teeth-whitening-strips-work.CS-UeXiK_1wbVv7.jpg (reused cache entry) (+7ms) (359/4055)
16:39:36   ▶ /_astro/shutterstock_1598735734-1.ijfqX0Km_ZqGspf.avif (reused cache entry) (+6ms) (360/4055)
16:39:36   ▶ /_astro/foto-dentista-sonriente-pie-brazos-cruzados-su-colega-mostrando-signo-bien.D1HG_DZN_ZzymtG.jpg (reused cache entry) (+8ms) (361/4055)
16:39:36   ▶ /_astro/49602.SNNI-Q57_kCpbG.avif (reused cache entry) (+6ms) (362/4055)
16:39:36   ▶ /_astro/cerrar-cliente-feliz-clinica-dental.BxcEL7G7_2e4dVM.jpg (reused cache entry) (+9ms) (363/4055)
16:39:36   ▶ /_astro/woman-smiles-broadly-points-her-perfect-even-teeth-indicates-corners-lips-looks-away-wears-casual-blue-jumper-isolated-white-with-blank-copy-space.Bme_aEMP_1a7G2q.jpg (reused cache entry) (+7ms) (364/4055)
16:39:36   ▶ /_astro/40926.sqr5qYQ5_Z1dRmt0.jpg (reused cache entry) (+7ms) (365/4055)
16:39:36   ▶ /_astro/porcelain-veneers.DSlC1pKs_ZrcIcQ.jpg (reused cache entry) (+7ms) (366/4055)
16:39:36   ▶ /_astro/2149195934.K4PmhIvU_Zjwa0y.avif (reused cache entry) (+6ms) (367/4055)
16:39:36   ▶ /_astro/danielle-profile1-tiny.BkErRIOv_ZR5pNE.jpg (reused cache entry) (+6ms) (368/4055)
16:39:36   ▶ /_astro/29272.DsDhBZ7X_Z1XfNKI.jpg (reused cache entry) (+6ms) (369/4055)
16:39:36   ▶ /_astro/dentist-assisting-patient-wear-invisible-braces.nM-aRh9C_PTGe4.avif (reused cache entry) (+6ms) (370/4055)
16:39:36   ▶ /_astro/shutterstock_1598735734-1.ijfqX0Km_ZpQcsx.avif (reused cache entry) (+6ms) (371/4055)
16:39:36   ▶ /_astro/dentist-doing-check-up-patient.DMKC7kq6_Z9Ffln.avif (reused cache entry) (+7ms) (372/4055)
16:39:36   ▶ /_astro/49602.SNNI-Q57_1dSWvR.avif (reused cache entry) (+6ms) (373/4055)
16:39:36   ▶ /_astro/foto-dentista-sonriente-pie-brazos-cruzados-su-colega-mostrando-signo-bien.D1HG_DZN_Z2kpqpc.jpg (reused cache entry) (+7ms) (374/4055)
16:39:36   ▶ /_astro/66485.C98K1vnF_DKwI7.avif (reused cache entry) (+6ms) (375/4055)
16:39:36   ▶ /_astro/woman-smiles-broadly-points-her-perfect-even-teeth-indicates-corners-lips-looks-away-wears-casual-blue-jumper-isolated-white-with-blank-copy-space.Bme_aEMP_Zk6Lz8.jpg (reused cache entry) (+7ms) (376/4055)
16:39:36   ▶ /_astro/porcelain-veneers.DSlC1pKs_ZlgvO8.jpg (reused cache entry) (+6ms) (377/4055)
16:39:36   ▶ /_astro/danielle-profile1-tiny.BkErRIOv_2mRO0v.avif (reused cache entry) (+6ms) (378/4055)
16:39:36   ▶ /_astro/40926.sqr5qYQ5_Z2vbAaA.jpg (reused cache entry) (+9ms) (379/4055)
16:39:36   ▶ /_astro/29272.DsDhBZ7X_Zyatap.avif (reused cache entry) (+6ms) (380/4055)
16:39:36   ▶ /_astro/dentist-assisting-patient-wear-invisible-braces.nM-aRh9C_ZR8BKL.avif (reused cache entry) (+6ms) (381/4055)
16:39:36   ▶ /_astro/2149195934.K4PmhIvU_28juwT.jpg (reused cache entry) (+8ms) (382/4055)
16:39:36   ▶ /_astro/dentist-doing-check-up-patient.DMKC7kq6_R1uuI.avif (reused cache entry) (+5ms) (383/4055)
16:39:36   ▶ /_astro/shutterstock_1598735734-1.ijfqX0Km_28b3oc.jpg (reused cache entry) (+6ms) (384/4055)
16:39:36   ▶ /_astro/66485.C98K1vnF_R39HD.avif (reused cache entry) (+5ms) (385/4055)
16:39:36   ▶ /_astro/foto-dentista-sonriente-pie-brazos-cruzados-su-colega-mostrando-signo-bien.D1HG_DZN_Z1DCuOS.jpg (reused cache entry) (+6ms) (386/4055)
16:39:36   ▶ /_astro/49602.SNNI-Q57_Z1837rb.avif (reused cache entry) (+7ms) (387/4055)
16:39:36   ▶ /_astro/woman-smiles-broadly-points-her-perfect-even-teeth-indicates-corners-lips-looks-away-wears-casual-blue-jumper-isolated-white-with-blank-copy-space.Bme_aEMP_1Ir2MB.jpg (reused cache entry) (+6ms) (388/4055)
16:39:36   ▶ /_astro/danielle-profile1-tiny.BkErRIOv_1786bV.avif (reused cache entry) (+5ms) (389/4055)
16:39:36   ▶ /_astro/porcelain-veneers.DSlC1pKs_Z2fxrVO.jpg (reused cache entry) (+6ms) (390/4055)
16:39:36   ▶ /_astro/29272.DsDhBZ7X_k6hnp.avif (reused cache entry) (+5ms) (391/4055)
16:39:36   ▶ /_astro/dentist-assisting-patient-wear-invisible-braces.nM-aRh9C_Z1diwsN.avif (reused cache entry) (+5ms) (392/4055)
16:39:36   ▶ /_astro/40926.sqr5qYQ5_2mu5Tg.jpg (reused cache entry) (+6ms) (393/4055)
16:39:36   ▶ /_astro/2149195934.K4PmhIvU_2iNckY.jpg (reused cache entry) (+5ms) (394/4055)
16:39:36   ▶ /_astro/dentist-doing-check-up-patient.DMKC7kq6_ZrVQvh.avif (reused cache entry) (+5ms) (395/4055)
16:39:36   ▶ /_astro/shutterstock_1598735734-1.ijfqX0Km_YuHfO.jpg (reused cache entry) (+5ms) (396/4055)
16:39:36   ▶ /_astro/66485.C98K1vnF_1KjH2O.avif (reused cache entry) (+5ms) (397/4055)
16:39:36   ▶ /_astro/danielle-profile1-tiny.BkErRIOv_1rdy0Q.avif (reused cache entry) (+4ms) (398/4055)
16:39:36   ▶ /_astro/49602.SNNI-Q57_rl2JO.avif (reused cache entry) (+6ms) (399/4055)
16:39:36   ▶ /_astro/woman-smiles-broadly-points-her-perfect-even-teeth-indicates-corners-lips-looks-away-wears-casual-blue-jumper-isolated-white-with-blank-copy-space.Bme_aEMP_Z2pEW2c.jpg (reused cache entry) (+5ms) (400/4055)
16:39:36   ▶ /_astro/29272.DsDhBZ7X_Zjjq1V.avif (reused cache entry) (+5ms) (401/4055)
16:39:36   ▶ /_astro/2149085891.zrelcexE_9yKKX.avif (reused cache entry) (+6ms) (402/4055)
16:39:36   ▶ /_astro/dentist-assisting-patient-wear-invisible-braces.nM-aRh9C_Zru6UF.avif (reused cache entry) (+5ms) (403/4055)
16:39:36   ▶ /_astro/foto-dentista-sonriente-pie-brazos-cruzados-su-colega-mostrando-signo-bien.D1HG_DZN_1Axlsc.jpg (reused cache entry) (+8ms) (404/4055)
16:39:36   ▶ /_astro/40926.sqr5qYQ5_Z1iBHjm.avif (reused cache entry) (+5ms) (405/4055)
16:39:36   ▶ /_astro/dentist-doing-check-up-patient.DMKC7kq6_Rp4Cn.avif (reused cache entry) (+6ms) (406/4055)
16:39:36   ▶ /_astro/2149195934.K4PmhIvU_BlvtR.jpg (reused cache entry) (+6ms) (407/4055)
16:39:36   ▶ /_astro/66485.C98K1vnF_ZACmUe.avif (reused cache entry) (+5ms) (408/4055)
16:39:36   ▶ /_astro/shutterstock_1598735734-1.ijfqX0Km_2v8o8K.jpg (reused cache entry) (+6ms) (409/4055)
16:39:36   ▶ /_astro/danielle-profile1-tiny.BkErRIOv_1OaPOv.jpg (reused cache entry) (+5ms) (410/4055)
16:39:36   ▶ /_astro/29272.DsDhBZ7X_PTyiG.avif (reused cache entry) (+5ms) (411/4055)
16:39:36   ▶ /_astro/49602.SNNI-Q57_Ev5YP.avif (reused cache entry) (+6ms) (412/4055)
16:39:36   ▶ /_astro/2149085891.zrelcexE_Z1fhsL3.avif (reused cache entry) (+5ms) (413/4055)
16:39:36   ▶ /_astro/young-woman-covering-her-mouth-with-hand-gray-background.NUE3yi3i_1V5tAT.avif (reused cache entry) (+7ms) (414/4055)
16:39:36   ▶ /_astro/dentist-assisting-patient-wear-invisible-braces.nM-aRh9C_Z1bmJBo.avif (reused cache entry) (+6ms) (415/4055)
16:39:36   ▶ /_astro/40926.sqr5qYQ5_17ENOQ.avif (reused cache entry) (+5ms) (416/4055)
16:39:36   ▶ /_astro/dentist-doing-check-up-patient.DMKC7kq6_1EzzvJ.avif (reused cache entry) (+5ms) (417/4055)
16:39:36   ▶ /_astro/66485.C98K1vnF_1EOJwu.avif (reused cache entry) (+5ms) (418/4055)
16:39:36   ▶ /_astro/foto-dentista-sonriente-pie-brazos-cruzados-su-colega-mostrando-signo-bien.D1HG_DZN_Z1C5z95.jpg (reused cache entry) (+7ms) (419/4055)
16:39:36   ▶ /_astro/2149195934.K4PmhIvU_VgkT6.jpg (reused cache entry) (+6ms) (420/4055)
16:39:36   ▶ /_astro/danielle-profile1-tiny.BkErRIOv_yq80V.jpg (reused cache entry) (+7ms) (421/4055)
16:39:36   ▶ /_astro/shutterstock_1598735734-1.ijfqX0Km_2vXE5s.jpg (reused cache entry) (+7ms) (422/4055)
16:39:36   ▶ /_astro/29272.DsDhBZ7X_ZdqwJN.avif (reused cache entry) (+6ms) (423/4055)
16:39:36   ▶ /_astro/2149085891.zrelcexE_28rYbL.avif (reused cache entry) (+6ms) (424/4055)
16:39:36   ▶ /_astro/young-woman-covering-her-mouth-with-hand-gray-background.NUE3yi3i_Z2cr2vu.avif (reused cache entry) (+6ms) (425/4055)
16:39:36   ▶ /_astro/49602.SNNI-Q57_fkyMC.jpg (reused cache entry) (+7ms) (426/4055)
16:39:36   ▶ /_astro/dentist-assisting-patient-wear-invisible-braces.nM-aRh9C_ZAdQ0t.avif (reused cache entry) (+6ms) (427/4055)
16:39:36   ▶ /_astro/40926.sqr5qYQ5_tf6pv.avif (reused cache entry) (+8ms) (428/4055)
16:39:36   ▶ /_astro/66485.C98K1vnF_1RYMLv.avif (reused cache entry) (+7ms) (429/4055)
16:39:36   ▶ /_astro/foto-dentista-sonriente-pie-brazos-cruzados-su-colega-mostrando-signo-bien.D1HG_DZN_Z1k9WQF.avif (reused cache entry) (+7ms) (430/4055)
16:39:36   ▶ /_astro/dentist-doing-check-up-patient.DMKC7kq6_1STz3h.avif (reused cache entry) (+8ms) (431/4055)
16:39:36   ▶ /_astro/danielle-profile1-tiny.BkErRIOv_SvzOQ.jpg (reused cache entry) (+7ms) (432/4055)
16:39:36   ▶ /_astro/65410.O02aQvth_2vJG7N.avif (reused cache entry) (+7ms) (433/4055)
16:39:36   ▶ /_astro/29272.DsDhBZ7X_Z2o1FTC.avif (reused cache entry) (+7ms) (434/4055)
16:39:36   ▶ /_astro/2149195934.K4PmhIvU_1E3v0N.jpg (reused cache entry) (+10ms) (435/4055)
16:39:36   ▶ /_astro/2149085891.zrelcexE_2smNB0.avif (reused cache entry) (+7ms) (436/4055)
16:39:36   ▶ /_astro/young-woman-covering-her-mouth-with-hand-gray-background.NUE3yi3i_Z1x6JSH.avif (reused cache entry) (+8ms) (437/4055)
16:39:36   ▶ /_astro/40926.sqr5qYQ5_1Dt5K8.avif (reused cache entry) (+5ms) (438/4055)
16:39:36   ▶ /_astro/49602.SNNI-Q57_Z14rD4A.jpg (reused cache entry) (+8ms) (439/4055)
16:39:36   ▶ /_astro/foto-dentista-sonriente-pie-brazos-cruzados-su-colega-mostrando-signo-bien.D1HG_DZN_Z23DXhi.avif (reused cache entry) (+5ms) (440/4055)
16:39:36   ▶ /_astro/dentist-assisting-patient-wear-invisible-braces.nM-aRh9C_Z1SGIBL.jpg (reused cache entry) (+9ms) (441/4055)
16:39:36   ▶ /_astro/65410.O02aQvth_Z2londm.avif (reused cache entry) (+5ms) (442/4055)
16:39:36   ▶ /_astro/66485.C98K1vnF_2fiEOM.jpg (reused cache entry) (+8ms) (443/4055)
16:39:36   ▶ /_astro/portrait-man-with-toothache-grimacing-from-pain-touching-cheek-standing-against-blue-background.CSe5Uo9i_29CzAU.avif (reused cache entry) (+7ms) (444/4055)
16:39:36   ▶ /_astro/dentist-doing-check-up-patient.DMKC7kq6_KNCch.jpg (reused cache entry) (+8ms) (445/4055)
16:39:36   ▶ /_astro/2149085891.zrelcexE_Z1RDlmA.avif (reused cache entry) (+6ms) (446/4055)
16:39:36   ▶ /_astro/young-woman-covering-her-mouth-with-hand-gray-background.NUE3yi3i_1EKKnd.avif (reused cache entry) (+6ms) (447/4055)
16:39:36   ▶ /_astro/29272.DsDhBZ7X_1s39Um.jpg (reused cache entry) (+8ms) (448/4055)
16:39:36   ▶ /_astro/2149195934.K4PmhIvU_U1ITE.jpg (reused cache entry) (+8ms) (449/4055)
16:39:36   ▶ /_astro/40926.sqr5qYQ5_ZWRKSK.avif (reused cache entry) (+7ms) (450/4055)
16:39:36   ▶ /_astro/foto-dentista-sonriente-pie-brazos-cruzados-su-colega-mostrando-signo-bien.D1HG_DZN_Zw6n62.avif (reused cache entry) (+6ms) (451/4055)
16:39:36   ▶ /_astro/49602.SNNI-Q57_Zbb5Jp.jpg (reused cache entry) (+8ms) (452/4055)
16:39:36   ▶ /_astro/dentist-assisting-patient-wear-invisible-braces.nM-aRh9C_KJEcz.jpg (reused cache entry) (+6ms) (453/4055)
16:39:36   ▶ /_astro/65410.O02aQvth_Z1s7OSb.avif (reused cache entry) (+6ms) (454/4055)
16:39:36   ▶ /_astro/portrait-man-with-toothache-grimacing-from-pain-touching-cheek-standing-against-blue-background.CSe5Uo9i_24oOhK.avif (reused cache entry) (+6ms) (455/4055)
16:39:36   ▶ /_astro/66485.C98K1vnF_Zx1SxD.jpg (reused cache entry) (+7ms) (456/4055)
16:39:36   ▶ /_astro/29272.DsDhBZ7X_Z14XKRR.jpg (reused cache entry) (+7ms) (457/4055)
16:39:36   ▶ /_astro/dentist-doing-check-up-patient.DMKC7kq6_Z1swyk.jpg (reused cache entry) (+11ms) (458/4055)
16:39:36   ▶ /_astro/2149085891.zrelcexE_Z2aIqhP.avif (reused cache entry) (+11ms) (459/4055)
16:39:36   ▶ /_astro/young-woman-covering-her-mouth-with-hand-gray-background.NUE3yi3i_Z1nDo0U.avif (reused cache entry) (+10ms) (460/4055)
16:39:36   ▶ /_astro/2149195934.K4PmhIvU_Z2sIP0L.avif (reused cache entry) (+10ms) (461/4055)
16:39:36   ▶ /_astro/40926.sqr5qYQ5_1VIdKm.avif (reused cache entry) (+9ms) (462/4055)
16:39:36   ▶ /_astro/foto-dentista-sonriente-pie-brazos-cruzados-su-colega-mostrando-signo-bien.D1HG_DZN_1UkzyH.avif (reused cache entry) (+10ms) (463/4055)
16:39:36   ▶ /_astro/49602.SNNI-Q57_2x3X6t.jpg (reused cache entry) (+10ms) (464/4055)
16:39:36   ▶ /_astro/65410.O02aQvth_1g7dWH.avif (reused cache entry) (+9ms) (465/4055)
16:39:36   ▶ /_astro/dentist-assisting-patient-wear-invisible-braces.nM-aRh9C_pzJux.jpg (reused cache entry) (+10ms) (466/4055)
16:39:36   ▶ /_astro/portrait-man-with-toothache-grimacing-from-pain-touching-cheek-standing-against-blue-background.CSe5Uo9i_16uXpw.avif (reused cache entry) (+9ms) (467/4055)
16:39:36   ▶ /_astro/66485.C98K1vnF_leDLx.jpg (reused cache entry) (+9ms) (468/4055)
16:39:36   ▶ /_astro/29272.DsDhBZ7X_Z1Iotid.jpg (reused cache entry) (+6ms) (469/4055)
16:39:36   ▶ /_astro/dentist-doing-check-up-patient.DMKC7kq6_Z1lqSzk.jpg (reused cache entry) (+6ms) (470/4055)
16:39:36   ▶ /_astro/young-woman-covering-her-mouth-with-hand-gray-background.NUE3yi3i_B9LaU.avif (reused cache entry) (+6ms) (471/4055)
16:39:36   ▶ /_astro/2149195934.K4PmhIvU_A7CIE.avif (reused cache entry) (+5ms) (472/4055)
16:39:36   ▶ /_astro/40926.sqr5qYQ5_HAULp.jpg (reused cache entry) (+5ms) (473/4055)
16:39:36   ▶ /_astro/2149085891.zrelcexE_1o7EGb.jpg (reused cache entry) (+7ms) (474/4055)
16:39:36   ▶ /_astro/foto-dentista-sonriente-pie-brazos-cruzados-su-colega-mostrando-signo-bien.D1HG_DZN_2jInTL.avif (reused cache entry) (+6ms) (475/4055)
16:39:36   ▶ /_astro/65410.O02aQvth_Z1xneRK.avif (reused cache entry) (+6ms) (476/4055)
16:39:36   ▶ /_astro/49602.SNNI-Q57_2syFPA.jpg (reused cache entry) (+7ms) (477/4055)
16:39:36   ▶ /_astro/dentist-assisting-patient-wear-invisible-braces.nM-aRh9C_1boa2F.jpg (reused cache entry) (+7ms) (478/4055)
16:39:36   ▶ /_astro/portrait-man-with-toothache-grimacing-from-pain-touching-cheek-standing-against-blue-background.CSe5Uo9i_Z2ue6lh.avif (reused cache entry) (+6ms) (479/4055)
16:39:36   ▶ /_astro/66485.C98K1vnF_Z20Hqbv.jpg (reused cache entry) (+6ms) (480/4055)
16:39:36   ▶ /_astro/2149195934.K4PmhIvU_2i6b1Y.avif (reused cache entry) (+6ms) (481/4055)
16:39:36   ▶ /_astro/29272.DsDhBZ7X_ZyatWA.jpg (reused cache entry) (+8ms) (482/4055)
16:39:36   ▶ /_astro/dentist-doing-check-up-patient.DMKC7kq6_Z14WqF.jpg (reused cache entry) (+8ms) (483/4055)
16:39:36   ▶ /_astro/40926.sqr5qYQ5_Zhpeqq.jpg (reused cache entry) (+7ms) (484/4055)
16:39:36   ▶ /_astro/2149085891.zrelcexE_Z1Q0kRi.jpg (reused cache entry) (+7ms) (485/4055)
16:39:36   ▶ /_astro/foto-dentista-sonriente-pie-brazos-cruzados-su-colega-mostrando-signo-bien.D1HG_DZN_ZGR1EI.jpg (reused cache entry) (+7ms) (486/4055)
16:39:36   ▶ /_astro/young-woman-covering-her-mouth-with-hand-gray-background.NUE3yi3i_Z168E5y.jpg (reused cache entry) (+9ms) (487/4055)
16:39:36   ▶ /_astro/65410.O02aQvth_Z1kdbCJ.avif (reused cache entry) (+8ms) (488/4055)
16:39:36   ▶ /_astro/portrait-man-with-toothache-grimacing-from-pain-touching-cheek-standing-against-blue-background.CSe5Uo9i_ZxwGe5.avif (reused cache entry) (+8ms) (489/4055)
16:39:36   ▶ /_astro/49602.SNNI-Q57_2g3e6v.jpg (reused cache entry) (+9ms) (490/4055)
16:39:36   ▶ /_astro/66485.C98K1vnF_Z1o8KbF.jpg (reused cache entry) (+8ms) (491/4055)
16:39:36   ▶ /_astro/dentist-assisting-patient-wear-invisible-braces.nM-aRh9C_Z1gLyD4.jpg (reused cache entry) (+9ms) (492/4055)
16:39:36   ▶ /_astro/2149195934.K4PmhIvU_fhUMg.avif (reused cache entry) (+6ms) (493/4055)
16:39:36   ▶ /_astro/29272.DsDhBZ7X_1MM6kX.jpg (reused cache entry) (+7ms) (494/4055)
16:39:36   ▶ /_astro/40926.sqr5qYQ5_ZUOVPL.jpg (reused cache entry) (+6ms) (495/4055)
16:39:36   ▶ /_astro/2149085891.zrelcexE_1wJ75w.jpg (reused cache entry) (+7ms) (496/4055)
16:39:36   ▶ /_astro/dentist-doing-check-up-patient.DMKC7kq6_ZAFJr7.jpg (reused cache entry) (+8ms) (497/4055)
16:39:36   ▶ /_astro/foto-dentista-sonriente-pie-brazos-cruzados-su-colega-mostrando-signo-bien.D1HG_DZN_1IInRA.jpg (reused cache entry) (+6ms) (498/4055)
16:39:36   ▶ /_astro/young-woman-covering-her-mouth-with-hand-gray-background.NUE3yi3i_bg6v7.jpg (reused cache entry) (+7ms) (499/4055)
16:39:36   ▶ /_astro/49602.SNNI-Q57_Z1p3z77.avif (reused cache entry) (+5ms) (500/4055)
16:39:36   ▶ /_astro/portrait-man-with-toothache-grimacing-from-pain-touching-cheek-standing-against-blue-background.CSe5Uo9i_Zknbjn.avif (reused cache entry) (+6ms) (501/4055)
16:39:36   ▶ /_astro/66485.C98K1vnF_Z1AEcUK.jpg (reused cache entry) (+10ms) (502/4055)
16:39:36   ▶ /_astro/2149195934.K4PmhIvU_1L7U.avif (reused cache entry) (+9ms) (503/4055)
16:39:36   ▶ /_astro/dentist-assisting-patient-wear-invisible-braces.nM-aRh9C_1JlQWC.jpg (reused cache entry) (+11ms) (504/4055)
16:39:36   ▶ /_astro/40926.sqr5qYQ5_eo2tQ.jpg (reused cache entry) (+10ms) (505/4055)
16:39:36   ▶ /_astro/29272.DsDhBZ7X_ZmN2NQ.jpg (reused cache entry) (+11ms) (506/4055)
16:39:36   ▶ /_astro/2149085891.zrelcexE_1QDVuK.jpg (reused cache entry) (+11ms) (507/4055)
16:39:36   ▶ /_astro/foto-dentista-sonriente-pie-brazos-cruzados-su-colega-mostrando-signo-bien.D1HG_DZN_Z1NU9K5.jpg (reused cache entry) (+11ms) (508/4055)
16:39:36   ▶ /_astro/young-woman-covering-her-mouth-with-hand-gray-background.NUE3yi3i_PAo7T.jpg (reused cache entry) (+12ms) (509/4055)
16:39:36   ▶ /_astro/49602.SNNI-Q57_ZbzYoB.avif (reused cache entry) (+11ms) (510/4055)
16:39:36   ▶ /_astro/66485.C98K1vnF_ZbyRkr.avif (reused cache entry) (+8ms) (511/4055)
16:39:36   ▶ /_astro/2149195934.K4PmhIvU_2hNMtK.avif (reused cache entry) (+10ms) (512/4055)
16:39:36   ▶ /_astro/dentist-assisting-patient-wear-invisible-braces.nM-aRh9C_rP2FE.avif (reused cache entry) (+13ms) (513/4055)
16:39:36   ▶ /_astro/40926.sqr5qYQ5_13kRc1.jpg (reused cache entry) (+15ms) (514/4055)
16:39:36   ▶ /_astro/Tooth-Implant.CJhrg0Qe_Z1q5Wvu.avif (reused cache entry) (+16ms) (515/4055)
16:39:36   ▶ /_astro/2149085891.zrelcexE_Zc8Kgt.jpg (reused cache entry) (+18ms) (516/4055)
16:39:36   ▶ /_astro/foto-dentista-sonriente-pie-brazos-cruzados-su-colega-mostrando-signo-bien.D1HG_DZN_CvMTE.jpg (reused cache entry) (+19ms) (517/4055)
16:39:36   ▶ /_astro/young-woman-covering-her-mouth-with-hand-gray-background.NUE3yi3i_Z11Iep7.jpg (reused cache entry) (+20ms) (518/4055)
16:39:36   ▶ /_astro/49602.SNNI-Q57_ZP0GNW.avif (reused cache entry) (+21ms) (519/4055)
16:39:36   ▶ /_astro/66485.C98K1vnF_kOK7l.avif (reused cache entry) (+20ms) (520/4055)
16:39:36   ▶ /_astro/2149195934.K4PmhIvU_ZMeeTE.jpg (reused cache entry) (+20ms) (521/4055)
16:39:36   ▶ /_astro/dentist-assisting-patient-wear-invisible-braces.nM-aRh9C_Rmjk0.avif (reused cache entry) (+18ms) (522/4055)
16:39:36   ▶ /_astro/40926.sqr5qYQ5_Z17fgWN.jpg (reused cache entry) (+17ms) (523/4055)
16:39:36   ▶ /_astro/Tooth-Implant.CJhrg0Qe_Z13HyGx.avif (reused cache entry) (+18ms) (524/4055)
16:39:36   ▶ /_astro/2149085891.zrelcexE_ZVawmC.jpg (reused cache entry) (+18ms) (525/4055)
16:39:36   ▶ /_astro/foto-dentista-sonriente-pie-brazos-cruzados-su-colega-mostrando-signo-bien.D1HG_DZN_Z28aNHd.jpg (reused cache entry) (+19ms) (526/4055)
16:39:36   ▶ /_astro/young-woman-covering-her-mouth-with-hand-gray-background.NUE3yi3i_1suakN.jpg (reused cache entry) (+18ms) (527/4055)
16:39:36   ▶ /_astro/49602.SNNI-Q57_kdhvF.avif (reused cache entry) (+19ms) (528/4055)
16:39:36   ▶ /_astro/66485.C98K1vnF_ZizWi0.avif (reused cache entry) (+19ms) (529/4055)
16:39:36   ▶ /_astro/2149195934.K4PmhIvU_ZAemA.jpg (reused cache entry) (+18ms) (530/4055)
16:39:36   ▶ /_astro/dentist-assisting-patient-wear-invisible-braces.nM-aRh9C_1ad490.avif (reused cache entry) (+17ms) (531/4055)
16:39:36   ▶ /_astro/toothbrush-composition.3MEH1Hfh_Zbwor.avif (reused cache entry) (+17ms) (532/4055)
16:39:36   ▶ /_astro/Tooth-Implant.CJhrg0Qe_Z2j5HJk.avif (reused cache entry) (+16ms) (533/4055)
16:39:36   ▶ /_astro/2149085891.zrelcexE_Kg2vS.avif (reused cache entry) (+16ms) (534/4055)
16:39:36   ▶ /_astro/shocked-young-caucasian-woman-puts-hands-mouth.B4CTk5VF_ZOiTf3.avif (reused cache entry) (+16ms) (535/4055)
16:39:36   ▶ /_astro/portrait-man-with-toothache-grimacing-from-pain-touching-cheek-standing-against-blue-background.CSe5Uo9i_Z1IOHUB.jpg (reused cache entry) (+74ms) (536/4055)
16:39:36   ▶ /_astro/dentist-doing-check-up-patient.DMKC7kq6_Z2fMGd0.jpg (reused cache entry) (+77ms) (537/4055)
16:39:36   ▶ /_astro/young-woman-covering-her-mouth-with-hand-gray-background.NUE3yi3i_Z2q4mvx.jpg (reused cache entry) (+25ms) (538/4055)
16:39:36   ▶ /_astro/65410.O02aQvth_ZWTjzs.jpg (reused cache entry) (+83ms) (539/4055)
16:39:36   ▶ /_astro/66485.C98K1vnF_QD22C.avif (reused cache entry) (+26ms) (540/4055)
16:39:36   ▶ /_astro/dentist-assisting-patient-wear-invisible-braces.nM-aRh9C_Z1FsPQ0.avif (reused cache entry) (+23ms) (541/4055)
16:39:36   ▶ /_astro/49602.SNNI-Q57_Z14jCGv.avif (reused cache entry) (+28ms) (542/4055)
16:39:36   ▶ /_astro/2149195934.K4PmhIvU_1GniUJ.jpg (reused cache entry) (+25ms) (543/4055)
16:39:36   ▶ /_astro/2149085891.zrelcexE_1vvekj.avif (reused cache entry) (+18ms) (544/4055)
16:39:36   ▶ /_astro/shocked-young-caucasian-woman-puts-hands-mouth.B4CTk5VF_ZIMEva.avif (reused cache entry) (+16ms) (545/4055)
16:39:36   ▶ /_astro/toothbrush-composition.3MEH1Hfh_1RK4yp.avif (reused cache entry) (+23ms) (546/4055)
16:39:36   ▶ /_astro/Tooth-Implant.CJhrg0Qe_2wkDNH.avif (reused cache entry) (+22ms) (547/4055)
16:39:36   ▶ /_astro/portrait-man-with-toothache-grimacing-from-pain-touching-cheek-standing-against-blue-background.CSe5Uo9i_1aUO7I.jpg (reused cache entry) (+7ms) (548/4055)
16:39:36   ▶ /_astro/young-woman-covering-her-mouth-with-hand-gray-background.NUE3yi3i_Z1bMRdY.avif (reused cache entry) (+7ms) (549/4055)
16:39:36   ▶ /_astro/65410.O02aQvth_1jHHki.jpg (reused cache entry) (+6ms) (550/4055)
16:39:36   ▶ /_astro/dentist-doing-check-up-patient.DMKC7kq6_1ss39T.avif (reused cache entry) (+8ms) (551/4055)
16:39:36   ▶ /_astro/66485.C98K1vnF_9a45a.avif (reused cache entry) (+6ms) (552/4055)
16:39:36   ▶ /_astro/49602.SNNI-Q57_1PhlWB.avif (reused cache entry) (+5ms) (553/4055)
16:39:36   ▶ /_astro/dentist-assisting-patient-wear-invisible-braces.nM-aRh9C_ZpAYKt.avif (reused cache entry) (+6ms) (554/4055)
16:39:36   ▶ /_astro/2149195934.K4PmhIvU_ZlpViY.jpg (reused cache entry) (+6ms) (555/4055)
16:39:36   ▶ /_astro/2149085891.zrelcexE_Z1QHmbi.avif (reused cache entry) (+5ms) (556/4055)
16:39:36   ▶ /_astro/shocked-young-caucasian-woman-puts-hands-mouth.B4CTk5VF_Zbt1mo.avif (reused cache entry) (+6ms) (557/4055)
16:39:36   ▶ /_astro/toothbrush-composition.3MEH1Hfh_11BKAc.avif (reused cache entry) (+6ms) (558/4055)
16:39:36   ▶ /_astro/portrait-man-with-toothache-grimacing-from-pain-touching-cheek-standing-against-blue-background.CSe5Uo9i_d1Xfu.jpg (reused cache entry) (+5ms) (559/4055)
16:39:36   ▶ /_astro/Tooth-Implant.CJhrg0Qe_Zbx3Ah.jpg (reused cache entry) (+6ms) (560/4055)
16:39:36   ▶ /_astro/young-woman-covering-her-mouth-with-hand-gray-background.NUE3yi3i_2aMqDm.avif (reused cache entry) (+5ms) (561/4055)
16:39:36   ▶ /_astro/dentist-doing-check-up-patient.DMKC7kq6_1DMfyQ.avif (reused cache entry) (+16ms) (562/4055)
16:39:36   ▶ /_astro/65410.O02aQvth_2cYfEt.jpg (reused cache entry) (+17ms) (563/4055)
16:39:36   ▶ /_astro/66485.C98K1vnF_Z21q54E.avif (reused cache entry) (+17ms) (564/4055)
16:39:36   ▶ /_astro/2149085891.zrelcexE_1aFwnU.avif (reused cache entry) (+15ms) (565/4055)
16:39:36   ▶ /_astro/49602.SNNI-Q57_Ba3XE.jpg (reused cache entry) (+16ms) (566/4055)
16:39:36   ▶ /_astro/dentist-assisting-patient-wear-invisible-braces.nM-aRh9C_1IqO7I.avif (reused cache entry) (+16ms) (567/4055)
16:39:36   ▶ /_astro/2149195934.K4PmhIvU_1Fwme2.jpg (reused cache entry) (+16ms) (568/4055)
16:39:36   ▶ /_astro/shocked-young-caucasian-woman-puts-hands-mouth.B4CTk5VF_I39tr.avif (reused cache entry) (+16ms) (569/4055)
16:39:36   ▶ /_astro/toothbrush-composition.3MEH1Hfh_ZH0JsQ.avif (reused cache entry) (+16ms) (570/4055)
16:39:36   ▶ /_astro/Tooth-Implant.CJhrg0Qe_aPkdF.jpg (reused cache entry) (+16ms) (571/4055)
16:39:36   ▶ /_astro/portrait-man-with-toothache-grimacing-from-pain-touching-cheek-standing-against-blue-background.CSe5Uo9i_1Gu2iC.jpg (reused cache entry) (+17ms) (572/4055)
16:39:36   ▶ /_astro/young-woman-covering-her-mouth-with-hand-gray-background.NUE3yi3i_Z1d5ILW.avif (reused cache entry) (+16ms) (573/4055)
16:39:36   ▶ /_astro/dentist-doing-check-up-patient.DMKC7kq6_1oYJiu.avif (reused cache entry) (+5ms) (574/4055)
16:39:36   ▶ /_astro/2149085891.zrelcexE_Z1Qau9m.avif (reused cache entry) (+5ms) (575/4055)
16:39:36   ▶ /_astro/49602.SNNI-Q57_Z1AF2ES.jpg (reused cache entry) (+6ms) (576/4055)
16:39:36   ▶ /_astro/65410.O02aQvth_Z8WOiz.jpg (reused cache entry) (+7ms) (577/4055)
16:39:36   ▶ /_astro/66485.C98K1vnF_1ODKKk.jpg (reused cache entry) (+8ms) (578/4055)
16:39:36   ▶ /_astro/dentist-assisting-patient-wear-invisible-braces.nM-aRh9C_mqdDY.jpg (reused cache entry) (+8ms) (579/4055)
16:39:36   ▶ /_astro/toothbrush-composition.3MEH1Hfh_Zzkxdt.avif (reused cache entry) (+7ms) (580/4055)
16:39:36   ▶ /_astro/shocked-young-caucasian-woman-puts-hands-mouth.B4CTk5VF_1bcrkL.avif (reused cache entry) (+9ms) (581/4055)
16:39:36   ▶ /_astro/2149195934.K4PmhIvU_Z16RKe4.jpg (reused cache entry) (+10ms) (582/4055)
16:39:36   ▶ /_astro/Tooth-Implant.CJhrg0Qe_Z14wNO7.jpg (reused cache entry) (+8ms) (583/4055)
16:39:36   ▶ /_astro/young-woman-covering-her-mouth-with-hand-gray-background.NUE3yi3i_2sVA6B.avif (reused cache entry) (+8ms) (584/4055)
16:39:36   ▶ /_astro/dentist-doing-check-up-patient.DMKC7kq6_137tQ8.avif (reused cache entry) (+8ms) (585/4055)
16:39:36   ▶ /_astro/2149085891.zrelcexE_qBwct.avif (reused cache entry) (+8ms) (586/4055)
16:39:36   ▶ /_astro/portrait-man-with-toothache-grimacing-from-pain-touching-cheek-standing-against-blue-background.CSe5Uo9i_2gU5zv.jpg (reused cache entry) (+10ms) (587/4055)
16:39:36   ▶ /_astro/49602.SNNI-Q57_Z2f5K5e.jpg (reused cache entry) (+7ms) (588/4055)
16:39:36   ▶ /_astro/66485.C98K1vnF_Z14fi8V.jpg (reused cache entry) (+6ms) (589/4055)
16:39:36   ▶ /_astro/dentist-assisting-patient-wear-invisible-braces.nM-aRh9C_2vfAil.jpg (reused cache entry) (+5ms) (590/4055)
16:39:36   ▶ /_astro/65410.O02aQvth_sPod1.jpg (reused cache entry) (+8ms) (591/4055)
16:39:36   ▶ /_astro/toothbrush-composition.3MEH1Hfh_sm9bW.avif (reused cache entry) (+6ms) (592/4055)
16:39:36   ▶ /_astro/shocked-young-caucasian-woman-puts-hands-mouth.B4CTk5VF_Z1rKQXH.avif (reused cache entry) (+5ms) (593/4055)
16:39:36   ▶ /_astro/aching-young-pretty-girl-touching-cheek-suffering-from-toothache.Bef5DCps_ZMF8L3.avif (reused cache entry) (+5ms) (594/4055)
16:39:36   ▶ /_astro/young-woman-covering-her-mouth-with-hand-gray-background.NUE3yi3i_1L2IaJ.avif (reused cache entry) (+6ms) (595/4055)
16:39:36   ▶ /_astro/dentist-doing-check-up-patient.DMKC7kq6_RcVGz.avif (reused cache entry) (+6ms) (596/4055)
16:39:36   ▶ /_astro/Tooth-Implant.CJhrg0Qe_Z1jiA51.jpg (reused cache entry) (+7ms) (597/4055)
16:39:36   ▶ /_astro/2149085891.zrelcexE_2qKCC0.jpg (reused cache entry) (+7ms) (598/4055)
16:39:36   ▶ /_astro/49602.SNNI-Q57_Z14QKJB.jpg (reused cache entry) (+7ms) (599/4055)
16:39:36   ▶ /_astro/dentist-assisting-patient-wear-invisible-braces.nM-aRh9C_Z2h5MGA.jpg (reused cache entry) (+6ms) (600/4055)
16:39:36   ▶ /_astro/portrait-man-with-toothache-grimacing-from-pain-touching-cheek-standing-against-blue-background.CSe5Uo9i_QlDX2.jpg (reused cache entry) (+8ms) (601/4055)
16:39:36   ▶ /_astro/66485.C98K1vnF_Z1HF0yh.jpg (reused cache entry) (+8ms) (602/4055)
16:39:36   ▶ /_astro/65410.O02aQvth_gjVsV.jpg (reused cache entry) (+8ms) (603/4055)
16:39:36   ▶ /_astro/aching-young-pretty-girl-touching-cheek-suffering-from-toothache.Bef5DCps_ZgFf8I.avif (reused cache entry) (+8ms) (604/4055)
16:39:36   ▶ /_astro/young-woman-covering-her-mouth-with-hand-gray-background.NUE3yi3i_ZrSIoG.avif (reused cache entry) (+7ms) (605/4055)
16:39:36   ▶ /_astro/dentist-doing-check-up-patient.DMKC7kq6_ZkF2PT.avif (reused cache entry) (+8ms) (606/4055)
16:39:36   ▶ /_astro/toothbrush-composition.3MEH1Hfh_Z28xNEn.jpg (reused cache entry) (+12ms) (607/4055)
16:39:36   ▶ /_astro/Tooth-Implant.CJhrg0Qe_Z8K1QC.avif (reused cache entry) (+9ms) (608/4055)
16:39:36   ▶ /_astro/shocked-young-caucasian-woman-puts-hands-mouth.B4CTk5VF_ZTHIgI.jpg (reused cache entry) (+12ms) (609/4055)
16:39:36   ▶ /_astro/2149085891.zrelcexE_TMme4.jpg (reused cache entry) (+10ms) (610/4055)
16:39:36   ▶ /_astro/portrait-man-with-toothache-grimacing-from-pain-touching-cheek-standing-against-blue-background.CSe5Uo9i_So8jq.avif (reused cache entry) (+8ms) (611/4055)
16:39:36   ▶ /_astro/49602.SNNI-Q57_VT0og.jpg (reused cache entry) (+10ms) (612/4055)
16:39:36   ▶ /_astro/dentist-assisting-patient-wear-invisible-braces.nM-aRh9C_Z2zyRE.jpg (reused cache entry) (+9ms) (613/4055)
16:39:36   ▶ /_astro/66485.C98K1vnF_Zxr1dE.jpg (reused cache entry) (+9ms) (614/4055)
16:39:36   ▶ /_astro/aching-young-pretty-girl-touching-cheek-suffering-from-toothache.Bef5DCps_1lb3LT.avif (reused cache entry) (+7ms) (615/4055)
16:39:36   ▶ /_astro/65410.O02aQvth_1Fph4f.avif (reused cache entry) (+9ms) (616/4055)
16:39:36   ▶ /_astro/young-woman-covering-her-mouth-with-hand-gray-background.NUE3yi3i_1EkG7J.jpg (reused cache entry) (+8ms) (617/4055)
16:39:36   ▶ /_astro/toothbrush-composition.3MEH1Hfh_ZeudAp.jpg (reused cache entry) (+6ms) (618/4055)
16:39:36   ▶ /_astro/Tooth-Implant.CJhrg0Qe_Z1mv6BE.avif (reused cache entry) (+6ms) (619/4055)
16:39:36   ▶ /_astro/dentist-doing-check-up-patient.DMKC7kq6_ZMNgMW.jpg (reused cache entry) (+8ms) (620/4055)
16:39:36   ▶ /_astro/portrait-man-with-toothache-grimacing-from-pain-touching-cheek-standing-against-blue-background.CSe5Uo9i_1k3uiI.avif (reused cache entry) (+5ms) (621/4055)
16:39:36   ▶ /_astro/2149085891.zrelcexE_Z2sqehx.jpg (reused cache entry) (+6ms) (622/4055)
16:39:36   ▶ /_astro/shocked-young-caucasian-woman-puts-hands-mouth.B4CTk5VF_ZlyjHJ.jpg (reused cache entry) (+7ms) (623/4055)
16:39:36   ▶ /_astro/dentist-assisting-patient-wear-invisible-braces.nM-aRh9C_Zv0NM9.jpg (reused cache entry) (+6ms) (624/4055)
16:39:36   ▶ /_astro/49602.SNNI-Q57_Z1dG8Ky.jpg (reused cache entry) (+7ms) (625/4055)
16:39:36   ▶ /_astro/66485.C98K1vnF_2anHaV.jpg (reused cache entry) (+5ms) (626/4055)
16:39:36   ▶ /_astro/aching-young-pretty-girl-touching-cheek-suffering-from-toothache.Bef5DCps_Z1XpW9P.avif (reused cache entry) (+5ms) (627/4055)
16:39:36   ▶ /_astro/65410.O02aQvth_2czm0h.avif (reused cache entry) (+5ms) (628/4055)
16:39:36   ▶ /_astro/young-woman-covering-her-mouth-with-hand-gray-background.NUE3yi3i_ZvGy8X.jpg (reused cache entry) (+4ms) (629/4055)
16:39:36   ▶ /_astro/Tooth-Implant.CJhrg0Qe_wxUy1.avif (reused cache entry) (+5ms) (630/4055)
16:39:36   ▶ /_astro/portrait-man-with-toothache-grimacing-from-pain-touching-cheek-standing-against-blue-background.CSe5Uo9i_Z1gAfC7.avif (reused cache entry) (+5ms) (631/4055)
16:39:36   ▶ /_astro/dentist-doing-check-up-patient.DMKC7kq6_KiduN.jpg (reused cache entry) (+6ms) (632/4055)
16:39:36   ▶ /_astro/toothbrush-composition.3MEH1Hfh_Z15CwyC.jpg (reused cache entry) (+7ms) (633/4055)
16:39:36   ▶ /_astro/2149085891.zrelcexE_yWEhF.jpg (reused cache entry) (+7ms) (634/4055)
16:39:36   ▶ /_astro/shocked-young-caucasian-woman-puts-hands-mouth.B4CTk5VF_bKjq2.jpg (reused cache entry) (+6ms) (635/4055)
16:39:36   ▶ /_astro/dentist-assisting-patient-wear-invisible-braces.nM-aRh9C_1D2063.jpg (reused cache entry) (+6ms) (636/4055)
16:39:36   ▶ /_astro/66485.C98K1vnF_ZcqXS.jpg (reused cache entry) (+7ms) (637/4055)
16:39:36   ▶ /_astro/aching-young-pretty-girl-touching-cheek-suffering-from-toothache.Bef5DCps_Z2ib8kw.avif (reused cache entry) (+7ms) (638/4055)
16:39:36   ▶ /_astro/65410.O02aQvth_1y9DzV.avif (reused cache entry) (+7ms) (639/4055)
16:39:36   ▶ /_astro/beautiful-happy-fair-haired-european-woman-points-index-fingers-mouth-forces-cheerful-smile-shows-perfect-white-teeth-wears-green-jumper-being-good-mood-isolated-purple-background.Cebq-SwG_iOSQ.avif (reused cache entry) (+8ms) (640/4055)
16:39:36   ▶ /_astro/young-woman-covering-her-mouth-with-hand-gray-background.NUE3yi3i_1aBpeE.jpg (reused cache entry) (+7ms) (641/4055)
16:39:36   ▶ /_astro/Tooth-Implant.CJhrg0Qe_Z1uopm0.avif (reused cache entry) (+6ms) (642/4055)
16:39:36   ▶ /_astro/portrait-man-with-toothache-grimacing-from-pain-touching-cheek-standing-against-blue-background.CSe5Uo9i_Z170c7Q.avif (reused cache entry) (+6ms) (643/4055)
16:39:36   ▶ /_astro/dentist-doing-check-up-patient.DMKC7kq6_vuHer.jpg (reused cache entry) (+6ms) (644/4055)
16:39:36   ▶ /_astro/2149085891.zrelcexE_ZaET3f.jpg (reused cache entry) (+5ms) (645/4055)
16:39:36   ▶ /_astro/toothbrush-composition.3MEH1Hfh_2fV6bg.jpg (reused cache entry) (+6ms) (646/4055)
16:39:36   ▶ /_astro/shocked-young-caucasian-woman-puts-hands-mouth.B4CTk5VF_16hugR.jpg (reused cache entry) (+6ms) (647/4055)
16:39:36   ▶ /_astro/dentist-examining-female-patient-with-teeth-shades.zS7PqwaZ_20KM8m.avif (reused cache entry) (+5ms) (648/4055)
16:39:36   ▶ /_astro/dental-implants-surgery-concept-pen-tool-created-clipping-path-included-jpeg-easy-composite.CFR66Hja_Z2lRVh6.avif (reused cache entry) (+5ms) (649/4055)
16:39:36   ▶ /_astro/65410.O02aQvth_Z2lNuSn.avif (reused cache entry) (+5ms) (650/4055)
16:39:36   ▶ /_astro/beautiful-happy-fair-haired-european-woman-points-index-fingers-mouth-forces-cheerful-smile-shows-perfect-white-teeth-wears-green-jumper-being-good-mood-isolated-purple-background.Cebq-SwG_27XbKJ.avif (reused cache entry) (+5ms) (651/4055)
16:39:36   ▶ /_astro/aching-young-pretty-girl-touching-cheek-suffering-from-toothache.Bef5DCps_Z1mdWB6.avif (reused cache entry) (+6ms) (652/4055)
16:39:36   ▶ /_astro/young-woman-covering-her-mouth-with-hand-gray-background.NUE3yi3i_ZdxoFI.jpg (reused cache entry) (+5ms) (653/4055)
16:39:36   ▶ /_astro/Tooth-Implant.CJhrg0Qe_Z2q7gPu.jpg (reused cache entry) (+5ms) (654/4055)
16:39:36   ▶ /_astro/portrait-man-with-toothache-grimacing-from-pain-touching-cheek-standing-against-blue-background.CSe5Uo9i_Z186mbC.avif (reused cache entry) (+6ms) (655/4055)
16:39:36   ▶ /_astro/dentist-doing-check-up-patient.DMKC7kq6_9CrM5.jpg (reused cache entry) (+5ms) (656/4055)
16:39:36   ▶ /_astro/2149085891.zrelcexE_2777iA.jpg (reused cache entry) (+5ms) (657/4055)
16:39:36   ▶ /_astro/dentist-examining-female-patient-with-teeth-shades.zS7PqwaZ_5QnlK.avif (reused cache entry) (+5ms) (658/4055)
16:39:36   ▶ /_astro/dental-implants-surgery-concept-pen-tool-created-clipping-path-included-jpeg-easy-composite.CFR66Hja_Z1wqqIr.avif (reused cache entry) (+5ms) (659/4055)
16:39:36   ▶ /_astro/toothbrush-composition.3MEH1Hfh_Z9vSyJ.jpg (reused cache entry) (+6ms) (660/4055)
16:39:36   ▶ /_astro/shocked-young-caucasian-woman-puts-hands-mouth.B4CTk5VF_Z2g6puO.jpg (reused cache entry) (+7ms) (661/4055)
16:39:36   ▶ /_astro/beautiful-happy-fair-haired-european-woman-points-index-fingers-mouth-forces-cheerful-smile-shows-perfect-white-teeth-wears-green-jumper-being-good-mood-isolated-purple-background.Cebq-SwG_Z23JLeV.avif (reused cache entry) (+6ms) (662/4055)
16:39:36   ▶ /_astro/65410.O02aQvth_219dtQ.avif (reused cache entry) (+7ms) (663/4055)
16:39:36   ▶ /_astro/portrait-man-with-toothache-grimacing-from-pain-touching-cheek-standing-against-blue-background.CSe5Uo9i_3fSlt.avif (reused cache entry) (+9ms) (664/4055)
16:39:36   ▶ /_astro/Tooth-Implant.CJhrg0Qe_Z7WcGr.jpg (reused cache entry) (+10ms) (665/4055)
16:39:36   ▶ /_astro/young-woman-covering-her-mouth-with-hand-gray-background.NUE3yi3i_Zs0Qht.jpg (reused cache entry) (+11ms) (666/4055)
16:39:36   ▶ /_astro/shutterstock_1718366740.B-fkAQU5_1S3TlG.avif (reused cache entry) (+10ms) (667/4055)
16:39:36   ▶ /_astro/dentist-examining-female-patient-with-teeth-shades.zS7PqwaZ_yBtOP.avif (reused cache entry) (+9ms) (668/4055)
16:39:36   ▶ /_astro/aching-young-pretty-girl-touching-cheek-suffering-from-toothache.Bef5DCps_1pP4Rm.jpg (reused cache entry) (+13ms) (669/4055)
16:39:36   ▶ /_astro/dentist-doing-check-up-patient.DMKC7kq6_Z1o3ngh.jpg (reused cache entry) (+12ms) (670/4055)
16:39:36   ▶ /_astro/dental-implants-surgery-concept-pen-tool-created-clipping-path-included-jpeg-easy-composite.CFR66Hja_ZmqfcT.avif (reused cache entry) (+11ms) (671/4055)
16:39:36   ▶ /_astro/beautiful-happy-fair-haired-european-woman-points-index-fingers-mouth-forces-cheerful-smile-shows-perfect-white-teeth-wears-green-jumper-being-good-mood-isolated-purple-background.Cebq-SwG_1VmOe9.avif (reused cache entry) (+10ms) (672/4055)
16:39:36   ▶ /_astro/65410.O02aQvth_Z9qUEX.avif (reused cache entry) (+10ms) (673/4055)
16:39:36   ▶ /_astro/shocked-young-caucasian-woman-puts-hands-mouth.B4CTk5VF_Z1xaG0n.jpg (reused cache entry) (+13ms) (674/4055)
16:39:36   ▶ /_astro/toothbrush-composition.3MEH1Hfh_Z1F083Y.jpg (reused cache entry) (+14ms) (675/4055)
16:39:36   ▶ /_astro/Tooth-Implant.CJhrg0Qe_1L6Ote.jpg (reused cache entry) (+7ms) (676/4055)
16:39:36   ▶ /_astro/portrait-man-with-toothache-grimacing-from-pain-touching-cheek-standing-against-blue-background.CSe5Uo9i_Z1mldFU.jpg (reused cache entry) (+8ms) (677/4055)
16:39:36   ▶ /_astro/shutterstock_1718366740.B-fkAQU5_ZLBTJR.avif (reused cache entry) (+7ms) (678/4055)
16:39:36   ▶ /_astro/dentist-examining-female-patient-with-teeth-shades.zS7PqwaZ_V3NdK.avif (reused cache entry) (+7ms) (679/4055)
16:39:36   ▶ /_astro/aching-young-pretty-girl-touching-cheek-suffering-from-toothache.Bef5DCps_LGF9I.jpg (reused cache entry) (+7ms) (680/4055)
16:39:36   ▶ /_astro/young-woman-covering-her-mouth-with-hand-gray-background.NUE3yi3i_2oeOW2.jpg (reused cache entry) (+9ms) (681/4055)
16:39:36   ▶ /_astro/dental-implants-surgery-concept-pen-tool-created-clipping-path-included-jpeg-easy-composite.CFR66Hja_1vKhXJ.avif (reused cache entry) (+7ms) (682/4055)
16:39:36   ▶ /_astro/dentist-doing-check-up-patient.DMKC7kq6_2tfL0b.jpg (reused cache entry) (+8ms) (683/4055)
16:39:36   ▶ /_astro/beautiful-happy-fair-haired-european-woman-points-index-fingers-mouth-forces-cheerful-smile-shows-perfect-white-teeth-wears-green-jumper-being-good-mood-isolated-purple-background.Cebq-SwG_Z1Udp9B.avif (reused cache entry) (+7ms) (684/4055)
16:39:36   ▶ /_astro/shocked-young-caucasian-woman-puts-hands-mouth.B4CTk5VF_ZUSIAj.avif (reused cache entry) (+6ms) (685/4055)
16:39:36   ▶ /_astro/65410.O02aQvth_Z1nydDU.jpg (reused cache entry) (+8ms) (686/4055)
16:39:36   ▶ /_astro/toothbrush-composition.3MEH1Hfh_Zslt2l.avif (reused cache entry) (+6ms) (687/4055)
16:39:36   ▶ /_astro/portrait-man-with-toothache-grimacing-from-pain-touching-cheek-standing-against-blue-background.CSe5Uo9i_qzu8G.jpg (reused cache entry) (+7ms) (688/4055)
16:39:36   ▶ /_astro/Tooth-Implant.CJhrg0Qe_ZfPvqM.jpg (reused cache entry) (+8ms) (689/4055)
16:39:36   ▶ /_astro/shutterstock_1718366740.B-fkAQU5_D91Wi.avif (reused cache entry) (+7ms) (690/4055)
16:39:36   ▶ /_astro/dentist-examining-female-patient-with-teeth-shades.zS7PqwaZ_Z1a5jQv.avif (reused cache entry) (+7ms) (691/4055)
16:39:36   ▶ /_astro/problemas-dentales-hombre-revisando-sus-dientes-mirando-perturbado.B-NSJqPi_ZQewLH.avif (reused cache entry) (+7ms) (692/4055)
16:39:36   ▶ /_astro/aching-young-pretty-girl-touching-cheek-suffering-from-toothache.Bef5DCps_2oxY5l.jpg (reused cache entry) (+7ms) (693/4055)
16:39:36   ▶ /_astro/dental-implants-surgery-concept-pen-tool-created-clipping-path-included-jpeg-easy-composite.CFR66Hja_ZRe5oj.avif (reused cache entry) (+6ms) (694/4055)
16:39:36   ▶ /_astro/chica-sintiendo-dolor-muelas-haciendo-muecas-dolor-mientras-muerde-manzana-verde.DKsEjpdJ_ZG1uVa.avif (reused cache entry) (+6ms) (695/4055)
16:39:36   ▶ /_astro/shocked-young-caucasian-woman-puts-hands-mouth.B4CTk5VF_Z1uo2GX.avif (reused cache entry) (+5ms) (696/4055)
16:39:36   ▶ /_astro/65410.O02aQvth_MuiJ0.jpg (reused cache entry) (+6ms) (697/4055)
16:39:36   ▶ /_astro/beautiful-happy-fair-haired-european-woman-points-index-fingers-mouth-forces-cheerful-smile-shows-perfect-white-teeth-wears-green-jumper-being-good-mood-isolated-purple-background.Cebq-SwG_Zw1m1b.avif (reused cache entry) (+7ms) (698/4055)
16:39:36   ▶ /_astro/toothbrush-composition.3MEH1Hfh_nGyID.avif (reused cache entry) (+6ms) (699/4055)
16:39:36   ▶ /_astro/portrait-man-with-toothache-grimacing-from-pain-touching-cheek-standing-against-blue-background.CSe5Uo9i_Z2a4fM9.jpg (reused cache entry) (+6ms) (700/4055)
16:39:36   ▶ /_astro/shutterstock_1718366740.B-fkAQU5_Z28SLWb.avif (reused cache entry) (+6ms) (701/4055)
16:39:36   ▶ /_astro/paciente-femenino-sonriendo-clinica.Chd8lV4O_197kzG.avif (reused cache entry) (+6ms) (702/4055)
16:39:36   ▶ /_astro/dentist-examining-female-patient-with-teeth-shades.zS7PqwaZ_P1Svr.avif (reused cache entry) (+6ms) (703/4055)
16:39:36   ▶ /_astro/problemas-dentales-hombre-revisando-sus-dientes-mirando-perturbado.B-NSJqPi_2obTQF.avif (reused cache entry) (+5ms) (704/4055)
16:39:36   ▶ /_astro/chica-sintiendo-dolor-muelas-haciendo-muecas-dolor-mientras-muerde-manzana-verde.DKsEjpdJ_lCQn.avif (reused cache entry) (+5ms) (705/4055)
16:39:36   ▶ /_astro/dental-implants-surgery-concept-pen-tool-created-clipping-path-included-jpeg-easy-composite.CFR66Hja_ZsTgKM.avif (reused cache entry) (+6ms) (706/4055)
16:39:36   ▶ /_astro/aching-young-pretty-girl-touching-cheek-suffering-from-toothache.Bef5DCps_ZU31Qo.jpg (reused cache entry) (+7ms) (707/4055)
16:39:36   ▶ /_astro/shocked-young-caucasian-woman-puts-hands-mouth.B4CTk5VF_RfERq.avif (reused cache entry) (+6ms) (708/4055)
16:39:36   ▶ /_astro/toothbrush-composition.3MEH1Hfh_Z2bNjow.avif (reused cache entry) (+5ms) (709/4055)
16:39:36   ▶ /_astro/65410.O02aQvth_94AjE.jpg (reused cache entry) (+6ms) (710/4055)
16:39:36   ▶ /_astro/portrait-man-with-toothache-grimacing-from-pain-touching-cheek-standing-against-blue-background.CSe5Uo9i_Z20tchS.jpg (reused cache entry) (+5ms) (711/4055)
16:39:36   ▶ /_astro/paciente-femenino-sonriendo-clinica.Chd8lV4O_ZL1c17.avif (reused cache entry) (+5ms) (712/4055)
16:39:36   ▶ /_astro/shutterstock_1718366740.B-fkAQU5_2oyip4.jpg (reused cache entry) (+6ms) (713/4055)
16:39:36   ▶ /_astro/problemas-dentales-hombre-revisando-sus-dientes-mirando-perturbado.B-NSJqPi_ZeKhft.avif (reused cache entry) (+6ms) (714/4055)
16:39:36   ▶ /_astro/beautiful-happy-fair-haired-european-woman-points-index-fingers-mouth-forces-cheerful-smile-shows-perfect-white-teeth-wears-green-jumper-being-good-mood-isolated-purple-background.Cebq-SwG_1hVlBa.jpg (reused cache entry) (+9ms) (715/4055)
16:39:36   ▶ /_astro/chica-sintiendo-dolor-muelas-haciendo-muecas-dolor-mientras-muerde-manzana-verde.DKsEjpdJ_Z1a0xBf.avif (reused cache entry) (+6ms) (716/4055)
16:39:36   ▶ /_astro/dentist-examining-female-patient-with-teeth-shades.zS7PqwaZ_nCrxA.jpg (reused cache entry) (+8ms) (717/4055)
16:39:36   ▶ /_astro/shocked-young-caucasian-woman-puts-hands-mouth.B4CTk5VF_lBOK3.avif (reused cache entry) (+6ms) (718/4055)
16:39:36   ▶ /_astro/toothbrush-composition.3MEH1Hfh_RjVQg.avif (reused cache entry) (+6ms) (719/4055)
16:39:36   ▶ /_astro/aching-young-pretty-girl-touching-cheek-suffering-from-toothache.Bef5DCps_Z5InRp.jpg (reused cache entry) (+8ms) (720/4055)
16:39:36   ▶ /_astro/dental-implants-surgery-concept-pen-tool-created-clipping-path-included-jpeg-easy-composite.CFR66Hja_Z2i475n.jpg (reused cache entry) (+8ms) (721/4055)
16:39:36   ▶ /_astro/65410.O02aQvth_1jizEh.jpg (reused cache entry) (+8ms) (722/4055)
16:39:36   ▶ /_astro/paciente-femenino-sonriendo-clinica.Chd8lV4O_K0Wpt.avif (reused cache entry) (+6ms) (723/4055)
16:39:36   ▶ /_astro/shutterstock_1718366740.B-fkAQU5_Zg7vGu.jpg (reused cache entry) (+7ms) (724/4055)
16:39:36   ▶ /_astro/portrait-man-with-toothache-grimacing-from-pain-touching-cheek-standing-against-blue-background.CSe5Uo9i_1GlpBX.jpg (reused cache entry) (+9ms) (725/4055)
16:39:36   ▶ /_astro/problemas-dentales-hombre-revisando-sus-dientes-mirando-perturbado.B-NSJqPi_1y3SSa.avif (reused cache entry) (+7ms) (726/4055)
16:39:36   ▶ /_astro/beautiful-happy-fair-haired-european-woman-points-index-fingers-mouth-forces-cheerful-smile-shows-perfect-white-teeth-wears-green-jumper-being-good-mood-isolated-purple-background.Cebq-SwG_ZlkrB0.jpg (reused cache entry) (+7ms) (727/4055)
16:39:36   ▶ /_astro/chica-sintiendo-dolor-muelas-haciendo-muecas-dolor-mientras-muerde-manzana-verde.DKsEjpdJ_ZhluJ.avif (reused cache entry) (+7ms) (728/4055)
16:39:36   ▶ /_astro/shocked-young-caucasian-woman-puts-hands-mouth.B4CTk5VF_1GIDvd.avif (reused cache entry) (+6ms) (729/4055)
16:39:36   ▶ /_astro/dentist-examining-female-patient-with-teeth-shades.zS7PqwaZ_1mdGUI.jpg (reused cache entry) (+7ms) (730/4055)
16:39:36   ▶ /_astro/toothbrush-composition.3MEH1Hfh_26oicc.avif (reused cache entry) (+6ms) (731/4055)
16:39:36   ▶ /_astro/dental-implants-surgery-concept-pen-tool-created-clipping-path-included-jpeg-easy-composite.CFR66Hja_2teQSC.jpg (reused cache entry) (+7ms) (732/4055)
16:39:36   ▶ /_astro/paciente-femenino-sonriendo-clinica.Chd8lV4O_Z1rfPVa.avif (reused cache entry) (+5ms) (733/4055)
16:39:36   ▶ /_astro/65410.O02aQvth_Z12Ohej.jpg (reused cache entry) (+6ms) (734/4055)
16:39:36   ▶ /_astro/aching-young-pretty-girl-touching-cheek-suffering-from-toothache.Bef5DCps_Qhg2j.jpg (reused cache entry) (+7ms) (735/4055)
16:39:36   ▶ /_astro/shutterstock_1718366740.B-fkAQU5_19Dq0F.jpg (reused cache entry) (+5ms) (736/4055)
16:39:36   ▶ /_astro/problemas-dentales-hombre-revisando-sus-dientes-mirando-perturbado.B-NSJqPi_1IWUdY.avif (reused cache entry) (+5ms) (737/4055)
16:39:36   ▶ /_astro/beautiful-happy-fair-haired-european-woman-points-index-fingers-mouth-forces-cheerful-smile-shows-perfect-white-teeth-wears-green-jumper-being-good-mood-isolated-purple-background.Cebq-SwG_x8Icg.jpg (reused cache entry) (+5ms) (738/4055)
16:39:36   ▶ /_astro/portrait-man-with-toothache-grimacing-from-pain-touching-cheek-standing-against-blue-background.CSe5Uo9i_Z2ctsDR.jpg (reused cache entry) (+6ms) (739/4055)
16:39:36   ▶ /_astro/chica-sintiendo-dolor-muelas-haciendo-muecas-dolor-mientras-muerde-manzana-verde.DKsEjpdJ_ZHLuD2.avif (reused cache entry) (+5ms) (740/4055)
16:39:36   ▶ /_astro/shocked-young-caucasian-woman-puts-hands-mouth.B4CTk5VF_fQNzn.avif (reused cache entry) (+5ms) (741/4055)
16:39:36   ▶ /_astro/dentist-examining-female-patient-with-teeth-shades.zS7PqwaZ_1OXNoN.jpg (reused cache entry) (+5ms) (742/4055)
16:39:36   ▶ /_astro/toothbrush-composition.3MEH1Hfh_1b3A9a.avif (reused cache entry) (+5ms) (743/4055)
16:39:36   ▶ /_astro/dental-implants-surgery-concept-pen-tool-created-clipping-path-included-jpeg-easy-composite.CFR66Hja_Z1qW5oL.jpg (reused cache entry) (+5ms) (744/4055)
16:39:36   ▶ /_astro/paciente-femenino-sonriendo-clinica.Chd8lV4O_2VijV.avif (reused cache entry) (+5ms) (745/4055)
16:39:36   ▶ /_astro/aching-young-pretty-girl-touching-cheek-suffering-from-toothache.Bef5DCps_Z1qKU4p.avif (reused cache entry) (+5ms) (746/4055)
16:39:36   ▶ /_astro/65410.O02aQvth_1QLHpN.jpg (reused cache entry) (+5ms) (747/4055)
16:39:36   ▶ /_astro/shutterstock_1718366740.B-fkAQU5_Z1ConSN.jpg (reused cache entry) (+5ms) (748/4055)
16:39:36   ▶ /_astro/beautiful-happy-fair-haired-european-woman-points-index-fingers-mouth-forces-cheerful-smile-shows-perfect-white-teeth-wears-green-jumper-being-good-mood-isolated-purple-background.Cebq-SwG_ZwUO8A.jpg (reused cache entry) (+5ms) (749/4055)
16:39:36   ▶ /_astro/problemas-dentales-hombre-revisando-sus-dientes-mirando-perturbado.B-NSJqPi_1mgFQH.jpg (reused cache entry) (+7ms) (750/4055)
16:39:36   ▶ /_astro/headshot-glad-woman-laughs-smiles-broadly.1jJ2XEcX_Z1ec8Ew.avif (reused cache entry) (+6ms) (751/4055)
16:39:36   ▶ /_astro/chica-sintiendo-dolor-muelas-haciendo-muecas-dolor-mientras-muerde-manzana-verde.DKsEjpdJ_Z25rYS1.jpg (reused cache entry) (+7ms) (752/4055)
16:39:36   ▶ /_astro/dentist-examining-female-patient-with-teeth-shades.zS7PqwaZ_2cq7MI.jpg (reused cache entry) (+7ms) (753/4055)
16:39:36   ▶ /_astro/shocked-young-caucasian-woman-puts-hands-mouth.B4CTk5VF_GYxn2.jpg (reused cache entry) (+7ms) (754/4055)
16:39:36   ▶ /_astro/toothbrush-composition.3MEH1Hfh_Z2wOnB.jpg (reused cache entry) (+8ms) (755/4055)
16:39:36   ▶ /_astro/dental-implants-surgery-concept-pen-tool-created-clipping-path-included-jpeg-easy-composite.CFR66Hja_rerLR.jpg (reused cache entry) (+9ms) (756/4055)
16:39:36   ▶ /_astro/aching-young-pretty-girl-touching-cheek-suffering-from-toothache.Bef5DCps_bMUzd.avif (reused cache entry) (+9ms) (757/4055)
16:39:36   ▶ /_astro/close-up-portrait-cute-kid-gray-pajamas-brushing-her-teeth.k4plXwGd_10FUfm.avif (reused cache entry) (+9ms) (758/4055)
16:39:36   ▶ /_astro/paciente-femenino-sonriendo-clinica.Chd8lV4O_Z1w58OR.jpg (reused cache entry) (+10ms) (759/4055)
16:39:36   ▶ /_astro/shutterstock_1718366740.B-fkAQU5_Z1m3EkW.avif (reused cache entry) (+9ms) (760/4055)
16:39:36   ▶ /_astro/problemas-dentales-hombre-revisando-sus-dientes-mirando-perturbado.B-NSJqPi_Ztxtu9.jpg (reused cache entry) (+8ms) (761/4055)
16:39:36   ▶ /_astro/headshot-glad-woman-laughs-smiles-broadly.1jJ2XEcX_Z27pQ4p.avif (reused cache entry) (+8ms) (762/4055)
16:39:36   ▶ /_astro/beautiful-happy-fair-haired-european-woman-points-index-fingers-mouth-forces-cheerful-smile-shows-perfect-white-teeth-wears-green-jumper-being-good-mood-isolated-purple-background.Cebq-SwG_Z2wHfqs.jpg (reused cache entry) (+10ms) (763/4055)
16:39:36   ▶ /_astro/chica-sintiendo-dolor-muelas-haciendo-muecas-dolor-mientras-muerde-manzana-verde.DKsEjpdJ_4sbgy.jpg (reused cache entry) (+8ms) (764/4055)
16:39:36   ▶ /_astro/shocked-young-caucasian-woman-puts-hands-mouth.B4CTk5VF_Z179GTx.jpg (reused cache entry) (+8ms) (765/4055)
16:39:36   ▶ /_astro/toothbrush-composition.3MEH1Hfh_Z1IxIqb.jpg (reused cache entry) (+8ms) (766/4055)
16:39:36   ▶ /_astro/aching-young-pretty-girl-touching-cheek-suffering-from-toothache.Bef5DCps_1Pvvdh.avif (reused cache entry) (+5ms) (767/4055)
16:39:36   ▶ /_astro/dentist-examining-female-patient-with-teeth-shades.zS7PqwaZ_Z2wkwD0.jpg (reused cache entry) (+10ms) (768/4055)
16:39:36   ▶ /_astro/dental-implants-surgery-concept-pen-tool-created-clipping-path-included-jpeg-easy-composite.CFR66Hja_1pXTii.jpg (reused cache entry) (+6ms) (769/4055)
16:39:36   ▶ /_astro/close-up-portrait-cute-kid-gray-pajamas-brushing-her-teeth.k4plXwGd_1liRSY.avif (reused cache entry) (+6ms) (770/4055)
16:39:36   ▶ /_astro/shutterstock_1718366740.B-fkAQU5_Z9BoCu.avif (reused cache entry) (+5ms) (771/4055)
16:39:36   ▶ /_astro/paciente-femenino-sonriendo-clinica.Chd8lV4O_azWLH.jpg (reused cache entry) (+6ms) (772/4055)
16:39:36   ▶ /_astro/problemas-dentales-hombre-revisando-sus-dientes-mirando-perturbado.B-NSJqPi_1WGscD.jpg (reused cache entry) (+6ms) (773/4055)
16:39:36   ▶ /_astro/headshot-glad-woman-laughs-smiles-broadly.1jJ2XEcX_ZIH3nU.avif (reused cache entry) (+6ms) (774/4055)
16:39:36   ▶ /_astro/chica-sintiendo-dolor-muelas-haciendo-muecas-dolor-mientras-muerde-manzana-verde.DKsEjpdJ_Z15T0c4.jpg (reused cache entry) (+6ms) (775/4055)
16:39:36   ▶ /_astro/shocked-young-caucasian-woman-puts-hands-mouth.B4CTk5VF_1fu0EQ.jpg (reused cache entry) (+5ms) (776/4055)
16:39:36   ▶ /_astro/beautiful-happy-fair-haired-european-woman-points-index-fingers-mouth-forces-cheerful-smile-shows-perfect-white-teeth-wears-green-jumper-being-good-mood-isolated-purple-background.Cebq-SwG_KB9G8.jpg (reused cache entry) (+8ms) (777/4055)
16:39:36   ▶ /_astro/aching-young-pretty-girl-touching-cheek-suffering-from-toothache.Bef5DCps_ARuGR.avif (reused cache entry) (+6ms) (778/4055)
16:39:36   ▶ /_astro/toothbrush-composition.3MEH1Hfh_L8wfA.jpg (reused cache entry) (+7ms) (779/4055)
16:39:36   ▶ /_astro/shutterstock_1718366740.B-fkAQU5_224Fci.avif (reused cache entry) (+7ms) (780/4055)
16:39:36   ▶ /_astro/close-up-portrait-cute-kid-gray-pajamas-brushing-her-teeth.k4plXwGd_2o8lSQ.avif (reused cache entry) (+8ms) (781/4055)
16:39:36   ▶ /_astro/dentist-examining-female-patient-with-teeth-shades.zS7PqwaZ_ZM6r4k.jpg (reused cache entry) (+10ms) (782/4055)
16:39:36   ▶ /_astro/paciente-femenino-sonriendo-clinica.Chd8lV4O_1GC7di.jpg (reused cache entry) (+9ms) (783/4055)
16:39:36   ▶ /_astro/dental-implants-surgery-concept-pen-tool-created-clipping-path-included-jpeg-easy-composite.CFR66Hja_Zp5rz4.jpg (reused cache entry) (+11ms) (784/4055)
16:39:36   ▶ /_astro/problemas-dentales-hombre-revisando-sus-dientes-mirando-perturbado.B-NSJqPi_Z1jFusE.jpg (reused cache entry) (+9ms) (785/4055)
16:39:36   ▶ /_astro/headshot-glad-woman-laughs-smiles-broadly.1jJ2XEcX_2lSNr3.avif (reused cache entry) (+8ms) (786/4055)
16:39:36   ▶ /_astro/shocked-young-caucasian-woman-puts-hands-mouth.B4CTk5VF_IQaxt.jpg (reused cache entry) (+8ms) (787/4055)
16:39:36   ▶ /_astro/chica-sintiendo-dolor-muelas-haciendo-muecas-dolor-mientras-muerde-manzana-verde.DKsEjpdJ_3ObTr.jpg (reused cache entry) (+9ms) (788/4055)
16:39:36   ▶ /_astro/aching-young-pretty-girl-touching-cheek-suffering-from-toothache.Bef5DCps_zqR2t.avif (reused cache entry) (+7ms) (789/4055)
16:39:36   ▶ /_astro/beautiful-happy-fair-haired-european-woman-points-index-fingers-mouth-forces-cheerful-smile-shows-perfect-white-teeth-wears-green-jumper-being-good-mood-isolated-purple-background.Cebq-SwG_ZE1gRS.avif (reused cache entry) (+8ms) (790/4055)
16:39:36   ▶ /_astro/shutterstock_1718366740.B-fkAQU5_Z21csgU.avif (reused cache entry) (+6ms) (791/4055)
16:39:36   ▶ /_astro/toothbrush-composition.3MEH1Hfh_Z1eUliy.jpg (reused cache entry) (+8ms) (792/4055)
16:39:36   ▶ /_astro/close-up-portrait-cute-kid-gray-pajamas-brushing-her-teeth.k4plXwGd_Z2fLOfz.avif (reused cache entry) (+6ms) (793/4055)
16:39:36   ▶ /_astro/dentist-examining-female-patient-with-teeth-shades.zS7PqwaZ_j7jyQ.avif (reused cache entry) (+6ms) (794/4055)
16:39:36   ▶ /_astro/dental-implants-surgery-concept-pen-tool-created-clipping-path-included-jpeg-easy-composite.CFR66Hja_Z29eEBQ.avif (reused cache entry) (+6ms) (795/4055)
16:39:36   ▶ /_astro/paciente-femenino-sonriendo-clinica.Chd8lV4O_ZuDG8l.jpg (reused cache entry) (+6ms) (796/4055)
16:39:36   ▶ /_astro/problemas-dentales-hombre-revisando-sus-dientes-mirando-perturbado.B-NSJqPi_Z17HYVx.jpg (reused cache entry) (+6ms) (797/4055)
16:39:36   ▶ /_astro/headshot-glad-woman-laughs-smiles-broadly.1jJ2XEcX_Z1MEfq6.avif (reused cache entry) (+7ms) (798/4055)
16:39:36   ▶ /_astro/shocked-young-caucasian-woman-puts-hands-mouth.B4CTk5VF_Z1Jzdkn.jpg (reused cache entry) (+6ms) (799/4055)
16:39:36   ▶ /_astro/aching-young-pretty-girl-touching-cheek-suffering-from-toothache.Bef5DCps_Z1x94Fr.avif (reused cache entry) (+5ms) (800/4055)
16:39:36   ▶ /_astro/chica-sintiendo-dolor-muelas-haciendo-muecas-dolor-mientras-muerde-manzana-verde.DKsEjpdJ_1mxt9y.jpg (reused cache entry) (+7ms) (801/4055)
16:39:36   ▶ /_astro/beautiful-happy-fair-haired-european-woman-points-index-fingers-mouth-forces-cheerful-smile-shows-perfect-white-teeth-wears-green-jumper-being-good-mood-isolated-purple-background.Cebq-SwG_ZAPChX.avif (reused cache entry) (+5ms) (802/4055)
16:39:36   ▶ /_astro/shutterstock_1718366740.B-fkAQU5_ZBcR54.jpg (reused cache entry) (+6ms) (803/4055)
16:39:36   ▶ /_astro/dentist-examining-female-patient-with-teeth-shades.zS7PqwaZ_Z15dGSL.avif (reused cache entry) (+5ms) (804/4055)
16:39:36   ▶ /_astro/dental-implants-surgery-concept-pen-tool-created-clipping-path-included-jpeg-easy-composite.CFR66Hja_Z1ifghE.avif (reused cache entry) (+5ms) (805/4055)
16:39:36   ▶ /_astro/toothbrush-composition.3MEH1Hfh_2wcVPV.jpg (reused cache entry) (+7ms) (806/4055)
16:39:36   ▶ /_astro/close-up-portrait-cute-kid-gray-pajamas-brushing-her-teeth.k4plXwGd_VNOTX.avif (reused cache entry) (+7ms) (807/4055)
16:39:36   ▶ /_astro/problemas-dentales-hombre-revisando-sus-dientes-mirando-perturbado.B-NSJqPi_Z1qFwxy.avif (reused cache entry) (+6ms) (808/4055)
16:39:36   ▶ /_astro/paciente-femenino-sonriendo-clinica.Chd8lV4O_Z1bmzLg.jpg (reused cache entry) (+8ms) (809/4055)
16:39:36   ▶ /_astro/shocked-young-caucasian-woman-puts-hands-mouth.B4CTk5VF_1SK5xI.jpg (reused cache entry) (+6ms) (810/4055)
16:39:36   ▶ /_astro/beautiful-happy-fair-haired-european-woman-points-index-fingers-mouth-forces-cheerful-smile-shows-perfect-white-teeth-wears-green-jumper-being-good-mood-isolated-purple-background.Cebq-SwG_Z12IcQ7.avif (reused cache entry) (+6ms) (811/4055)
16:39:36   ▶ /_astro/shutterstock_1718366740.B-fkAQU5_lRYpS.jpg (reused cache entry) (+6ms) (812/4055)
16:39:36   ▶ /_astro/aching-young-pretty-girl-touching-cheek-suffering-from-toothache.Bef5DCps_KFOnH.jpg (reused cache entry) (+8ms) (813/4055)
16:39:36   ▶ /_astro/chica-sintiendo-dolor-muelas-haciendo-muecas-dolor-mientras-muerde-manzana-verde.DKsEjpdJ_Z1OWX3R.avif (reused cache entry) (+8ms) (814/4055)
16:39:36   ▶ /_astro/headshot-glad-woman-laughs-smiles-broadly.1jJ2XEcX_Z11xmDu.jpg (reused cache entry) (+10ms) (815/4055)
16:39:36   ▶ /_astro/dentist-examining-female-patient-with-teeth-shades.zS7PqwaZ_28bobH.avif (reused cache entry) (+7ms) (816/4055)
16:39:36   ▶ /_astro/dental-implants-surgery-concept-pen-tool-created-clipping-path-included-jpeg-easy-composite.CFR66Hja_lJKgY.avif (reused cache entry) (+7ms) (817/4055)
16:39:36   ▶ /_astro/problemas-dentales-hombre-revisando-sus-dientes-mirando-perturbado.B-NSJqPi_1BpUIP.avif (reused cache entry) (+6ms) (818/4055)
16:39:36   ▶ /_astro/paciente-femenino-sonriendo-clinica.Chd8lV4O_Z25jHuz.avif (reused cache entry) (+6ms) (819/4055)
16:39:36   ▶ /_astro/toothbrush-composition.3MEH1Hfh_1AReMT.jpg (reused cache entry) (+8ms) (820/4055)
16:39:36   ▶ /_astro/close-up-portrait-cute-kid-gray-pajamas-brushing-her-teeth.k4plXwGd_1L9TdB.jpg (reused cache entry) (+9ms) (821/4055)
16:39:36   ▶ /_astro/beautiful-happy-fair-haired-european-woman-points-index-fingers-mouth-forces-cheerful-smile-shows-perfect-white-teeth-wears-green-jumper-being-good-mood-isolated-purple-background.Cebq-SwG_Z275v2F.avif (reused cache entry) (+6ms) (822/4055)
16:39:36   ▶ /_astro/aching-young-pretty-girl-touching-cheek-suffering-from-toothache.Bef5DCps_1faPRE.jpg (reused cache entry) (+5ms) (823/4055)
16:39:36   ▶ /_astro/shutterstock_1718366740.B-fkAQU5_Z2wC4yg.jpg (reused cache entry) (+6ms) (824/4055)
16:39:36   ▶ /_astro/chica-sintiendo-dolor-muelas-haciendo-muecas-dolor-mientras-muerde-manzana-verde.DKsEjpdJ_ZIhDIb.avif (reused cache entry) (+5ms) (825/4055)
16:39:36   ▶ /_astro/young-man-feeling-sick-holding-his-chest-pain-while-drinking-tea-living-room.DD-iatK2_55PHQ.avif (reused cache entry) (+8ms) (826/4055)
16:39:36   ▶ /_astro/dentist-examining-female-patient-with-teeth-shades.zS7PqwaZ_1vNgH1.avif (reused cache entry) (+5ms) (827/4055)
16:39:36   ▶ /_astro/dental-implants-surgery-concept-pen-tool-created-clipping-path-included-jpeg-easy-composite.CFR66Hja_2uyKj7.avif (reused cache entry) (+5ms) (828/4055)
16:39:36   ▶ /_astro/problemas-dentales-hombre-revisando-sus-dientes-mirando-perturbado.B-NSJqPi_Z4WLiA.avif (reused cache entry) (+4ms) (829/4055)
16:39:36   ▶ /_astro/headshot-glad-woman-laughs-smiles-broadly.1jJ2XEcX_Z1mz3Nw.jpg (reused cache entry) (+6ms) (830/4055)
16:39:36   ▶ /_astro/paciente-femenino-sonriendo-clinica.Chd8lV4O_12FDRN.avif (reused cache entry) (+4ms) (831/4055)
16:39:36   ▶ /_astro/extreme-close-up-mixed-race-handsome-man-has-trendy-hairdo-smiles-pleasantly-blinks-eye.KJNogYu9_ZbNYJq.avif (reused cache entry) (+5ms) (832/4055)
16:39:36   ▶ /_astro/close-up-portrait-cute-kid-gray-pajamas-brushing-her-teeth.k4plXwGd_Z1FUfMt.jpg (reused cache entry) (+5ms) (833/4055)
16:39:36   ▶ /_astro/beautiful-happy-fair-haired-european-woman-points-index-fingers-mouth-forces-cheerful-smile-shows-perfect-white-teeth-wears-green-jumper-being-good-mood-isolated-purple-background.Cebq-SwG_17pTMn.avif (reused cache entry) (+4ms) (834/4055)
16:39:36   ▶ /_astro/aching-young-pretty-girl-touching-cheek-suffering-from-toothache.Bef5DCps_Z2biHid.jpg (reused cache entry) (+4ms) (835/4055)
16:39:36   ▶ /_astro/chica-sintiendo-dolor-muelas-haciendo-muecas-dolor-mientras-muerde-manzana-verde.DKsEjpdJ_Z2x1cVN.avif (reused cache entry) (+4ms) (836/4055)
16:39:36   ▶ /_astro/shutterstock_1718366740.B-fkAQU5_Z1uH4dx.jpg (reused cache entry) (+4ms) (837/4055)
16:39:36   ▶ /_astro/young-man-feeling-sick-holding-his-chest-pain-while-drinking-tea-living-room.DD-iatK2_eS2EJ.avif (reused cache entry) (+4ms) (838/4055)
16:39:36   ▶ /_astro/dental-implants-surgery-concept-pen-tool-created-clipping-path-included-jpeg-easy-composite.CFR66Hja_18bAPe.avif (reused cache entry) (+4ms) (839/4055)
16:39:36   ▶ /_astro/problemas-dentales-hombre-revisando-sus-dientes-mirando-perturbado.B-NSJqPi_8fJz4.avif (reused cache entry) (+5ms) (840/4055)
16:39:36   ▶ /_astro/dentist-examining-female-patient-with-teeth-shades.zS7PqwaZ_He3o6.avif (reused cache entry) (+5ms) (841/4055)
16:39:36   ▶ /_astro/paciente-femenino-sonriendo-clinica.Chd8lV4O_Z2ch3Tz.avif (reused cache entry) (+5ms) (842/4055)
16:39:36   ▶ /_astro/extreme-close-up-mixed-race-handsome-man-has-trendy-hairdo-smiles-pleasantly-blinks-eye.KJNogYu9_Zsi7VS.avif (reused cache entry) (+5ms) (843/4055)
16:39:36   ▶ /_astro/headshot-glad-woman-laughs-smiles-broadly.1jJ2XEcX_18IQX.jpg (reused cache entry) (+6ms) (844/4055)
16:39:36   ▶ /_astro/close-up-portrait-cute-kid-gray-pajamas-brushing-her-teeth.k4plXwGd_ZD5LMB.jpg (reused cache entry) (+6ms) (845/4055)
16:39:36   ▶ /_astro/chica-sintiendo-dolor-muelas-haciendo-muecas-dolor-mientras-muerde-manzana-verde.DKsEjpdJ_238SlE.avif (reused cache entry) (+5ms) (846/4055)
16:39:36   ▶ /_astro/beautiful-happy-fair-haired-european-woman-points-index-fingers-mouth-forces-cheerful-smile-shows-perfect-white-teeth-wears-green-jumper-being-good-mood-isolated-purple-background.Cebq-SwG_N0Awi.avif (reused cache entry) (+6ms) (847/4055)
16:39:36   ▶ /_astro/aching-young-pretty-girl-touching-cheek-suffering-from-toothache.Bef5DCps_1Efq0j.jpg (reused cache entry) (+6ms) (848/4055)
16:39:36   ▶ /_astro/dental-implants-surgery-concept-pen-tool-created-clipping-path-included-jpeg-easy-composite.CFR66Hja_2TLSH.avif (reused cache entry) (+6ms) (849/4055)
16:39:36   ▶ /_astro/problemas-dentales-hombre-revisando-sus-dientes-mirando-perturbado.B-NSJqPi_ZxitNP.avif (reused cache entry) (+5ms) (850/4055)
16:39:36   ▶ /_astro/scared-blond-woman-biting-nails-fingers-panic-afraid-something-scary-trembling-from-fear-while-standing-anxious-against-white-wall.DgGR5sJz_1184tN.avif (reused cache entry) (+8ms) (851/4055)
16:39:36   ▶ /_astro/young-man-feeling-sick-holding-his-chest-pain-while-drinking-tea-living-room.DD-iatK2_ZS69ms.avif (reused cache entry) (+7ms) (852/4055)
16:39:36   ▶ /_astro/paciente-femenino-sonriendo-clinica.Chd8lV4O_Z2mm10f.avif (reused cache entry) (+6ms) (853/4055)
16:39:36   ▶ /_astro/dentist-examining-female-patient-with-teeth-shades.zS7PqwaZ_Z20o0dP.avif (reused cache entry) (+7ms) (854/4055)
16:39:36   ▶ /_astro/extreme-close-up-mixed-race-handsome-man-has-trendy-hairdo-smiles-pleasantly-blinks-eye.KJNogYu9_ZhX7lO.avif (reused cache entry) (+7ms) (855/4055)
16:39:36   ▶ /_astro/chica-sintiendo-dolor-muelas-haciendo-muecas-dolor-mientras-muerde-manzana-verde.DKsEjpdJ_Zl02CA.avif (reused cache entry) (+5ms) (856/4055)
16:39:36   ▶ /_astro/close-up-portrait-cute-kid-gray-pajamas-brushing-her-teeth.k4plXwGd_ZcNO86.jpg (reused cache entry) (+7ms) (857/4055)
16:39:36   ▶ /_astro/headshot-glad-woman-laughs-smiles-broadly.1jJ2XEcX_Z1Xrx70.jpg (reused cache entry) (+8ms) (858/4055)
16:39:36   ▶ /_astro/aching-young-pretty-girl-touching-cheek-suffering-from-toothache.Bef5DCps_Z2iiwjl.jpg (reused cache entry) (+6ms) (859/4055)
16:39:36   ▶ /_astro/beautiful-happy-fair-haired-european-woman-points-index-fingers-mouth-forces-cheerful-smile-shows-perfect-white-teeth-wears-green-jumper-being-good-mood-isolated-purple-background.Cebq-SwG_Z1gv79J.jpg (reused cache entry) (+7ms) (860/4055)
16:39:36   ▶ /_astro/dental-implants-surgery-concept-pen-tool-created-clipping-path-included-jpeg-easy-composite.CFR66Hja_8Xk4K.jpg (reused cache entry) (+6ms) (861/4055)
16:39:36   ▶ /_astro/problemas-dentales-hombre-revisando-sus-dientes-mirando-perturbado.B-NSJqPi_LOG5Q.jpg (reused cache entry) (+5ms) (862/4055)
16:39:36   ▶ /_astro/scared-blond-woman-biting-nails-fingers-panic-afraid-something-scary-trembling-from-fear-while-standing-anxious-against-white-wall.DgGR5sJz_16BhqA.avif (reused cache entry) (+5ms) (863/4055)
16:39:36   ▶ /_astro/young-man-feeling-sick-holding-his-chest-pain-while-drinking-tea-living-room.DD-iatK2_1b5iyd.avif (reused cache entry) (+5ms) (864/4055)
16:39:36   ▶ /_astro/paciente-femenino-sonriendo-clinica.Chd8lV4O_2mzP4b.avif (reused cache entry) (+5ms) (865/4055)
16:39:36   ▶ /_astro/extreme-close-up-mixed-race-handsome-man-has-trendy-hairdo-smiles-pleasantly-blinks-eye.KJNogYu9_Z2660dE.avif (reused cache entry) (+4ms) (866/4055)
16:39:36   ▶ /_astro/chica-sintiendo-dolor-muelas-haciendo-muecas-dolor-mientras-muerde-manzana-verde.DKsEjpdJ_fm0II.jpg (reused cache entry) (+4ms) (867/4055)
16:39:36   ▶ /_astro/dentist-examining-female-patient-with-teeth-shades.zS7PqwaZ_Z137ScD.jpg (reused cache entry) (+6ms) (868/4055)
16:39:36   ▶ /_astro/close-up-portrait-cute-kid-gray-pajamas-brushing-her-teeth.k4plXwGd_Z1DLXUr.jpg (reused cache entry) (+5ms) (869/4055)
16:39:36   ▶ /_astro/beautiful-happy-fair-haired-european-woman-points-index-fingers-mouth-forces-cheerful-smile-shows-perfect-white-teeth-wears-green-jumper-being-good-mood-isolated-purple-background.Cebq-SwG_202R9e.jpg (reused cache entry) (+5ms) (870/4055)
16:39:36   ▶ /_astro/aching-young-pretty-girl-touching-cheek-suffering-from-toothache.Bef5DCps_EiELF.jpg (reused cache entry) (+6ms) (871/4055)
16:39:36   ▶ /_astro/headshot-glad-woman-laughs-smiles-broadly.1jJ2XEcX_19QGmB.jpg (reused cache entry) (+6ms) (872/4055)
16:39:36   ▶ /_astro/problemas-dentales-hombre-revisando-sus-dientes-mirando-perturbado.B-NSJqPi_Z1gjsBY.jpg (reused cache entry) (+5ms) (873/4055)
16:39:36   ▶ /_astro/dental-implants-surgery-concept-pen-tool-created-clipping-path-included-jpeg-easy-composite.CFR66Hja_Z2mL6tw.jpg (reused cache entry) (+6ms) (874/4055)
16:39:36   ▶ /_astro/scared-blond-woman-biting-nails-fingers-panic-afraid-something-scary-trembling-from-fear-while-standing-anxious-against-white-wall.DgGR5sJz_y4pAe.avif (reused cache entry) (+7ms) (875/4055)
16:39:36   ▶ /_astro/extreme-close-up-mixed-race-handsome-man-has-trendy-hairdo-smiles-pleasantly-blinks-eye.KJNogYu9_hYLuO.jpg (reused cache entry) (+7ms) (876/4055)
16:39:36   ▶ /_astro/chica-sintiendo-dolor-muelas-haciendo-muecas-dolor-mientras-muerde-manzana-verde.DKsEjpdJ_ZEb6j0.jpg (reused cache entry) (+7ms) (877/4055)
16:39:36   ▶ /_astro/paciente-femenino-sonriendo-clinica.Chd8lV4O_1Kyxda.jpg (reused cache entry) (+8ms) (878/4055)
16:39:36   ▶ /_astro/young-man-feeling-sick-holding-his-chest-pain-while-drinking-tea-living-room.DD-iatK2_HnLTN.jpg (reused cache entry) (+9ms) (879/4055)
16:39:36   ▶ /_astro/dentist-examining-female-patient-with-teeth-shades.zS7PqwaZ_b8BFc.jpg (reused cache entry) (+7ms) (880/4055)
16:39:36   ▶ /_astro/close-up-portrait-cute-kid-gray-pajamas-brushing-her-teeth.k4plXwGd_ejVqn.avif (reused cache entry) (+6ms) (881/4055)
16:39:36   ▶ /_astro/shutterstock_1224151894.CWpwefbE_151mLL.avif (reused cache entry) (+6ms) (882/4055)
16:39:36   ▶ /_astro/beautiful-happy-fair-haired-european-woman-points-index-fingers-mouth-forces-cheerful-smile-shows-perfect-white-teeth-wears-green-jumper-being-good-mood-isolated-purple-background.Cebq-SwG_1yahA5.jpg (reused cache entry) (+7ms) (883/4055)
16:39:36   ▶ /_astro/headshot-glad-woman-laughs-smiles-broadly.1jJ2XEcX_1n7ESA.avif (reused cache entry) (+6ms) (884/4055)
16:39:36   ▶ /_astro/problemas-dentales-hombre-revisando-sus-dientes-mirando-perturbado.B-NSJqPi_27tX9w.jpg (reused cache entry) (+6ms) (885/4055)
16:39:36   ▶ /_astro/dental-implants-surgery-concept-pen-tool-created-clipping-path-included-jpeg-easy-composite.CFR66Hja_ZHL4TS.jpg (reused cache entry) (+6ms) (886/4055)
16:39:36   ▶ /_astro/scared-blond-woman-biting-nails-fingers-panic-afraid-something-scary-trembling-from-fear-while-standing-anxious-against-white-wall.DgGR5sJz_Zgg2rt.avif (reused cache entry) (+4ms) (887/4055)
16:39:36   ▶ /_astro/paciente-femenino-sonriendo-clinica.Chd8lV4O_1YhNFC.jpg (reused cache entry) (+4ms) (888/4055)
16:39:36   ▶ /_astro/extreme-close-up-mixed-race-handsome-man-has-trendy-hairdo-smiles-pleasantly-blinks-eye.KJNogYu9_1vDim.jpg (reused cache entry) (+5ms) (889/4055)
16:39:36   ▶ /_astro/chica-sintiendo-dolor-muelas-haciendo-muecas-dolor-mientras-muerde-manzana-verde.DKsEjpdJ_Z2sTEwC.jpg (reused cache entry) (+5ms) (890/4055)
16:39:36   ▶ /_astro/young-man-feeling-sick-holding-his-chest-pain-while-drinking-tea-living-room.DD-iatK2_RaXQG.jpg (reused cache entry) (+4ms) (891/4055)
16:39:36   ▶ /_astro/close-up-portrait-cute-kid-gray-pajamas-brushing-her-teeth.k4plXwGd_QxAju.avif (reused cache entry) (+5ms) (892/4055)
16:39:36   ▶ /_astro/dentist-examining-female-patient-with-teeth-shades.zS7PqwaZ_Z1FDq3g.jpg (reused cache entry) (+5ms) (893/4055)
16:39:36   ▶ /_astro/shutterstock_1224151894.CWpwefbE_Z1zErjM.avif (reused cache entry) (+5ms) (894/4055)
16:39:36   ▶ /_astro/headshot-glad-woman-laughs-smiles-broadly.1jJ2XEcX_1Vewdt.avif (reused cache entry) (+5ms) (895/4055)
16:39:36   ▶ /_astro/beautiful-happy-fair-haired-european-woman-points-index-fingers-mouth-forces-cheerful-smile-shows-perfect-white-teeth-wears-green-jumper-being-good-mood-isolated-purple-background.Cebq-SwG_tMYow.jpg (reused cache entry) (+6ms) (896/4055)
16:39:36   ▶ /_astro/problemas-dentales-hombre-revisando-sus-dientes-mirando-perturbado.B-NSJqPi_2kHu2b.jpg (reused cache entry) (+5ms) (897/4055)
16:39:36   ▶ /_astro/dental-implants-surgery-concept-pen-tool-created-clipping-path-included-jpeg-easy-composite.CFR66Hja_1q2U7f.jpg (reused cache entry) (+5ms) (898/4055)
16:39:36   ▶ /_astro/paciente-femenino-sonriendo-clinica.Chd8lV4O_Z1fET6K.jpg (reused cache entry) (+5ms) (899/4055)
16:39:36   ▶ /_astro/chica-sintiendo-dolor-muelas-haciendo-muecas-dolor-mientras-muerde-manzana-verde.DKsEjpdJ_27fqKP.jpg (reused cache entry) (+5ms) (900/4055)
16:39:36   ▶ /_astro/scared-blond-woman-biting-nails-fingers-panic-afraid-something-scary-trembling-from-fear-while-standing-anxious-against-white-wall.DgGR5sJz_ZnFID.jpg (reused cache entry) (+7ms) (901/4055)
16:39:36   ▶ /_astro/extreme-close-up-mixed-race-handsome-man-has-trendy-hairdo-smiles-pleasantly-blinks-eye.KJNogYu9_bPDSq.jpg (reused cache entry) (+6ms) (902/4055)
16:39:36   ▶ /_astro/young-man-feeling-sick-holding-his-chest-pain-while-drinking-tea-living-room.DD-iatK2_ZfNdav.jpg (reused cache entry) (+6ms) (903/4055)
16:39:36   ▶ /_astro/close-up-portrait-cute-kid-gray-pajamas-brushing-her-teeth.k4plXwGd_2rOSxB.avif (reused cache entry) (+6ms) (904/4055)
16:39:36   ▶ /_astro/headshot-glad-woman-laughs-smiles-broadly.1jJ2XEcX_1JtIFB.avif (reused cache entry) (+6ms) (905/4055)
16:39:36   ▶ /_astro/shutterstock_1224151894.CWpwefbE_Z9SuBC.avif (reused cache entry) (+7ms) (906/4055)
16:39:36   ▶ /_astro/dentist-examining-female-patient-with-teeth-shades.zS7PqwaZ_Z2i1xwW.jpg (reused cache entry) (+8ms) (907/4055)
16:39:36   ▶ /_astro/beautiful-happy-fair-haired-european-woman-points-index-fingers-mouth-forces-cheerful-smile-shows-perfect-white-teeth-wears-green-jumper-being-good-mood-isolated-purple-background.Cebq-SwG_uV4vw.jpg (reused cache entry) (+7ms) (908/4055)
16:39:36   ▶ /_astro/problemas-dentales-hombre-revisando-sus-dientes-mirando-perturbado.B-NSJqPi_1FcIOz.jpg (reused cache entry) (+7ms) (909/4055)
16:39:36   ▶ /_astro/dental-implants-surgery-concept-pen-tool-created-clipping-path-included-jpeg-easy-composite.CFR66Hja_Z1DMxh6.jpg (reused cache entry) (+7ms) (910/4055)
16:39:36   ▶ /_astro/paciente-femenino-sonriendo-clinica.Chd8lV4O_Z1pJQcq.jpg (reused cache entry) (+6ms) (911/4055)
16:39:36   ▶ /_astro/chica-sintiendo-dolor-muelas-haciendo-muecas-dolor-mientras-muerde-manzana-verde.DKsEjpdJ_1JjVa0.jpg (reused cache entry) (+6ms) (912/4055)
16:39:36   ▶ /_astro/scared-blond-woman-biting-nails-fingers-panic-afraid-something-scary-trembling-from-fear-while-standing-anxious-against-white-wall.DgGR5sJz_55wd9.jpg (reused cache entry) (+6ms) (913/4055)
16:39:36   ▶ /_astro/close-up-portrait-cute-kid-gray-pajamas-brushing-her-teeth.k4plXwGd_ZsoCiv.avif (reused cache entry) (+6ms) (914/4055)
16:39:36   ▶ /_astro/young-man-feeling-sick-holding-his-chest-pain-while-drinking-tea-living-room.DD-iatK2_1NneKa.jpg (reused cache entry) (+7ms) (915/4055)
16:39:36   ▶ /_astro/extreme-close-up-mixed-race-handsome-man-has-trendy-hairdo-smiles-pleasantly-blinks-eye.KJNogYu9_Z1BhdXp.jpg (reused cache entry) (+7ms) (916/4055)
16:39:36   ▶ /_astro/headshot-glad-woman-laughs-smiles-broadly.1jJ2XEcX_1bcEAf.avif (reused cache entry) (+5ms) (917/4055)
16:39:36   ▶ /_astro/shutterstock_1224151894.CWpwefbE_28fOhP.avif (reused cache entry) (+5ms) (918/4055)
16:39:36   ▶ /_astro/shutterstock_285790634.CRT9yE-w_ZbcuxG.avif (reused cache entry) (+5ms) (919/4055)
16:39:36   ▶ /_astro/dentist-examining-female-patient-with-teeth-shades.zS7PqwaZ_ZE19no.jpg (reused cache entry) (+6ms) (920/4055)
16:39:36   ▶ /_astro/beautiful-happy-fair-haired-european-woman-points-index-fingers-mouth-forces-cheerful-smile-shows-perfect-white-teeth-wears-green-jumper-being-good-mood-isolated-purple-background.Cebq-SwG_bvKfr.jpg (reused cache entry) (+6ms) (921/4055)
16:39:36   ▶ /_astro/girl-smiling-choosing-veneers.C0O1d64S_DcBq.avif (reused cache entry) (+6ms) (922/4055)
16:39:36   ▶ /_astro/dental-implants-surgery-concept-pen-tool-created-clipping-path-included-jpeg-easy-composite.CFR66Hja_2l7LAj.jpg (reused cache entry) (+7ms) (923/4055)
16:39:36   ▶ /_astro/paciente-femenino-sonriendo-clinica.Chd8lV4O_18gVWY.jpg (reused cache entry) (+7ms) (924/4055)
16:39:36   ▶ /_astro/scared-blond-woman-biting-nails-fingers-panic-afraid-something-scary-trembling-from-fear-while-standing-anxious-against-white-wall.DgGR5sJz_ZsrkCd.jpg (reused cache entry) (+7ms) (925/4055)
16:39:36   ▶ /_astro/young-man-feeling-sick-holding-his-chest-pain-while-drinking-tea-living-room.DD-iatK2_Z1EUrwk.avif (reused cache entry) (+6ms) (926/4055)
16:39:36   ▶ /_astro/close-up-portrait-cute-kid-gray-pajamas-brushing-her-teeth.k4plXwGd_ItNPh.avif (reused cache entry) (+6ms) (927/4055)
16:39:36   ▶ /_astro/extreme-close-up-mixed-race-handsome-man-has-trendy-hairdo-smiles-pleasantly-blinks-eye.KJNogYu9_1TmmJi.avif (reused cache entry) (+7ms) (928/4055)
16:39:36   ▶ /_astro/headshot-glad-woman-laughs-smiles-broadly.1jJ2XEcX_1b3Cpy.avif (reused cache entry) (+7ms) (929/4055)
16:39:36   ▶ /_astro/shutterstock_285790634.CRT9yE-w_osEKg.avif (reused cache entry) (+5ms) (930/4055)
16:39:36   ▶ /_astro/shutterstock_1224151894.CWpwefbE_1AvKP9.jpg (reused cache entry) (+7ms) (931/4055)
16:39:36   ▶ /_astro/teethgrinding.B-bYBi2V_aRlmO.avif (reused cache entry) (+6ms) (932/4055)
16:39:36   ▶ /_astro/girl-smiling-choosing-veneers.C0O1d64S_Z17UuLF.avif (reused cache entry) (+5ms) (933/4055)
16:39:36   ▶ /_astro/dentist-examining-female-patient-with-teeth-shades.zS7PqwaZ_1HxUNB.jpg (reused cache entry) (+7ms) (934/4055)
16:39:36   ▶ /_astro/Toothache.e-LyfB2L_hRNj3.avif (reused cache entry) (+6ms) (935/4055)
16:39:36   ▶ /_astro/dentist-1.BzExywwc_Z1tspmA.avif (reused cache entry) (+6ms) (936/4055)
16:39:36   ▶ /_astro/young-man-feeling-sick-holding-his-chest-pain-while-drinking-tea-living-room.DD-iatK2_ZLB0Ke.avif (reused cache entry) (+5ms) (937/4055)
16:39:36   ▶ /_astro/extreme-close-up-mixed-race-handsome-man-has-trendy-hairdo-smiles-pleasantly-blinks-eye.KJNogYu9_vpXMM.avif (reused cache entry) (+5ms) (938/4055)
16:39:36   ▶ /_astro/scared-blond-woman-biting-nails-fingers-panic-afraid-something-scary-trembling-from-fear-while-standing-anxious-against-white-wall.DgGR5sJz_Z1hLMEU.jpg (reused cache entry) (+7ms) (939/4055)
16:39:36   ▶ /_astro/close-up-portrait-cute-kid-gray-pajamas-brushing-her-teeth.k4plXwGd_Z2mgRp2.jpg (reused cache entry) (+7ms) (940/4055)
16:39:36   ▶ /_astro/shutterstock_285790634.CRT9yE-w_Z23r8FS.jpg (reused cache entry) (+6ms) (941/4055)
16:39:36   ▶ /_astro/teethgrinding.B-bYBi2V_xfJbL.avif (reused cache entry) (+5ms) (942/4055)
16:39:36   ▶ /_astro/headshot-glad-woman-laughs-smiles-broadly.1jJ2XEcX_ZJxw7D.jpg (reused cache entry) (+7ms) (943/4055)
16:39:36   ▶ /_astro/shutterstock_1224151894.CWpwefbE_Z14a3gp.jpg (reused cache entry) (+7ms) (944/4055)
16:39:36   ▶ /_astro/girl-smiling-choosing-veneers.C0O1d64S_nRxoQ.jpg (reused cache entry) (+5ms) (945/4055)
16:39:36   ▶ /_astro/Toothache.e-LyfB2L_DmJ77.avif (reused cache entry) (+6ms) (946/4055)
16:39:36   ▶ /_astro/dentist-1.BzExywwc_Z17Xtyw.avif (reused cache entry) (+7ms) (947/4055)
16:39:36   ▶ /_astro/young-man-feeling-sick-holding-his-chest-pain-while-drinking-tea-living-room.DD-iatK2_Z11Ri6C.avif (reused cache entry) (+6ms) (948/4055)
16:39:36   ▶ /_astro/Tooth-ache.DVfBhUxd_sfdBn.avif (reused cache entry) (+8ms) (949/4055)
16:39:36   ▶ /_astro/extreme-close-up-mixed-race-handsome-man-has-trendy-hairdo-smiles-pleasantly-blinks-eye.KJNogYu9_ZJrQXR.avif (reused cache entry) (+6ms) (950/4055)
16:39:36   ▶ /_astro/close-up-portrait-cute-kid-gray-pajamas-brushing-her-teeth.k4plXwGd_Z2aFxmX.jpg (reused cache entry) (+6ms) (951/4055)
16:39:36   ▶ /_astro/teethgrinding.B-bYBi2V_ZH7oQ1.avif (reused cache entry) (+5ms) (952/4055)
16:39:36   ▶ /_astro/scared-blond-woman-biting-nails-fingers-panic-afraid-something-scary-trembling-from-fear-while-standing-anxious-against-white-wall.DgGR5sJz_15JdBH.avif (reused cache entry) (+7ms) (953/4055)
16:39:36   ▶ /_astro/headshot-glad-woman-laughs-smiles-broadly.1jJ2XEcX_Z2o6Okz.jpg (reused cache entry) (+6ms) (954/4055)
16:39:36   ▶ /_astro/shutterstock_285790634.CRT9yE-w_Z1sKXmV.jpg (reused cache entry) (+7ms) (955/4055)
16:39:36   ▶ /_astro/girl-smiling-choosing-veneers.C0O1d64S_ZJG9Yf.jpg (reused cache entry) (+6ms) (956/4055)
16:39:36   ▶ /_astro/shutterstock_1224151894.CWpwefbE_lASqK.jpg (reused cache entry) (+7ms) (957/4055)
16:39:36   ▶ /_astro/Toothache.e-LyfB2L_Z1g1giO.avif (reused cache entry) (+5ms) (958/4055)
16:39:36   ▶ /_astro/dentist-1.BzExywwc_22ODOt.avif (reused cache entry) (+5ms) (959/4055)
16:39:36   ▶ /_astro/young-man-feeling-sick-holding-his-chest-pain-while-drinking-tea-living-room.DD-iatK2_1Gu7q3.avif (reused cache entry) (+5ms) (960/4055)
16:39:36   ▶ /_astro/Tooth-ache.DVfBhUxd_Z1yb5Lv.avif (reused cache entry) (+4ms) (961/4055)
16:39:36   ▶ /_astro/close-up-portrait-cute-kid-gray-pajamas-brushing-her-teeth.k4plXwGd_Zzof8Q.jpg (reused cache entry) (+5ms) (962/4055)
16:39:36   ▶ /_astro/extreme-close-up-mixed-race-handsome-man-has-trendy-hairdo-smiles-pleasantly-blinks-eye.KJNogYu9_Bu90e.avif (reused cache entry) (+5ms) (963/4055)
16:39:36   ▶ /_astro/teethgrinding.B-bYBi2V_ZVSb6U.avif (reused cache entry) (+4ms) (964/4055)
16:39:36   ▶ /_astro/scared-blond-woman-biting-nails-fingers-panic-afraid-something-scary-trembling-from-fear-while-standing-anxious-against-white-wall.DgGR5sJz_1P8m6M.avif (reused cache entry) (+4ms) (965/4055)
16:39:36   ▶ /_astro/shutterstock_285790634.CRT9yE-w_1vWyYS.avif (reused cache entry) (+5ms) (966/4055)
16:39:36   ▶ /_astro/girl-smiling-choosing-veneers.C0O1d64S_2amQ68.avif (reused cache entry) (+4ms) (967/4055)
16:39:36   ▶ /_astro/headshot-glad-woman-laughs-smiles-broadly.1jJ2XEcX_2ukvVu.jpg (reused cache entry) (+5ms) (968/4055)
16:39:36   ▶ /_astro/shutterstock_1224151894.CWpwefbE_Z2qqUsI.jpg (reused cache entry) (+5ms) (969/4055)
16:39:36   ▶ /_astro/Toothache.e-LyfB2L_1GlHPz.avif (reused cache entry) (+4ms) (970/4055)
16:39:36   ▶ /_astro/dentist-1.BzExywwc_Z4YuP4.avif (reused cache entry) (+4ms) (971/4055)
16:39:36   ▶ /_astro/young-man-feeling-sick-holding-his-chest-pain-while-drinking-tea-living-room.DD-iatK2_2wAb5l.jpg (reused cache entry) (+4ms) (972/4055)
16:39:36   ▶ /_astro/Tooth-ache.DVfBhUxd_Z1HwVPn.avif (reused cache entry) (+4ms) (973/4055)
16:39:36   ▶ /_astro/close-up-portrait-cute-kid-gray-pajamas-brushing-her-teeth.k4plXwGd_1zymNX.jpg (reused cache entry) (+4ms) (974/4055)
16:39:36   ▶ /_astro/extreme-close-up-mixed-race-handsome-man-has-trendy-hairdo-smiles-pleasantly-blinks-eye.KJNogYu9_1N3W27.jpg (reused cache entry) (+4ms) (975/4055)
16:39:36   ▶ /_astro/scared-blond-woman-biting-nails-fingers-panic-afraid-something-scary-trembling-from-fear-while-standing-anxious-against-white-wall.DgGR5sJz_ZeGOfM.avif (reused cache entry) (+4ms) (976/4055)
16:39:36   ▶ /_astro/shutterstock_285790634.CRT9yE-w_Z1hwq2X.avif (reused cache entry) (+4ms) (977/4055)
16:39:36   ▶ /_astro/girl-smiling-choosing-veneers.C0O1d64S_Z1SvRXt.avif (reused cache entry) (+4ms) (978/4055)
16:39:36   ▶ /_astro/teethgrinding.B-bYBi2V_1pqfi2.jpg (reused cache entry) (+5ms) (979/4055)
16:39:36   ▶ /_astro/shutterstock_1224151894.CWpwefbE_ZQltYJ.avif (reused cache entry) (+4ms) (980/4055)
16:39:36   ▶ /_astro/headshot-glad-woman-laughs-smiles-broadly.1jJ2XEcX_1V3rQ8.jpg (reused cache entry) (+4ms) (981/4055)
16:39:36   ▶ /_astro/dentist-1.BzExywwc_2jzoDP.jpg (reused cache entry) (+4ms) (982/4055)
16:39:36   ▶ /_astro/Toothache.e-LyfB2L_ZYgvts.jpg (reused cache entry) (+4ms) (983/4055)
16:39:36   ▶ /_astro/extreme-close-up-mixed-race-handsome-man-has-trendy-hairdo-smiles-pleasantly-blinks-eye.KJNogYu9_10eK32.jpg (reused cache entry) (+4ms) (984/4055)
16:39:36   ▶ /_astro/young-man-feeling-sick-holding-his-chest-pain-while-drinking-tea-living-room.DD-iatK2_Z9j4yh.jpg (reused cache entry) (+5ms) (985/4055)
16:39:36   ▶ /_astro/Tooth-ache.DVfBhUxd_1tcMiO.avif (reused cache entry) (+5ms) (986/4055)
16:39:36   ▶ /_astro/close-up-portrait-cute-kid-gray-pajamas-brushing-her-teeth.k4plXwGd_Z1R7008.jpg (reused cache entry) (+5ms) (987/4055)
16:39:36   ▶ /_astro/girl-smiling-choosing-veneers.C0O1d64S_Z2wzVUn.jpg (reused cache entry) (+5ms) (988/4055)
16:39:36   ▶ /_astro/shutterstock_285790634.CRT9yE-w_Zlh48j.jpg (reused cache entry) (+5ms) (989/4055)
16:39:36   ▶ /_astro/scared-blond-woman-biting-nails-fingers-panic-afraid-something-scary-trembling-from-fear-while-standing-anxious-against-white-wall.DgGR5sJz_Z25RLb9.avif (reused cache entry) (+6ms) (990/4055)
16:39:36   ▶ /_astro/teethgrinding.B-bYBi2V_1LND6Y.jpg (reused cache entry) (+5ms) (991/4055)
16:39:36   ▶ /_astro/shutterstock_1224151894.CWpwefbE_ZWDVcp.avif (reused cache entry) (+5ms) (992/4055)
16:39:36   ▶ /_astro/dentist-1.BzExywwc_Z2p7Nm2.jpg (reused cache entry) (+4ms) (993/4055)
16:39:36   ▶ /_astro/Toothache.e-LyfB2L_ZCLzFo.jpg (reused cache entry) (+5ms) (994/4055)
16:39:36   ▶ /_astro/headshot-glad-woman-laughs-smiles-broadly.1jJ2XEcX_ZVByAF.jpg (reused cache entry) (+6ms) (995/4055)
16:39:36   ▶ /_astro/extreme-close-up-mixed-race-handsome-man-has-trendy-hairdo-smiles-pleasantly-blinks-eye.KJNogYu9_ZfD5IC.jpg (reused cache entry) (+4ms) (996/4055)
16:39:36   ▶ /_astro/young-man-feeling-sick-holding-his-chest-pain-while-drinking-tea-living-room.DD-iatK2_ZozlTF.jpg (reused cache entry) (+5ms) (997/4055)
16:39:36   ▶ /_astro/girl-smiling-choosing-veneers.C0O1d64S_Z1vhxb3.jpg (reused cache entry) (+4ms) (998/4055)
16:39:36   ▶ /_astro/Job-interview.hMF9NZDg_1s9sj7.avif (reused cache entry) (+5ms) (999/4055)
16:39:36   ▶ /_astro/Tooth-ache.DVfBhUxd_1q6jv6.jpg (reused cache entry) (+6ms) (1000/4055)
16:39:36   ▶ /_astro/shutterstock_285790634.CRT9yE-w_1Uq4CL.jpg (reused cache entry) (+5ms) (1001/4055)
16:39:36   ▶ /_astro/shutterstock_1224151894.CWpwefbE_1e28Cn.avif (reused cache entry) (+5ms) (1002/4055)
16:39:36   ▶ /_astro/teethgrinding.B-bYBi2V_wqu4c.jpg (reused cache entry) (+6ms) (1003/4055)
16:39:36   ▶ /_astro/scared-blond-woman-biting-nails-fingers-panic-afraid-something-scary-trembling-from-fear-while-standing-anxious-against-white-wall.DgGR5sJz_Zacoip.jpg (reused cache entry) (+6ms) (1004/4055)
16:39:36   ▶ /_astro/dentist-1.BzExywwc_KFk1X.jpg (reused cache entry) (+5ms) (1005/4055)
16:39:36   ▶ /_astro/Toothache.e-LyfB2L_2x1xHB.jpg (reused cache entry) (+5ms) (1006/4055)
16:39:36   ▶ /_astro/white-spot.DSAydc9w_ZGz9YH.avif (reused cache entry) (+5ms) (1007/4055)
16:39:36   ▶ /_astro/young-man-feeling-sick-holding-his-chest-pain-while-drinking-tea-living-room.DD-iatK2_2jM3C0.jpg (reused cache entry) (+5ms) (1008/4055)
16:39:36   ▶ /_astro/extreme-close-up-mixed-race-handsome-man-has-trendy-hairdo-smiles-pleasantly-blinks-eye.KJNogYu9_16iUft.jpg (reused cache entry) (+6ms) (1009/4055)
16:39:36   ▶ /_astro/Job-interview.hMF9NZDg_1FcTBQ.avif (reused cache entry) (+5ms) (1010/4055)
16:39:36   ▶ /_astro/natural-dental-care.DuEl_CR2_JgTYl.avif (reused cache entry) (+5ms) (1011/4055)
16:39:36   ▶ /_astro/Invisalign.mzuk8YAe_1kT9qE.avif (reused cache entry) (+5ms) (1012/4055)
16:39:36   ▶ /_astro/shutterstock_1224151894.CWpwefbE_2fW8X6.avif (reused cache entry) (+5ms) (1013/4055)
16:39:36   ▶ /_astro/Tooth-ache.DVfBhUxd_ZAjYRM.jpg (reused cache entry) (+6ms) (1014/4055)
16:39:36   ▶ /_astro/scared-blond-woman-biting-nails-fingers-panic-afraid-something-scary-trembling-from-fear-while-standing-anxious-against-white-wall.DgGR5sJz_NBASl.jpg (reused cache entry) (+5ms) (1015/4055)
16:39:36   ▶ /_astro/teethgrinding.B-bYBi2V_hEHNi.jpg (reused cache entry) (+6ms) (1016/4055)
16:39:36   ▶ /_astro/white-spot.DSAydc9w_2mbEql.avif (reused cache entry) (+6ms) (1017/4055)
16:39:36   ▶ /_astro/dentist-1.BzExywwc_Z1m8OCz.jpg (reused cache entry) (+7ms) (1018/4055)
16:39:36   ▶ /_astro/Toothache.e-LyfB2L_pco34.jpg (reused cache entry) (+7ms) (1019/4055)
16:39:36   ▶ /_astro/Trismus.Do_gnc2W_26EK7p.avif (reused cache entry) (+6ms) (1020/4055)
16:39:36   ▶ /_astro/Job-interview.hMF9NZDg_pOKz4.avif (reused cache entry) (+6ms) (1021/4055)
16:39:36   ▶ /_astro/Professional-teeth-whitening.BK4RJNRy_Z1Va0gD.avif (reused cache entry) (+7ms) (1022/4055)
16:39:36   ▶ /_astro/natural-dental-care.DuEl_CR2_Z1ObW5P.avif (reused cache entry) (+7ms) (1023/4055)
16:39:36   ▶ /_astro/Invisalign.mzuk8YAe_ZFw9We.avif (reused cache entry) (+6ms) (1024/4055)
16:39:36   ▶ /_astro/shutterstock_1224151894.CWpwefbE_Z6uGIQ.jpg (reused cache entry) (+6ms) (1025/4055)
16:39:36   ▶ /_astro/teethgrinding.B-bYBi2V_Z1cARrj.avif (reused cache entry) (+5ms) (1026/4055)
16:39:36   ▶ /_astro/Tooth-ache.DVfBhUxd_ZJFPVE.jpg (reused cache entry) (+8ms) (1027/4055)
16:39:36   ▶ /_astro/white-spot.DSAydc9w_2cONmt.avif (reused cache entry) (+5ms) (1028/4055)
16:39:36   ▶ /_astro/scared-blond-woman-biting-nails-fingers-panic-afraid-something-scary-trembling-from-fear-while-standing-anxious-against-white-wall.DgGR5sJz_Z1gdzte.jpg (reused cache entry) (+7ms) (1029/4055)
16:39:36   ▶ /_astro/dentist-1.BzExywwc_Z2madgY.avif (reused cache entry) (+6ms) (1030/4055)
16:39:36   ▶ /_astro/Toothache.e-LyfB2L_1PChGu.avif (reused cache entry) (+6ms) (1031/4055)
16:39:36   ▶ /_astro/Trismus.Do_gnc2W_21nzjP.avif (reused cache entry) (+6ms) (1032/4055)
16:39:36   ▶ /_astro/Professional-teeth-whitening.BK4RJNRy_2stSMX.avif (reused cache entry) (+5ms) (1033/4055)
16:39:36   ▶ /_astro/natural-dental-care.DuEl_CR2_mws1P.avif (reused cache entry) (+5ms) (1034/4055)
16:39:36   ▶ /_astro/Invisalign.mzuk8YAe_ZOS116.avif (reused cache entry) (+6ms) (1035/4055)
16:39:36   ▶ /_astro/Job-interview.hMF9NZDg_Z2ntLzB.jpg (reused cache entry) (+7ms) (1036/4055)
16:39:36   ▶ /_astro/teethgrinding.B-bYBi2V_escgE.avif (reused cache entry) (+5ms) (1037/4055)
16:39:36   ▶ /_astro/shutterstock_1224151894.CWpwefbE_Zr9x92.jpg (reused cache entry) (+5ms) (1038/4055)
16:39:36   ▶ /_astro/dentist-1.BzExywwc_2hojiJ.avif (reused cache entry) (+5ms) (1039/4055)
16:39:36   ▶ /_astro/white-spot.DSAydc9w_jnoGJ.avif (reused cache entry) (+5ms) (1040/4055)
16:39:36   ▶ /_astro/Tooth-ache.DVfBhUxd_2r3Scx.jpg (reused cache entry) (+6ms) (1041/4055)
16:39:36   ▶ /_astro/Toothache.e-LyfB2L_Z11rAOy.avif (reused cache entry) (+5ms) (1042/4055)
16:39:36   ▶ /_astro/scared-blond-woman-biting-nails-fingers-panic-afraid-something-scary-trembling-from-fear-while-standing-anxious-against-white-wall.DgGR5sJz_1WMBpl.jpg (reused cache entry) (+6ms) (1043/4055)
16:39:36   ▶ /_astro/Trismus.Do_gnc2W_29fpLD.avif (reused cache entry) (+5ms) (1044/4055)
16:39:36   ▶ /_astro/Professional-teeth-whitening.BK4RJNRy_1GlEtB.avif (reused cache entry) (+6ms) (1045/4055)
16:39:36   ▶ /_astro/natural-dental-care.DuEl_CR2_ueq3o.avif (reused cache entry) (+6ms) (1046/4055)
16:39:36   ▶ /_astro/Invisalign.mzuk8YAe_2lQI86.avif (reused cache entry) (+6ms) (1047/4055)
16:39:36   ▶ /_astro/Job-interview.hMF9NZDg_Z2aqkgR.jpg (reused cache entry) (+6ms) (1048/4055)
16:39:36   ▶ /_astro/teethgrinding.B-bYBi2V_28werk.avif (reused cache entry) (+6ms) (1049/4055)
16:39:36   ▶ /_astro/dentist-1.BzExywwc_Z6t0xi.avif (reused cache entry) (+5ms) (1050/4055)
16:39:36   ▶ /_astro/shutterstock_1224151894.CWpwefbE_1JwwFK.jpg (reused cache entry) (+7ms) (1051/4055)
16:39:36   ▶ /_astro/Tooth-ache.DVfBhUxd_1e6Imh.avif (reused cache entry) (+5ms) (1052/4055)
16:39:36   ▶ /_astro/Toothache.e-LyfB2L_1ERd8l.avif (reused cache entry) (+6ms) (1053/4055)
16:39:36   ▶ /_astro/white-spot.DSAydc9w_ggUT1.jpg (reused cache entry) (+7ms) (1054/4055)
16:39:36   ▶ /_astro/Invisalignok.sPmDq1SX_Z1gb4Oj.avif (reused cache entry) (+6ms) (1055/4055)
16:39:36   ▶ /_astro/Trismus.Do_gnc2W_Z1P1rsU.avif (reused cache entry) (+6ms) (1056/4055)
16:39:36   ▶ /_astro/Professional-teeth-whitening.BK4RJNRy_2cSpxd.avif (reused cache entry) (+5ms) (1057/4055)
16:39:36   ▶ /_astro/teethgrinding.B-bYBi2V_6ySwj.avif (reused cache entry) (+4ms) (1058/4055)
16:39:36   ▶ /_astro/natural-dental-care.DuEl_CR2_Z1xcjSl.jpg (reused cache entry) (+6ms) (1059/4055)
16:39:36   ▶ /_astro/Invisalign.mzuk8YAe_2iKfkn.jpg (reused cache entry) (+6ms) (1060/4055)
16:39:36   ▶ /_astro/Job-interview.hMF9NZDg_1EnEuh.jpg (reused cache entry) (+5ms) (1061/4055)
16:39:36   ▶ /_astro/dentist-1.BzExywwc_1a6lvH.avif (reused cache entry) (+5ms) (1062/4055)
16:39:36   ▶ /_astro/Tooth-ache.DVfBhUxd_Z2rLhT0.avif (reused cache entry) (+5ms) (1063/4055)
16:39:36   ▶ /_astro/Toothache.e-LyfB2L_Z28JyBA.avif (reused cache entry) (+5ms) (1064/4055)
16:39:36   ▶ /_astro/shutterstock_1224151894.CWpwefbE_Z2iJAMs.jpg (reused cache entry) (+6ms) (1065/4055)
16:39:36   ▶ /_astro/white-spot.DSAydc9w_Z1K9ntR.jpg (reused cache entry) (+5ms) (1066/4055)
16:39:36   ▶ /_astro/Invisalignok.sPmDq1SX_1xy6Wq.avif (reused cache entry) (+5ms) (1067/4055)
16:39:36   ▶ /_astro/teethgrinding.B-bYBi2V_1Ae1nK.jpg (reused cache entry) (+4ms) (1068/4055)
16:39:36   ▶ /_astro/natural-dental-care.DuEl_CR2_XvVPp.jpg (reused cache entry) (+4ms) (1069/4055)
16:39:36   ▶ /_astro/Trismus.Do_gnc2W_ZWiJAK.jpg (reused cache entry) (+6ms) (1070/4055)
16:39:36   ▶ /_astro/Professional-teeth-whitening.BK4RJNRy_Z2g20r7.jpg (reused cache entry) (+6ms) (1071/4055)
16:39:36   ▶ /_astro/Invisalign.mzuk8YAe_hjUVu.jpg (reused cache entry) (+5ms) (1072/4055)
16:39:36   ▶ /_astro/Tooth-ache.DVfBhUxd_Z2kqzL7.avif (reused cache entry) (+4ms) (1073/4055)
16:39:36   ▶ /_astro/Job-interview.hMF9NZDg_Z1KqzUj.avif (reused cache entry) (+6ms) (1074/4055)
16:39:36   ▶ /_astro/dentist-1.BzExywwc_Z1oj7ng.jpg (reused cache entry) (+5ms) (1075/4055)
16:39:36   ▶ /_astro/Toothache.e-LyfB2L_Z2gHKdI.jpg (reused cache entry) (+5ms) (1076/4055)
16:39:36   ▶ /_astro/teeth-bonding-1.TfNnR7Ok_1gE3vX.avif (reused cache entry) (+5ms) (1077/4055)
16:39:36   ▶ /_astro/white-spot.DSAydc9w_Z1TvexJ.jpg (reused cache entry) (+6ms) (1078/4055)
16:39:36   ▶ /_astro/teethgrinding.B-bYBi2V_1t16bR.jpg (reused cache entry) (+4ms) (1079/4055)
16:39:36   ▶ /_astro/Invisalignok.sPmDq1SX_Z2c452T.avif (reused cache entry) (+5ms) (1080/4055)
16:39:36   ▶ /_astro/natural-dental-care.DuEl_CR2_Z1TVLPQ.jpg (reused cache entry) (+5ms) (1081/4055)
16:39:36   ▶ /_astro/Trismus.Do_gnc2W_Z12zUok.jpg (reused cache entry) (+5ms) (1082/4055)
16:39:36   ▶ /_astro/Professional-teeth-whitening.BK4RJNRy_28BSCu.jpg (reused cache entry) (+5ms) (1083/4055)
16:39:36   ▶ /_astro/Invisalign.mzuk8YAe_7X4RC.jpg (reused cache entry) (+5ms) (1084/4055)
16:39:36   ▶ /_astro/Job-interview.hMF9NZDg_1mpmGJ.avif (reused cache entry) (+4ms) (1085/4055)
16:39:36   ▶ /_astro/Tooth-ache.DVfBhUxd_ZwoKaL.avif (reused cache entry) (+5ms) (1086/4055)
16:39:36   ▶ /_astro/Toothache.e-LyfB2L_Z2iAUC4.jpg (reused cache entry) (+5ms) (1087/4055)
16:39:36   ▶ /_astro/dentist-1.BzExywwc_10eYve.jpg (reused cache entry) (+6ms) (1088/4055)
16:39:36   ▶ /_astro/teeth-bonding-1.TfNnR7Ok_FY5Ox.avif (reused cache entry) (+5ms) (1089/4055)
16:39:36   ▶ /_astro/white-spot.DSAydc9w_1heuAs.jpg (reused cache entry) (+5ms) (1090/4055)
16:39:36   ▶ /_astro/teethgrinding.B-bYBi2V_Z1H70ro.jpg (reused cache entry) (+5ms) (1091/4055)
16:39:36   ▶ /_astro/Invisalignok.sPmDq1SX_Ny1fa.avif (reused cache entry) (+6ms) (1092/4055)
16:39:36   ▶ /_astro/Trismus.Do_gnc2W_ZTI4Vw.jpg (reused cache entry) (+5ms) (1093/4055)
16:39:36   ▶ /_astro/natural-dental-care.DuEl_CR2_Z1MeNOi.jpg (reused cache entry) (+6ms) (1094/4055)
16:39:36   ▶ /_astro/Job-interview.hMF9NZDg_Z1NHIVw.avif (reused cache entry) (+6ms) (1095/4055)
16:39:36   ▶ /_astro/Professional-teeth-whitening.BK4RJNRy_1mtEj8.jpg (reused cache entry) (+6ms) (1096/4055)
16:39:36   ▶ /_astro/Tooth-ache.DVfBhUxd_CnQg2.jpg (reused cache entry) (+6ms) (1097/4055)
16:39:36   ▶ /_astro/Invisalign.mzuk8YAe_Z1KtjM7.jpg (reused cache entry) (+7ms) (1098/4055)
16:39:36   ▶ /_astro/Toothache.e-LyfB2L_nHSkP.jpg (reused cache entry) (+5ms) (1099/4055)
16:39:36   ▶ /_astro/dentist-1.BzExywwc_Z1nCkkN.jpg (reused cache entry) (+5ms) (1100/4055)
16:39:36   ▶ /_astro/teeth-bonding-1.TfNnR7Ok_Z1bCjQE.avif (reused cache entry) (+5ms) (1101/4055)
16:39:36   ▶ /_astro/white-spot.DSAydc9w_OSJfh.avif (reused cache entry) (+6ms) (1102/4055)
16:39:36   ▶ /_astro/teethgrinding.B-bYBi2V_1l7Mrw.jpg (reused cache entry) (+5ms) (1103/4055)
16:39:36   ▶ /_astro/natural-dental-care.DuEl_CR2_ZarNEn.avif (reused cache entry) (+5ms) (1104/4055)
16:39:36   ▶ /_astro/Invisalignok.sPmDq1SX_pjvgN.jpg (reused cache entry) (+6ms) (1105/4055)
16:39:36   ▶ /_astro/Trismus.Do_gnc2W_bcbBQ.jpg (reused cache entry) (+6ms) (1106/4055)
16:39:36   ▶ /_astro/Job-interview.hMF9NZDg_1ew3Wo.avif (reused cache entry) (+5ms) (1107/4055)
16:39:36   ▶ /_astro/Invisalign.mzuk8YAe_Z20MfYG.avif (reused cache entry) (+5ms) (1108/4055)
16:39:36   ▶ /_astro/Tooth-ache.DVfBhUxd_Z1tUc0h.jpg (reused cache entry) (+6ms) (1109/4055)
16:39:36   ▶ /_astro/Toothache.e-LyfB2L_1EifoP.jpg (reused cache entry) (+5ms) (1110/4055)
16:39:36   ▶ /_astro/Professional-teeth-whitening.BK4RJNRy_1S1pmJ.jpg (reused cache entry) (+6ms) (1111/4055)
16:39:36   ▶ /_astro/white-spot.DSAydc9w_1sAsiQ.avif (reused cache entry) (+4ms) (1112/4055)
16:39:36   ▶ /_astro/dentist-1.BzExywwc_Z72XgN.jpg (reused cache entry) (+6ms) (1113/4055)
16:39:36   ▶ /_astro/teeth-bonding-1.TfNnR7Ok_1nHJik.avif (reused cache entry) (+6ms) (1114/4055)
16:39:36   ▶ /_astro/natural-dental-care.DuEl_CR2_1Y9uB6.avif (reused cache entry) (+4ms) (1115/4055)
16:39:36   ▶ /_astro/restorativedentistryimage-1.D_3pzGJA_BRMqV.avif (reused cache entry) (+5ms) (1116/4055)
16:39:36   ▶ /_astro/Invisalignok.sPmDq1SX_Z1Q8qKo.jpg (reused cache entry) (+4ms) (1117/4055)
16:39:36   ▶ /_astro/Trismus.Do_gnc2W_GBKoD.avif (reused cache entry) (+5ms) (1118/4055)
16:39:36   ▶ /_astro/Invisalign.mzuk8YAe_Z1z7m4I.avif (reused cache entry) (+4ms) (1119/4055)
16:39:36   ▶ /_astro/Job-interview.hMF9NZDg_12oiTK.jpg (reused cache entry) (+5ms) (1120/4055)
16:39:36   ▶ /_astro/Tooth-ache.DVfBhUxd_Z1mztRo.jpg (reused cache entry) (+4ms) (1121/4055)
16:39:36   ▶ /_astro/cosmeticdent-1.DTpjGTvn_27z9Pu.avif (reused cache entry) (+5ms) (1122/4055)
16:39:36   ▶ /_astro/white-spot.DSAydc9w_1zVaqJ.avif (reused cache entry) (+4ms) (1123/4055)
16:39:36   ▶ /_astro/Professional-teeth-whitening.BK4RJNRy_ZuLwPV.avif (reused cache entry) (+5ms) (1124/4055)
16:39:36   ▶ /_astro/charcoal-teethbrushing-1.BLNvxxC9_ZOaTM8.avif (reused cache entry) (+5ms) (1125/4055)
16:39:36   ▶ /_astro/natural-dental-care.DuEl_CR2_cCSM0.avif (reused cache entry) (+5ms) (1126/4055)
16:39:36   ▶ /_astro/restorativedentistryimage-1.D_3pzGJA_Z2ta4Ad.avif (reused cache entry) (+5ms) (1127/4055)
16:39:36   ▶ /_astro/Trismus.Do_gnc2W_Tavku.avif (reused cache entry) (+4ms) (1128/4055)
16:39:36   ▶ /_astro/teeth-bonding-1.TfNnR7Ok_1D8sy7.jpg (reused cache entry) (+6ms) (1129/4055)
16:39:36   ▶ /_astro/Invisalign.mzuk8YAe_Z1rLDVP.avif (reused cache entry) (+6ms) (1130/4055)
16:39:36   ▶ /_astro/Invisalignok.sPmDq1SX_ZvytVM.jpg (reused cache entry) (+7ms) (1131/4055)
16:39:36   ▶ /_astro/Job-interview.hMF9NZDg_Z2tdRbY.jpg (reused cache entry) (+6ms) (1132/4055)
16:39:36   ▶ /_astro/Tooth-ache.DVfBhUxd_qrkHW.jpg (reused cache entry) (+6ms) (1133/4055)
16:39:36   ▶ /_astro/cosmeticdent-1.DTpjGTvn_xO4T3.avif (reused cache entry) (+6ms) (1134/4055)
16:39:36   ▶ /_astro/white-spot.DSAydc9w_Z1Ge8LQ.avif (reused cache entry) (+6ms) (1135/4055)
16:39:36   ▶ /_astro/Professional-teeth-whitening.BK4RJNRy_Z2soj3T.avif (reused cache entry) (+6ms) (1136/4055)
16:39:36   ▶ /_astro/charcoal-teethbrushing-1.BLNvxxC9_Z1jrRnB.avif (reused cache entry) (+6ms) (1137/4055)
16:39:36   ▶ /_astro/natural-dental-care.DuEl_CR2_kyVnc.avif (reused cache entry) (+5ms) (1138/4055)
16:39:36   ▶ /_astro/Trismus.Do_gnc2W_ZNDkXy.avif (reused cache entry) (+5ms) (1139/4055)
16:39:36   ▶ /_astro/restorativedentistryimage-1.D_3pzGJA_1OssDS.avif (reused cache entry) (+6ms) (1140/4055)
16:39:36   ▶ /_astro/Invisalign.mzuk8YAe_lfaDv.avif (reused cache entry) (+4ms) (1141/4055)
16:39:36   ▶ /_astro/teeth-bonding-1.TfNnR7Ok_13suQG.jpg (reused cache entry) (+6ms) (1142/4055)
16:39:36   ▶ /_astro/gum-recession.Bl6umvbk_2bI4JN.avif (reused cache entry) (+5ms) (1143/4055)
16:39:36   ▶ /_astro/Job-interview.hMF9NZDg_Zz9P1j.jpg (reused cache entry) (+5ms) (1144/4055)
16:39:36   ▶ /_astro/cosmeticdent-1.DTpjGTvn_o6gk1.avif (reused cache entry) (+5ms) (1145/4055)
16:39:36   ▶ /_astro/Invisalignok.sPmDq1SX_2u3Blh.jpg (reused cache entry) (+6ms) (1146/4055)
16:39:36   ▶ /_astro/white-spot.DSAydc9w_eaR92.jpg (reused cache entry) (+5ms) (1147/4055)
16:39:36   ▶ /_astro/charcoal-teethbrushing-1.BLNvxxC9_EWXIh.avif (reused cache entry) (+4ms) (1148/4055)
16:39:36   ▶ /_astro/Professional-teeth-whitening.BK4RJNRy_2iIul1.avif (reused cache entry) (+5ms) (1149/4055)
16:39:36   ▶ /_astro/Trismus.Do_gnc2W_Z2et3UT.avif (reused cache entry) (+4ms) (1150/4055)
16:39:36   ▶ /_astro/natural-dental-care.DuEl_CR2_8sDvm.jpg (reused cache entry) (+5ms) (1151/4055)
16:39:36   ▶ /_astro/restorativedentistryimage-1.D_3pzGJA_1TsCJk.avif (reused cache entry) (+5ms) (1152/4055)
16:39:36   ▶ /_astro/Invisalign.mzuk8YAe_2sG0I0.jpg (reused cache entry) (+5ms) (1153/4055)
16:39:36   ▶ /_astro/gum-recession.Bl6umvbk_Z2w5Ffb.avif (reused cache entry) (+4ms) (1154/4055)
16:39:36   ▶ /_astro/teeth-bonding-1.TfNnR7Ok_ZO8TOv.jpg (reused cache entry) (+5ms) (1155/4055)
16:39:36   ▶ /_astro/cosmeticdent-1.DTpjGTvn_12baaO.avif (reused cache entry) (+4ms) (1156/4055)
16:39:36   ▶ /_astro/Job-interview.hMF9NZDg_2t4WRB.jpg (reused cache entry) (+5ms) (1157/4055)
16:39:36   ▶ /_astro/Invisalignok.sPmDq1SX_2rb61S.avif (reused cache entry) (+5ms) (1158/4055)
16:39:36   ▶ /_astro/white-spot.DSAydc9w_2qrycz.jpg (reused cache entry) (+5ms) (1159/4055)
16:39:36   ▶ /_astro/charcoal-teethbrushing-1.BLNvxxC9_T2oWU.avif (reused cache entry) (+5ms) (1160/4055)
16:39:36   ▶ /_astro/Professional-teeth-whitening.BK4RJNRy_Z1H75Hj.avif (reused cache entry) (+5ms) (1161/4055)
16:39:36   ▶ /_astro/Trismus.Do_gnc2W_2i9Svj.jpg (reused cache entry) (+5ms) (1162/4055)
16:39:36   ▶ /_astro/natural-dental-care.DuEl_CR2_ZijJgA.jpg (reused cache entry) (+5ms) (1163/4055)
16:39:36   ▶ /_astro/Invisalign.mzuk8YAe_ZBggb0.jpg (reused cache entry) (+5ms) (1164/4055)
16:39:36   ▶ /_astro/gum-recession.Bl6umvbk_1iIjvX.avif (reused cache entry) (+5ms) (1165/4055)
16:39:36   ▶ /_astro/restorativedentistryimage-1.D_3pzGJA_1ggg7s.jpg (reused cache entry) (+6ms) (1166/4055)
16:39:36   ▶ /_astro/teeth-bonding-1.TfNnR7Ok_1Kc9kt.jpg (reused cache entry) (+5ms) (1167/4055)
16:39:36   ▶ /_astro/cosmeticdent-1.DTpjGTvn_Z9M58n.jpg (reused cache entry) (+5ms) (1168/4055)
16:39:36   ▶ /_astro/loosetoothadult-1.DH7d-mxM_Z1llFHq.avif (reused cache entry) (+5ms) (1169/4055)
16:39:36   ▶ /_astro/Invisalignok.sPmDq1SX_RUygI.avif (reused cache entry) (+5ms) (1170/4055)
16:39:36   ▶ /_astro/white-spot.DSAydc9w_Z2woRtt.jpg (reused cache entry) (+5ms) (1171/4055)
16:39:36   ▶ /_astro/Trismus.Do_gnc2W_Z29MYnF.jpg (reused cache entry) (+4ms) (1172/4055)
16:39:36   ▶ /_astro/charcoal-teethbrushing-1.BLNvxxC9_Zomg8o.jpg (reused cache entry) (+6ms) (1173/4055)
16:39:36   ▶ /_astro/natural-dental-care.DuEl_CR2_Z24Pl5G.jpg (reused cache entry) (+5ms) (1174/4055)
16:39:36   ▶ /_astro/Professional-teeth-whitening.BK4RJNRy_ZqjkwN.jpg (reused cache entry) (+6ms) (1175/4055)
16:39:36   ▶ /_astro/gum-recession.Bl6umvbk_13Wxg4.avif (reused cache entry) (+4ms) (1176/4055)
16:39:36   ▶ /_astro/Invisalign.mzuk8YAe_ZtUy37.jpg (reused cache entry) (+5ms) (1177/4055)
16:39:36   ▶ /_astro/restorativedentistryimage-1.D_3pzGJA_Z1OLATG.jpg (reused cache entry) (+4ms) (1178/4055)
16:39:36   ▶ /_astro/loosetoothadult-1.DH7d-mxM_Z1c0yn0.avif (reused cache entry) (+5ms) (1179/4055)
16:39:36   ▶ /_astro/Invisalignok.sPmDq1SX_PDEGq.avif (reused cache entry) (+5ms) (1180/4055)
16:39:36   ▶ /_astro/cosmeticdent-1.DTpjGTvn_Z1Ixa4O.jpg (reused cache entry) (+6ms) (1181/4055)
16:39:36   ▶ /_astro/teeth-bonding-1.TfNnR7Ok_1M7Iht.avif (reused cache entry) (+6ms) (1182/4055)
16:39:36   ▶ /_astro/white-spot.DSAydc9w_ZIn2S8.jpg (reused cache entry) (+5ms) (1183/4055)
16:39:36   ▶ /_astro/Trismus.Do_gnc2W_1czi7d.jpg (reused cache entry) (+5ms) (1184/4055)
16:39:36   ▶ /_astro/natural-dental-care.DuEl_CR2_Z1VTiuu.jpg (reused cache entry) (+4ms) (1185/4055)
16:39:36   ▶ /_astro/charcoal-teethbrushing-1.BLNvxxC9_ZSDdIR.jpg (reused cache entry) (+5ms) (1186/4055)
16:39:36   ▶ /_astro/Professional-teeth-whitening.BK4RJNRy_2hUOzy.jpg (reused cache entry) (+5ms) (1187/4055)
16:39:36   ▶ /_astro/Invisalign.mzuk8YAe_1j6gxe.jpg (reused cache entry) (+5ms) (1188/4055)
16:39:36   ▶ /_astro/gum-recession.Bl6umvbk_Z1DUa8U.jpg (reused cache entry) (+5ms) (1189/4055)
16:39:36   ▶ /_astro/loosetoothadult-1.DH7d-mxM_ZgM1vQ.avif (reused cache entry) (+6ms) (1190/4055)
16:39:36   ▶ /_astro/restorativedentistryimage-1.D_3pzGJA_2sPVkp.jpg (reused cache entry) (+8ms) (1191/4055)
16:39:36   ▶ /_astro/Invisalignok.sPmDq1SX_1uEq96.avif (reused cache entry) (+6ms) (1192/4055)
16:39:36   ▶ /_astro/cosmeticdent-1.DTpjGTvn_Z1SfXDQ.jpg (reused cache entry) (+6ms) (1193/4055)
16:39:36   ▶ /_astro/teeth-bonding-1.TfNnR7Ok_Zta8Ix.avif (reused cache entry) (+7ms) (1194/4055)
16:39:36   ▶ /_astro/periodontitis.HtI9zdHV_2ssMff.avif (reused cache entry) (+7ms) (1195/4055)
16:39:36   ▶ /_astro/Trismus.Do_gnc2W_ZdfpP8.jpg (reused cache entry) (+6ms) (1196/4055)
16:39:36   ▶ /_astro/toothbrushing-1.h50CIplH_dB5BA.avif (reused cache entry) (+6ms) (1197/4055)
16:39:36   ▶ /_astro/charcoal-teethbrushing-1.BLNvxxC9_15LCn1.jpg (reused cache entry) (+7ms) (1198/4055)
16:39:36   ▶ /_astro/jawbotox-for-tmj-1.CeYgt7p1_Z146aK0.avif (reused cache entry) (+7ms) (1199/4055)
16:39:36   ▶ /_astro/Professional-teeth-whitening.BK4RJNRy_1XQuax.jpg (reused cache entry) (+8ms) (1200/4055)
16:39:36   ▶ /_astro/gum-recession.Bl6umvbk_Z1hwLjX.jpg (reused cache entry) (+7ms) (1201/4055)
16:39:36   ▶ /_astro/loosetoothadult-1.DH7d-mxM_Z1IW0G8.avif (reused cache entry) (+6ms) (1202/4055)
16:39:36   ▶ /_astro/Invisalignok.sPmDq1SX_Z1os8QP.jpg (reused cache entry) (+7ms) (1203/4055)
16:39:36   ▶ /_astro/restorativedentistryimage-1.D_3pzGJA_Z2wl2o5.jpg (reused cache entry) (+8ms) (1204/4055)
16:39:36   ▶ /_astro/teeth-bonding-1.TfNnR7Ok_Z1laWgx.avif (reused cache entry) (+7ms) (1205/4055)
16:39:36   ▶ /_astro/cosmeticdent-1.DTpjGTvn_Z1fb4N3.jpg (reused cache entry) (+7ms) (1206/4055)
16:39:36   ▶ /_astro/periodontitis.HtI9zdHV_Z2fkWJJ.avif (reused cache entry) (+7ms) (1207/4055)
16:39:36   ▶ /_astro/toothbrushing-1.h50CIplH_Zm3R4P.avif (reused cache entry) (+7ms) (1208/4055)
16:39:36   ▶ /_astro/preventive-dentist1-1.DGs-xQI6_Z24cM51.avif (reused cache entry) (+8ms) (1209/4055)
16:39:36   ▶ /_astro/jawbotox-for-tmj-1.CeYgt7p1_TnDVa.avif (reused cache entry) (+6ms) (1210/4055)
16:39:36   ▶ /_astro/charcoal-teethbrushing-1.BLNvxxC9_1jQ3BE.jpg (reused cache entry) (+7ms) (1211/4055)
16:39:36   ▶ /_astro/Professional-teeth-whitening.BK4RJNRy_Z21Y5RM.jpg (reused cache entry) (+7ms) (1212/4055)
16:39:36   ▶ /_astro/gum-recession.Bl6umvbk_Z2wTUmK.jpg (reused cache entry) (+7ms) (1213/4055)
16:39:36   ▶ /_astro/Invisalignok.sPmDq1SX_Z2vKYr6.jpg (reused cache entry) (+5ms) (1214/4055)
16:39:36   ▶ /_astro/restorativedentistryimage-1.D_3pzGJA_ZXi3r0.avif (reused cache entry) (+5ms) (1215/4055)
16:39:36   ▶ /_astro/teeth-bonding-1.TfNnR7Ok_Z8M1o0.avif (reused cache entry) (+6ms) (1216/4055)
16:39:36   ▶ /_astro/loosetoothadult-1.DH7d-mxM_1WeJCS.jpg (reused cache entry) (+7ms) (1217/4055)
16:39:36   ▶ /_astro/cosmeticdent-1.DTpjGTvn_2mEU1l.avif (reused cache entry) (+6ms) (1218/4055)
16:39:36   ▶ /_astro/preventive-dentist1-1.DGs-xQI6_OFy7N.avif (reused cache entry) (+5ms) (1219/4055)
16:39:36   ▶ /_astro/jawbotox-for-tmj-1.CeYgt7p1_21IfCW.avif (reused cache entry) (+6ms) (1220/4055)
16:39:36   ▶ /_astro/toothbrushing-1.h50CIplH_Z2eFhL2.avif (reused cache entry) (+7ms) (1221/4055)
16:39:36   ▶ /_astro/periodontitis.HtI9zdHV_1zt21p.avif (reused cache entry) (+8ms) (1222/4055)
16:39:36   ▶ /_astro/charcoal-teethbrushing-1.BLNvxxC9_1poqBW.avif (reused cache entry) (+6ms) (1223/4055)
16:39:36   ▶ /_astro/austin-invisalign-1.Bw_8VRI4_1wiwdt.avif (reused cache entry) (+7ms) (1224/4055)
16:39:36   ▶ /_astro/restorativedentistryimage-1.D_3pzGJA_1Ci2nD.avif (reused cache entry) (+5ms) (1225/4055)
16:39:36   ▶ /_astro/Invisalignok.sPmDq1SX_2w9fMx.jpg (reused cache entry) (+6ms) (1226/4055)
16:39:36   ▶ /_astro/gum-recession.Bl6umvbk_2ivrbh.jpg (reused cache entry) (+7ms) (1227/4055)
16:39:36   ▶ /_astro/loosetoothadult-1.DH7d-mxM_26zQXj.jpg (reused cache entry) (+6ms) (1228/4055)
16:39:36   ▶ /_astro/cosmeticdent-1.DTpjGTvn_1axD1m.avif (reused cache entry) (+6ms) (1229/4055)
16:39:36   ▶ /_astro/teeth-bonding-1.TfNnR7Ok_Z22vY4K.jpg (reused cache entry) (+6ms) (1230/4055)
16:39:36   ▶ /_astro/preventive-dentist1-1.DGs-xQI6_Z1tbCGA.avif (reused cache entry) (+5ms) (1231/4055)
16:39:36   ▶ /_astro/jawbotox-for-tmj-1.CeYgt7p1_rSB4B.avif (reused cache entry) (+4ms) (1232/4055)
16:39:36   ▶ /_astro/toothbrushing-1.h50CIplH_kELnW.avif (reused cache entry) (+5ms) (1233/4055)
16:39:36   ▶ /_astro/charcoal-teethbrushing-1.BLNvxxC9_Z1OreO5.avif (reused cache entry) (+5ms) (1234/4055)
16:39:36   ▶ /_astro/periodontitis.HtI9zdHV_1kHfKv.avif (reused cache entry) (+6ms) (1235/4055)
16:39:36   ▶ /_astro/austin-invisalign-1.Bw_8VRI4_Z12akQH.avif (reused cache entry) (+5ms) (1236/4055)
16:39:36   ▶ /_astro/restorativedentistryimage-1.D_3pzGJA_Z2ftLE1.avif (reused cache entry) (+5ms) (1237/4055)
16:39:36   ▶ /_astro/gum-recession.Bl6umvbk_chVoX.avif (reused cache entry) (+5ms) (1238/4055)
16:39:36   ▶ /_astro/Invisalignok.sPmDq1SX_Z1T27yI.jpg (reused cache entry) (+5ms) (1239/4055)
16:39:36   ▶ /_astro/cosmeticdent-1.DTpjGTvn_2bQLIN.avif (reused cache entry) (+5ms) (1240/4055)
16:39:36   ▶ /_astro/loosetoothadult-1.DH7d-mxM_Z23nIYt.jpg (reused cache entry) (+6ms) (1241/4055)
16:39:36   ▶ /_astro/teeth-bonding-1.TfNnR7Ok_Z6FIGo.jpg (reused cache entry) (+5ms) (1242/4055)
16:39:36   ▶ /_astro/preventive-dentist1-1.DGs-xQI6_ZPXeLT.avif (reused cache entry) (+5ms) (1243/4055)
16:39:37   ▶ /_astro/jawbotox-for-tmj-1.CeYgt7p1_ZjyFi2.jpg (reused cache entry) (+5ms) (1244/4055)
16:39:37   ▶ /_astro/charcoal-teethbrushing-1.BLNvxxC9_Z2wuNzk.avif (reused cache entry) (+5ms) (1245/4055)
16:39:37   ▶ /_astro/austin-invisalign-1.Bw_8VRI4_19y4fX.avif (reused cache entry) (+5ms) (1246/4055)
16:39:37   ▶ /_astro/toothbrushing-1.h50CIplH_A5uDJ.jpg (reused cache entry) (+6ms) (1247/4055)
16:39:37   ▶ /_astro/restorativedentistryimage-1.D_3pzGJA_26L6O1.avif (reused cache entry) (+5ms) (1248/4055)
16:39:37   ▶ /_astro/periodontitis.HtI9zdHV_Z1narDt.jpg (reused cache entry) (+6ms) (1249/4055)
16:39:37   ▶ /_astro/gum-recession.Bl6umvbk_2fiUDD.avif (reused cache entry) (+5ms) (1250/4055)
16:39:37   ▶ /_astro/cosmeticdent-1.DTpjGTvn_Z1MVtBB.avif (reused cache entry) (+5ms) (1251/4055)
16:39:37   ▶ /_astro/laser-teeth-whitening-1.Dd0N_uuG_Z1drWE8.avif (reused cache entry) (+5ms) (1252/4055)
16:39:37   ▶ /_astro/teeth-bonding-1.TfNnR7Ok_ZXGxeo.jpg (reused cache entry) (+5ms) (1253/4055)
16:39:37   ▶ /_astro/loosetoothadult-1.DH7d-mxM_1yDpEb.jpg (reused cache entry) (+5ms) (1254/4055)
16:39:37   ▶ /_astro/jawbotox-for-tmj-1.CeYgt7p1_1DU9o8.jpg (reused cache entry) (+5ms) (1255/4055)
16:39:37   ▶ /_astro/charcoal-teethbrushing-1.BLNvxxC9_ZYqvYR.avif (reused cache entry) (+4ms) (1256/4055)
16:39:37   ▶ /_astro/austin-invisalign-1.Bw_8VRI4_1hg2hw.avif (reused cache entry) (+5ms) (1257/4055)
16:39:37   ▶ /_astro/preventive-dentist1-1.DGs-xQI6_2shnxU.jpg (reused cache entry) (+7ms) (1258/4055)
16:39:37   ▶ /_astro/toothbrushing-1.h50CIplH_pwWj.jpg (reused cache entry) (+5ms) (1259/4055)
16:39:37   ▶ /_astro/restorativedentistryimage-1.D_3pzGJA_Z1ia3Bt.jpg (reused cache entry) (+5ms) (1260/4055)
16:39:37   ▶ /_astro/gum-recession.Bl6umvbk_ZUOaYC.avif (reused cache entry) (+5ms) (1261/4055)
16:39:37   ▶ /_astro/periodontitis.HtI9zdHV_Z10M3Ow.jpg (reused cache entry) (+6ms) (1262/4055)
16:39:37   ▶ /_astro/laser-teeth-whitening-1.Dd0N_uuG_Z1CYFUA.avif (reused cache entry) (+5ms) (1263/4055)
16:39:37   ▶ /_astro/cosmeticdent-1.DTpjGTvn_Z2l2NKr.jpg (reused cache entry) (+6ms) (1264/4055)
16:39:37   ▶ /_astro/loosetoothadult-1.DH7d-mxM_ZSuosn.avif (reused cache entry) (+5ms) (1265/4055)
16:39:37   ▶ /_astro/teeth-bonding-1.TfNnR7Ok_dGnD9.jpg (reused cache entry) (+5ms) (1266/4055)
16:39:37   ▶ /_astro/jawbotox-for-tmj-1.CeYgt7p1_Z2iVnI1.jpg (reused cache entry) (+6ms) (1267/4055)
16:39:37   ▶ /_astro/charcoal-teethbrushing-1.BLNvxxC9_ZHWPCY.jpg (reused cache entry) (+6ms) (1268/4055)
16:39:37   ▶ /_astro/preventive-dentist1-1.DGs-xQI6_gXzVN.jpg (reused cache entry) (+5ms) (1269/4055)
16:39:37   ▶ /_astro/austin-invisalign-1.Bw_8VRI4_ZKaHEd.jpg (reused cache entry) (+5ms) (1270/4055)
16:39:37   ▶ /_astro/restorativedentistryimage-1.D_3pzGJA_2gFv4a.jpg (reused cache entry) (+6ms) (1271/4055)
16:39:37   ▶ /_astro/gum-recession.Bl6umvbk_27pBTi.avif (reused cache entry) (+6ms) (1272/4055)
16:39:37   ▶ /_astro/periodontitis.HtI9zdHV_Z2gacRj.jpg (reused cache entry) (+6ms) (1273/4055)
16:39:37   ▶ /_astro/toothbrushing-1.h50CIplH_Z1RbRIS.jpg (reused cache entry) (+7ms) (1274/4055)
16:39:37   ▶ /_astro/cosmeticdent-1.DTpjGTvn_Z16NAWv.jpg (reused cache entry) (+6ms) (1275/4055)
16:39:37   ▶ /_astro/loosetoothadult-1.DH7d-mxM_1Hr1AJ.avif (reused cache entry) (+6ms) (1276/4055)
16:39:37   ▶ /_astro/laser-teeth-whitening-1.Dd0N_uuG_Z2u7YSN.avif (reused cache entry) (+6ms) (1277/4055)
16:39:37   ▶ /_astro/dental-crown-1.CepJgl_S_1H1FDd.avif (reused cache entry) (+6ms) (1278/4055)
16:39:37   ▶ /_astro/charcoal-teethbrushing-1.BLNvxxC9_Z1oCAal.jpg (reused cache entry) (+5ms) (1279/4055)
16:39:37   ▶ /_astro/jawbotox-for-tmj-1.CeYgt7p1_1cq6wz.jpg (reused cache entry) (+5ms) (1280/4055)
16:39:37   ▶ /_astro/preventive-dentist1-1.DGs-xQI6_Z21SARA.jpg (reused cache entry) (+5ms) (1281/4055)
16:39:37   ▶ /_astro/austin-invisalign-1.Bw_8VRI4_1Kxy4x.jpg (reused cache entry) (+5ms) (1282/4055)
16:39:37   ▶ /_astro/gum-recession.Bl6umvbk_Z254iyT.jpg (reused cache entry) (+4ms) (1283/4055)
16:39:37   ▶ /_astro/restorativedentistryimage-1.D_3pzGJA_Z1B6iXu.jpg (reused cache entry) (+4ms) (1284/4055)
16:39:37   ▶ /_astro/loosetoothadult-1.DH7d-mxM_1NndYs.avif (reused cache entry) (+4ms) (1285/4055)
16:39:37   ▶ /_astro/cosmeticdent-1.DTpjGTvn_Z5usf4.jpg (reused cache entry) (+4ms) (1286/4055)
16:39:37   ▶ /_astro/periodontitis.HtI9zdHV_Z2uUY8d.jpg (reused cache entry) (+6ms) (1287/4055)
16:39:37   ▶ /_astro/toothbrushing-1.h50CIplH_H9bq6.jpg (reused cache entry) (+5ms) (1288/4055)
16:39:37   ▶ /_astro/dental-crown-1.CepJgl_S_8gAGL.avif (reused cache entry) (+4ms) (1289/4055)
16:39:37   ▶ /_astro/laser-teeth-whitening-1.Dd0N_uuG_QqCQ5.avif (reused cache entry) (+5ms) (1290/4055)
16:39:37   ▶ /_astro/jawbotox-for-tmj-1.CeYgt7p1_Z1h6h4M.avif (reused cache entry) (+4ms) (1291/4055)
16:39:37   ▶ /_astro/charcoal-teethbrushing-1.BLNvxxC9_Z26G9UA.jpg (reused cache entry) (+5ms) (1292/4055)
16:39:37   ▶ /_astro/gum-recession.Bl6umvbk_Z1Akjf5.jpg (reused cache entry) (+5ms) (1293/4055)
16:39:37   ▶ /_astro/loosetoothadult-1.DH7d-mxM_Z5SH8e.avif (reused cache entry) (+5ms) (1294/4055)
16:39:37   ▶ /_astro/restorativedentistryimage-1.D_3pzGJA_Z2k2yjo.jpg (reused cache entry) (+7ms) (1295/4055)
16:39:37   ▶ /_astro/austin-invisalign-1.Bw_8VRI4_Z17UaBI.jpg (reused cache entry) (+8ms) (1296/4055)
16:39:37   ▶ /_astro/preventive-dentist1-1.DGs-xQI6_Z1oFcWT.jpg (reused cache entry) (+8ms) (1297/4055)
16:39:37   ▶ /_astro/dental-crown-1.CepJgl_S_Z1rcRg.avif (reused cache entry) (+6ms) (1298/4055)
16:39:37   ▶ /_astro/periodontitis.HtI9zdHV_Z1rReKb.avif (reused cache entry) (+6ms) (1299/4055)
16:39:37   ▶ /_astro/cosmeticdent-1.DTpjGTvn_YSpds.jpg (reused cache entry) (+7ms) (1300/4055)
16:39:37   ▶ /_astro/toothbrushing-1.h50CIplH_ZfbkVB.avif (reused cache entry) (+7ms) (1301/4055)
16:39:37   ▶ /_astro/jawbotox-for-tmj-1.CeYgt7p1_ZraEqM.avif (reused cache entry) (+6ms) (1302/4055)
16:39:37   ▶ /_astro/charcoal-teethbrushing-1.BLNvxxC9_ZyBRl8.jpg (reused cache entry) (+6ms) (1303/4055)
16:39:37   ▶ /_astro/gum-recession.Bl6umvbk_iIHUA.jpg (reused cache entry) (+5ms) (1304/4055)
16:39:37   ▶ /_astro/laser-teeth-whitening-1.Dd0N_uuG_1JtRYY.jpg (reused cache entry) (+8ms) (1305/4055)
16:39:37   ▶ /_astro/loosetoothadult-1.DH7d-mxM_Z8WT0p.jpg (reused cache entry) (+4ms) (1306/4055)
16:39:37   ▶ /_astro/dentistcavities-G.CzNzrt66_ZTNcrI.avif (reused cache entry) (+4ms) (1307/4055)
16:39:37   ▶ /_astro/austin-invisalign-1.Bw_8VRI4_Z10dcAa.jpg (reused cache entry) (+4ms) (1308/4055)
16:39:37   ▶ /_astro/dental-crown-1.CepJgl_S_BCFXx.avif (reused cache entry) (+4ms) (1309/4055)
16:39:37   ▶ /_astro/preventive-dentist1-1.DGs-xQI6_Z7YvhP.avif (reused cache entry) (+5ms) (1310/4055)
16:39:37   ▶ /_astro/periodontitis.HtI9zdHV_2w3D95.avif (reused cache entry) (+4ms) (1311/4055)
16:39:37   ▶ /_astro/gumabsess-1.CkUL0lKN_2qKAM3.avif (reused cache entry) (+4ms) (1312/4055)
16:39:37   ▶ /_astro/toothbrushing-1.h50CIplH_Z1wd6CU.avif (reused cache entry) (+4ms) (1313/4055)
16:39:37   ▶ /_astro/jawbotox-for-tmj-1.CeYgt7p1_xlfTs.avif (reused cache entry) (+4ms) (1314/4055)
16:39:37   ▶ /_astro/dental-implant-toothbar-1.B_gJvn2h_1CEctn.avif (reused cache entry) (+4ms) (1315/4055)
16:39:37   ▶ /_astro/gum-recession.Bl6umvbk_Z1IdBYq.jpg (reused cache entry) (+4ms) (1316/4055)
16:39:37   ▶ /_astro/loosetoothadult-1.DH7d-mxM_Z49FQS.jpg (reused cache entry) (+4ms) (1317/4055)
16:39:37   ▶ /_astro/dentistcavities-G.CzNzrt66_ZKs57i.avif (reused cache entry) (+4ms) (1318/4055)
16:39:37   ▶ /_astro/laser-teeth-whitening-1.Dd0N_uuG_1jW9Iw.jpg (reused cache entry) (+4ms) (1319/4055)
16:39:37   ▶ /_astro/austin-invisalign-1.Bw_8VRI4_Z1bCByY.avif (reused cache entry) (+4ms) (1320/4055)
16:39:37   ▶ /_astro/preventive-dentist1-1.DGs-xQI6_Z2F4R0.avif (reused cache entry) (+4ms) (1321/4055)
16:39:37   ▶ /_astro/periodontitis.HtI9zdHV_ZE4sub.avif (reused cache entry) (+4ms) (1322/4055)
16:39:37   ▶ /_astro/dental-crown-1.CepJgl_S_ZzkykE.jpg (reused cache entry) (+5ms) (1323/4055)
16:39:37   ▶ /_astro/gumabsess-1.CkUL0lKN_Z22spde.avif (reused cache entry) (+4ms) (1324/4055)
16:39:37   ▶ /_astro/toothbrushing-1.h50CIplH_Z2odUaU.avif (reused cache entry) (+4ms) (1325/4055)
16:39:37   ▶ /_astro/jawbotox-for-tmj-1.CeYgt7p1_rzA7d.avif (reused cache entry) (+4ms) (1326/4055)
16:39:37   ▶ /_astro/dental-implant-toothbar-1.B_gJvn2h_Z1gB2hB.avif (reused cache entry) (+5ms) (1327/4055)
16:39:37   ▶ /_astro/loosetoothadult-1.DH7d-mxM_1LvvP.jpg (reused cache entry) (+4ms) (1328/4055)
16:39:37   ▶ /_astro/dentalcrownsexampl-1.Cl3vfqto_2wqdNR.avif (reused cache entry) (+4ms) (1329/4055)
16:39:37   ▶ /_astro/dentistcavities-G.CzNzrt66_9KrIQ.avif (reused cache entry) (+5ms) (1330/4055)
16:39:37   ▶ /_astro/austin-invisalign-1.Bw_8VRI4_Z2j11XH.avif (reused cache entry) (+4ms) (1331/4055)
16:39:37   ▶ /_astro/preventive-dentist1-1.DGs-xQI6_hpmVU.avif (reused cache entry) (+5ms) (1332/4055)
16:39:37   ▶ /_astro/periodontitis.HtI9zdHV_2oakoJ.avif (reused cache entry) (+5ms) (1333/4055)
16:39:37   ▶ /_astro/laser-teeth-whitening-1.Dd0N_uuG_sNPKj.jpg (reused cache entry) (+6ms) (1334/4055)
16:39:37   ▶ /_astro/gumabsess-1.CkUL0lKN_1lh2JA.avif (reused cache entry) (+5ms) (1335/4055)
16:39:37   ▶ /_astro/dental-crown-1.CepJgl_S_Z295Dh6.jpg (reused cache entry) (+6ms) (1336/4055)
16:39:37   ▶ /_astro/toothbrushing-1.h50CIplH_Z1bOYin.avif (reused cache entry) (+6ms) (1337/4055)
16:39:37   ▶ /_astro/jawbotox-for-tmj-1.CeYgt7p1_1vBBQs.jpg (reused cache entry) (+6ms) (1338/4055)
16:39:37   ▶ /_astro/dental-implant-toothbar-1.B_gJvn2h_2sMtur.avif (reused cache entry) (+5ms) (1339/4055)
16:39:37   ▶ /_astro/dentalcrownsexampl-1.Cl3vfqto_Z1lEGlI.avif (reused cache entry) (+5ms) (1340/4055)
16:39:37   ▶ /_astro/loosetoothadult-1.DH7d-mxM_Z1RupAQ.jpg (reused cache entry) (+6ms) (1341/4055)
16:39:37   ▶ /_astro/austin-invisalign-1.Bw_8VRI4_YEv18.avif (reused cache entry) (+5ms) (1342/4055)
16:39:37   ▶ /_astro/dentistcavities-G.CzNzrt66_Z1iowqq.avif (reused cache entry) (+6ms) (1343/4055)
16:39:37   ▶ /_astro/preventive-dentist1-1.DGs-xQI6_ZwOpeU.avif (reused cache entry) (+5ms) (1344/4055)
16:39:37   ▶ /_astro/periodontitis.HtI9zdHV_1kWE4S.jpg (reused cache entry) (+5ms) (1345/4055)
16:39:37   ▶ /_astro/gumabsess-1.CkUL0lKN_1FbR9O.avif (reused cache entry) (+5ms) (1346/4055)
16:39:37   ▶ /_astro/dental-crown-1.CepJgl_S_Z2iNrQ8.jpg (reused cache entry) (+5ms) (1347/4055)
16:39:37   ▶ /_astro/laser-teeth-whitening-1.Dd0N_uuG_Z1fNEiJ.jpg (reused cache entry) (+6ms) (1348/4055)
16:39:37   ▶ /_astro/toothbrushing-1.h50CIplH_10m5v6.jpg (reused cache entry) (+6ms) (1349/4055)
16:39:37   ▶ /_astro/jawbotox-for-tmj-1.CeYgt7p1_ilP1b.jpg (reused cache entry) (+5ms) (1350/4055)
16:39:37   ▶ /_astro/dentalcrownsexampl-1.Cl3vfqto_Z1weaN9.avif (reused cache entry) (+5ms) (1351/4055)
16:39:37   ▶ /_astro/dental-implant-toothbar-1.B_gJvn2h_2viipd.avif (reused cache entry) (+6ms) (1352/4055)
16:39:37   ▶ /_astro/shutterstock_616331219.Bv2JUpaO_26Ckf3.avif (reused cache entry) (+6ms) (1353/4055)
16:39:37   ▶ /_astro/austin-invisalign-1.Bw_8VRI4_17AxBk.avif (reused cache entry) (+6ms) (1354/4055)
16:39:37   ▶ /_astro/periodontitis.HtI9zdHV_Z1jzAJD.jpg (reused cache entry) (+5ms) (1355/4055)
16:39:37   ▶ /_astro/dentistcavities-G.CzNzrt66_2nMdSA.jpg (reused cache entry) (+7ms) (1356/4055)
16:39:37   ▶ /_astro/preventive-dentist1-1.DGs-xQI6_Z20e9q2.jpg (reused cache entry) (+6ms) (1357/4055)
16:39:37   ▶ /_astro/gumabsess-1.CkUL0lKN_1P2IFN.jpg (reused cache entry) (+5ms) (1358/4055)
16:39:37   ▶ /_astro/dental-crown-1.CepJgl_S_Z1EIy0k.jpg (reused cache entry) (+6ms) (1359/4055)
16:39:37   ▶ /_astro/toothbrushing-1.h50CIplH_Z19IGAL.jpg (reused cache entry) (+5ms) (1360/4055)
16:39:37   ▶ /_astro/jawbotox-for-tmj-1.CeYgt7p1_1hRKmq.jpg (reused cache entry) (+5ms) (1361/4055)
16:39:37   ▶ /_astro/laser-teeth-whitening-1.Dd0N_uuG_EAVpd.avif (reused cache entry) (+6ms) (1362/4055)
16:39:37   ▶ /_astro/dentalcrownsexampl-1.Cl3vfqto_m3rh1.avif (reused cache entry) (+5ms) (1363/4055)
16:39:37   ▶ /_astro/shutterstock_616331219.Bv2JUpaO_12dmw9.avif (reused cache entry) (+4ms) (1364/4055)
16:39:37   ▶ /_astro/dentistcavities-G.CzNzrt66_Z2x3MzU.jpg (reused cache entry) (+4ms) (1365/4055)
16:39:37   ▶ /_astro/austin-invisalign-1.Bw_8VRI4_ZRH9of.jpg (reused cache entry) (+6ms) (1366/4055)
16:39:37   ▶ /_astro/dental-implant-toothbar-1.B_gJvn2h_ZuH4Ly.jpg (reused cache entry) (+8ms) (1367/4055)
16:39:37   ▶ /_astro/periodontitis.HtI9zdHV_ztqq2.jpg (reused cache entry) (+6ms) (1368/4055)
16:39:37   ▶ /_astro/dental-crown-1.CepJgl_S_ZqVCzq.avif (reused cache entry) (+5ms) (1369/4055)
16:39:37   ▶ /_astro/preventive-dentist1-1.DGs-xQI6_ZAn330.jpg (reused cache entry) (+6ms) (1370/4055)
16:39:37   ▶ /_astro/gumabsess-1.CkUL0lKN_2r0Qus.jpg (reused cache entry) (+6ms) (1371/4055)
16:39:37   ▶ /_astro/toothbrushing-1.h50CIplH_Z21Jv8L.jpg (reused cache entry) (+5ms) (1372/4055)
16:39:37   ▶ /_astro/laser-teeth-whitening-1.Dd0N_uuG_1W8W3z.avif (reused cache entry) (+6ms) (1373/4055)
16:39:37   ▶ /_astro/jawbotox-for-tmj-1.CeYgt7p1_1c75zb.jpg (reused cache entry) (+6ms) (1374/4055)
16:39:37   ▶ /_astro/shutterstock_616331219.Bv2JUpaO_Z1nyYk5.avif (reused cache entry) (+5ms) (1375/4055)
16:39:37   ▶ /_astro/dentalcrownsexampl-1.Cl3vfqto_1XIfCR.jpg (reused cache entry) (+7ms) (1376/4055)
16:39:37   ▶ /_astro/dentistcavities-G.CzNzrt66_Z1BPfIL.jpg (reused cache entry) (+5ms) (1377/4055)
16:39:37   ▶ /_astro/austin-invisalign-1.Bw_8VRI4_tGQWx.jpg (reused cache entry) (+5ms) (1378/4055)
16:39:37   ▶ /_astro/dental-implant-toothbar-1.B_gJvn2h_1FdOgo.jpg (reused cache entry) (+5ms) (1379/4055)
16:39:37   ▶ /_astro/periodontitis.HtI9zdHV_Z1rsTtY.jpg (reused cache entry) (+5ms) (1380/4055)
16:39:37   ▶ /_astro/dental-crown-1.CepJgl_S_K09O5.avif (reused cache entry) (+5ms) (1381/4055)
16:39:37   ▶ /_astro/preventive-dentist1-1.DGs-xQI6_ZghAe5.jpg (reused cache entry) (+5ms) (1382/4055)
16:39:37   ▶ /_astro/gumabsess-1.CkUL0lKN_JyaDl.jpg (reused cache entry) (+5ms) (1383/4055)
16:39:37   ▶ /_astro/laser-teeth-whitening-1.Dd0N_uuG_ZClV4A.avif (reused cache entry) (+5ms) (1384/4055)
16:39:37   ▶ /_astro/toothbrushing-1.h50CIplH_ZOlzge.jpg (reused cache entry) (+6ms) (1385/4055)
16:39:37   ▶ /_astro/female-dentist-is-installing-patient-s-mouth-device-making-molded-tooth.CnNo74CM_Z1ldARx.avif (reused cache entry) (+5ms) (1386/4055)
16:39:37   ▶ /_astro/shutterstock_616331219.Bv2JUpaO_K5lNl.avif (reused cache entry) (+5ms) (1387/4055)
16:39:37   ▶ /_astro/dentalcrownsexampl-1.Cl3vfqto_Z12JeaY.jpg (reused cache entry) (+5ms) (1388/4055)
16:39:37   ▶ /_astro/austin-invisalign-1.Bw_8VRI4_Z1hNIQy.jpg (reused cache entry) (+5ms) (1389/4055)
16:39:37   ▶ /_astro/dentistcavities-G.CzNzrt66_20bSTS.jpg (reused cache entry) (+5ms) (1390/4055)
16:39:37   ▶ /_astro/shutterstock_1448097926.00p3LtfA_Z1cKYIF.avif (reused cache entry) (+5ms) (1391/4055)
16:39:37   ▶ /_astro/dental-implant-toothbar-1.B_gJvn2h_kqcev.jpg (reused cache entry) (+6ms) (1392/4055)
16:39:37   ▶ /_astro/dental-crown-1.CepJgl_S_1Ljiww.avif (reused cache entry) (+5ms) (1393/4055)
16:39:37   ▶ /_astro/preventive-dentist1-1.DGs-xQI6_Z15wnpU.jpg (reused cache entry) (+5ms) (1394/4055)
16:39:37   ▶ /_astro/laser-teeth-whitening-1.Dd0N_uuG_2qLkbc.avif (reused cache entry) (+5ms) (1395/4055)
16:39:37   ▶ /_astro/shutterstock_1530279239.Crbu0Of1_1rKeyG.avif (reused cache entry) (+5ms) (1396/4055)
16:39:37   ▶ /_astro/gumabsess-1.CkUL0lKN_14t03z.jpg (reused cache entry) (+7ms) (1397/4055)
16:39:37   ▶ /_astro/female-dentist-is-installing-patient-s-mouth-device-making-molded-tooth.CnNo74CM_Ur5bX.avif (reused cache entry) (+5ms) (1398/4055)
16:39:37   ▶ /_astro/austin-invisalign-1.Bw_8VRI4_Z19RGgm.jpg (reused cache entry) (+5ms) (1399/4055)
16:39:37   ▶ /_astro/dentalcrownsexampl-1.Cl3vfqto_Z1diHCp.jpg (reused cache entry) (+5ms) (1400/4055)
16:39:37   ▶ /_astro/dentistcavities-G.CzNzrt66_2q7aRB.avif (reused cache entry) (+5ms) (1401/4055)
16:39:37   ▶ /_astro/shutterstock_616331219.Bv2JUpaO_enG6Q.jpg (reused cache entry) (+6ms) (1402/4055)
16:39:37   ▶ /_astro/shutterstock_1448097926.00p3LtfA_gmYr0.avif (reused cache entry) (+5ms) (1403/4055)
16:39:37   ▶ /_astro/dental-crown-1.CepJgl_S_Z2dtWNS.avif (reused cache entry) (+5ms) (1404/4055)
16:39:37   ▶ /_astro/dental-implant-toothbar-1.B_gJvn2h_mV19h.jpg (reused cache entry) (+6ms) (1405/4055)
16:39:37   ▶ /_astro/shutterstock_1718366740-2.v7RsUidM_1WOeXo.avif (reused cache entry) (+5ms) (1406/4055)
16:39:37   ▶ /_astro/shutterstock_1530279239.Crbu0Of1_Z1cUzwR.avif (reused cache entry) (+4ms) (1407/4055)
16:39:37   ▶ /_astro/gumabsess-1.CkUL0lKN_27EVpQ.avif (reused cache entry) (+4ms) (1408/4055)
16:39:37   ▶ /_astro/laser-teeth-whitening-1.Dd0N_uuG_15pA3W.jpg (reused cache entry) (+5ms) (1409/4055)
16:39:37   ▶ /_astro/dentistcavities-G.CzNzrt66_28YuQr.avif (reused cache entry) (+5ms) (1410/4055)
16:39:37   ▶ /_astro/female-dentist-is-installing-patient-s-mouth-device-making-molded-tooth.CnNo74CM_ZEJrjh.avif (reused cache entry) (+6ms) (1411/4055)
16:39:37   ▶ /_astro/shutterstock_1437249140.60ySkdVK_ZsXfxr.avif (reused cache entry) (+6ms) (1412/4055)
16:39:37   ▶ /_astro/shutterstock_616331219.Bv2JUpaO_ZP1gB3.jpg (reused cache entry) (+6ms) (1413/4055)
16:39:37   ▶ /_astro/dentalcrownsexampl-1.Cl3vfqto_EXTrK.jpg (reused cache entry) (+7ms) (1414/4055)
16:39:37   ▶ /_astro/shutterstock_1448097926.00p3LtfA_1G8V9a.avif (reused cache entry) (+6ms) (1415/4055)
16:39:37   ▶ /_astro/dental-crown-1.CepJgl_S_Z4sdxh.jpg (reused cache entry) (+6ms) (1416/4055)
16:39:37   ▶ /_astro/shutterstock_1718366740-2.v7RsUidM_Zn7vSY.avif (reused cache entry) (+6ms) (1417/4055)
16:39:37   ▶ /_astro/dental-implant-toothbar-1.B_gJvn2h_Z1XzKs2.avif (reused cache entry) (+6ms) (1418/4055)
16:39:37   ▶ /_astro/gumabsess-1.CkUL0lKN_IkhS8.avif (reused cache entry) (+5ms) (1419/4055)
16:39:37   ▶ /_astro/shutterstock_1530279239.Crbu0Of1_cPmai.avif (reused cache entry) (+6ms) (1420/4055)
16:39:37   ▶ /_astro/dentistcavities-G.CzNzrt66_2eUHfa.avif (reused cache entry) (+4ms) (1421/4055)
16:39:37   ▶ /_astro/laser-teeth-whitening-1.Dd0N_uuG_Za6l6f.jpg (reused cache entry) (+6ms) (1422/4055)
16:39:37   ▶ /_astro/female-dentist-is-installing-patient-s-mouth-device-making-molded-tooth.CnNo74CM_Z2i9L7e.avif (reused cache entry) (+4ms) (1423/4055)
16:39:37   ▶ /_astro/shutterstock_1437249140.60ySkdVK_1Vx49V.avif (reused cache entry) (+4ms) (1424/4055)
16:39:37   ▶ /_astro/dentalcrownsexampl-1.Cl3vfqto_Z1JKYSC.avif (reused cache entry) (+5ms) (1425/4055)
16:39:37   ▶ /_astro/shutterstock_616331219.Bv2JUpaO_1OnvlE.jpg (reused cache entry) (+5ms) (1426/4055)
16:39:37   ▶ /_astro/dental-crown-1.CepJgl_S_Z1wm59M.jpg (reused cache entry) (+5ms) (1427/4055)
16:39:37   ▶ /_astro/shutterstock_1448097926.00p3LtfA_Z15SRKj.avif (reused cache entry) (+6ms) (1428/4055)
16:39:37   ▶ /_astro/dental-implant-toothbar-1.B_gJvn2h_Z1KG0hx.avif (reused cache entry) (+5ms) (1429/4055)
16:39:37   ▶ /_astro/gumabsess-1.CkUL0lKN_2qiPbs.avif (reused cache entry) (+5ms) (1430/4055)
16:39:37   ▶ /_astro/shutterstock_1718366740-2.v7RsUidM_Z20j4k.avif (reused cache entry) (+6ms) (1431/4055)
16:39:37   ▶ /_astro/shutterstock_1530279239.Crbu0Of1_2uYG4K.avif (reused cache entry) (+5ms) (1432/4055)
16:39:37   ▶ /_astro/dentistcavities-G.CzNzrt66_kDL7t.avif (reused cache entry) (+6ms) (1433/4055)
16:39:37   ▶ /_astro/laser-teeth-whitening-1.Dd0N_uuG_2kzTzw.jpg (reused cache entry) (+6ms) (1434/4055)
16:39:37   ▶ /_astro/shutterstock_1437249140.60ySkdVK_Z1HS7VP.avif (reused cache entry) (+6ms) (1435/4055)
16:39:37   ▶ /_astro/dentalcrownsexampl-1.Cl3vfqto_ZekVmf.avif (reused cache entry) (+5ms) (1436/4055)
16:39:37   ▶ /_astro/female-dentist-is-installing-patient-s-mouth-device-making-molded-tooth.CnNo74CM_7LLE1.jpg (reused cache entry) (+7ms) (1437/4055)
16:39:37   ▶ /_astro/dental-implant-toothbar-1.B_gJvn2h_Zf3joB.avif (reused cache entry) (+5ms) (1438/4055)
16:39:37   ▶ /_astro/dental-crown-1.CepJgl_S_Zv2Vrl.jpg (reused cache entry) (+6ms) (1439/4055)
16:39:37   ▶ /_astro/shutterstock_616331219.Bv2JUpaO_Z179hjQ.jpg (reused cache entry) (+7ms) (1440/4055)
16:39:37   ▶ /_astro/gumabsess-1.CkUL0lKN_nuzVJ.avif (reused cache entry) (+6ms) (1441/4055)
16:39:37   ▶ /_astro/shutterstock_1448097926.00p3LtfA_ZGgAFi.jpg (reused cache entry) (+7ms) (1442/4055)
16:39:37   ▶ /_astro/shutterstock_1718366740-2.v7RsUidM_2fAynI.avif (reused cache entry) (+7ms) (1443/4055)
16:39:37   ▶ /_astro/shutterstock_1530279239.Crbu0Of1_1XfCC4.jpg (reused cache entry) (+6ms) (1444/4055)
16:39:37   ▶ /_astro/dentistcavities-G.CzNzrt66_Z1Txstm.jpg (reused cache entry) (+6ms) (1445/4055)
16:39:37   ▶ /_astro/laser-teeth-whitening-1.Dd0N_uuG_jw21n.jpg (reused cache entry) (+6ms) (1446/4055)
16:39:37   ▶ /_astro/shutterstock_1437249140.60ySkdVK_zgbWC.avif (reused cache entry) (+6ms) (1447/4055)
16:39:37   ▶ /_astro/dentalcrownsexampl-1.Cl3vfqto_Z1sKqw8.avif (reused cache entry) (+6ms) (1448/4055)
16:39:37   ▶ /_astro/female-dentist-is-installing-patient-s-mouth-device-making-molded-tooth.CnNo74CM_2orsIw.jpg (reused cache entry) (+6ms) (1449/4055)
16:39:37   ▶ /_astro/shutterstock_616331219.Bv2JUpaO_Z4Ybhg.avif (reused cache entry) (+5ms) (1450/4055)
16:39:37   ▶ /_astro/dental-implant-toothbar-1.B_gJvn2h_Zed3rT.avif (reused cache entry) (+6ms) (1451/4055)
16:39:37   ▶ /_astro/dental-crown-1.CepJgl_S_zkV1b.jpg (reused cache entry) (+6ms) (1452/4055)
16:39:37   ▶ /_astro/gumabsess-1.CkUL0lKN_Z1h1BhX.jpg (reused cache entry) (+5ms) (1453/4055)
16:39:37   ▶ /_astro/shutterstock_1448097926.00p3LtfA_LRnun.jpg (reused cache entry) (+5ms) (1454/4055)
16:39:37   ▶ /_astro/shutterstock_1530279239.Crbu0Of1_ZGqbtu.jpg (reused cache entry) (+5ms) (1455/4055)
16:39:37   ▶ /_astro/dentistcavities-G.CzNzrt66_mnMnO.jpg (reused cache entry) (+5ms) (1456/4055)
16:39:37   ▶ /_astro/shutterstock_1718366740-2.v7RsUidM_Z9PW2P.jpg (reused cache entry) (+7ms) (1457/4055)
16:39:37   ▶ /_astro/shutterstock_162886907.BjR3L63N_Z2uXDDa.avif (reused cache entry) (+6ms) (1458/4055)
16:39:37   ▶ /_astro/dentalcrownsexampl-1.Cl3vfqto_wFv9Q.avif (reused cache entry) (+6ms) (1459/4055)
16:39:37   ▶ /_astro/shutterstock_616331219.Bv2JUpaO_ZDLIh5.avif (reused cache entry) (+5ms) (1460/4055)
16:39:37   ▶ /_astro/shutterstock_1437249140.60ySkdVK_2w8uV.jpg (reused cache entry) (+7ms) (1461/4055)
16:39:37   ▶ /_astro/female-dentist-is-installing-patient-s-mouth-device-making-molded-tooth.CnNo74CM_NfVdh.jpg (reused cache entry) (+6ms) (1462/4055)
16:39:37   ▶ /_astro/gumabsess-1.CkUL0lKN_7BpLS.jpg (reused cache entry) (+6ms) (1463/4055)
16:39:37   ▶ /_astro/shutterstock_660478255.DcK62t_r_2uI0zu.avif (reused cache entry) (+8ms) (1464/4055)
16:39:37   ▶ /_astro/dental-implant-toothbar-1.B_gJvn2h_Z27jDTQ.jpg (reused cache entry) (+9ms) (1465/4055)
16:39:37   ▶ /_astro/shutterstock_1448097926.00p3LtfA_2cDkcx.jpg (reused cache entry) (+7ms) (1466/4055)
16:39:37   ▶ /_astro/shutterstock_1530279239.Crbu0Of1_IkKdF.jpg (reused cache entry) (+7ms) (1467/4055)
16:39:37   ▶ /_astro/shutterstock_162886907.BjR3L63N_Z114LAJ.avif (reused cache entry) (+7ms) (1468/4055)
16:39:37   ▶ /_astro/shutterstock_1718366740-2.v7RsUidM_Z2uMHUd.jpg (reused cache entry) (+7ms) (1469/4055)
16:39:37   ▶ /_astro/dentistcavities-G.CzNzrt66_sjYLx.jpg (reused cache entry) (+7ms) (1470/4055)
16:39:37   ▶ /_astro/shutterstock_616331219.Bv2JUpaO_2reSyk.avif (reused cache entry) (+6ms) (1471/4055)
16:39:37   ▶ /_astro/dentalcrownsexampl-1.Cl3vfqto_Z2isX4C.jpg (reused cache entry) (+6ms) (1472/4055)
16:39:37   ▶ /_astro/shutterstock_660478255.DcK62t_r_1qj2QA.avif (reused cache entry) (+3ms) (1473/4055)
16:39:37   ▶ /_astro/shutterstock_1437249140.60ySkdVK_2s2sdj.jpg (reused cache entry) (+7ms) (1474/4055)
16:39:37   ▶ /_astro/gumabsess-1.CkUL0lKN_1OzX5d.jpg (reused cache entry) (+5ms) (1475/4055)
16:39:37   ▶ /_astro/female-dentist-is-installing-patient-s-mouth-device-making-molded-tooth.CnNo74CM_ZO9nzF.jpg (reused cache entry) (+7ms) (1476/4055)
16:39:37   ▶ /_astro/dental-implant-toothbar-1.B_gJvn2h_1b8Qgs.jpg (reused cache entry) (+5ms) (1477/4055)
16:39:37   ▶ /_astro/shutterstock_162886907.BjR3L63N_1Dk0lX.avif (reused cache entry) (+4ms) (1478/4055)
16:39:37   ▶ /_astro/shutterstock_1448097926.00p3LtfA_ZzotGV.jpg (reused cache entry) (+6ms) (1479/4055)
16:39:37   ▶ /_astro/shutterstock_1530279239.Crbu0Of1_Z23H3FN.jpg (reused cache entry) (+6ms) (1480/4055)
16:39:37   ▶ /_astro/shutterstock_1718366740-2.v7RsUidM_Z29Fv5y.jpg (reused cache entry) (+6ms) (1481/4055)
16:39:37   ▶ /_astro/dentistcavities-G.CzNzrt66_Z1qVVl9.jpg (reused cache entry) (+6ms) (1482/4055)
16:39:37   ▶ /_astro/dentalcrownsexampl-1.Cl3vfqto_4zvNu.jpg (reused cache entry) (+6ms) (1483/4055)
16:39:37   ▶ /_astro/shutterstock_616331219.Bv2JUpaO_jaJUX.avif (reused cache entry) (+7ms) (1484/4055)
16:39:37   ▶ /_astro/shutterstock_660478255.DcK62t_r_ZYtiYD.avif (reused cache entry) (+7ms) (1485/4055)
16:39:37   ▶ /_astro/gumabsess-1.CkUL0lKN_Zddh9v.jpg (reused cache entry) (+7ms) (1486/4055)
16:39:37   ▶ /_astro/shutterstock_1437249140.60ySkdVK_Z1cnISs.jpg (reused cache entry) (+7ms) (1487/4055)
16:39:37   ▶ /_astro/female-dentist-is-installing-patient-s-mouth-device-making-molded-tooth.CnNo74CM_Dz6r2.avif (reused cache entry) (+8ms) (1488/4055)
16:39:37   ▶ /_astro/dental-implant-toothbar-1.B_gJvn2h_Z2npAEx.jpg (reused cache entry) (+7ms) (1489/4055)
16:39:37   ▶ /_astro/shutterstock_1448097926.00p3LtfA_DGvLn.avif (reused cache entry) (+6ms) (1490/4055)
16:39:37   ▶ /_astro/shutterstock_162886907.BjR3L63N_Z1icMjx.avif (reused cache entry) (+7ms) (1491/4055)
16:39:37   ▶ /_astro/shutterstock_1530279239.Crbu0Of1_w32HQ.avif (reused cache entry) (+6ms) (1492/4055)
16:39:37   ▶ /_astro/shutterstock_1718366740-2.v7RsUidM_7Ummu.jpg (reused cache entry) (+7ms) (1493/4055)
16:39:37   ▶ /_astro/shutterstock_1229852500.BrLeKFGR_Z1uj1lI.avif (reused cache entry) (+7ms) (1494/4055)
16:39:37   ▶ /_astro/dentalcrownsexampl-1.Cl3vfqto_Z19OXlo.jpg (reused cache entry) (+6ms) (1495/4055)
16:39:37   ▶ /_astro/shutterstock_616331219.Bv2JUpaO_Z2cetr5.jpg (reused cache entry) (+6ms) (1496/4055)
16:39:37   ▶ /_astro/shutterstock_660478255.DcK62t_r_19b28M.avif (reused cache entry) (+6ms) (1497/4055)
16:39:37   ▶ /_astro/dental-checkup-G-G.DNdJU6OD_fQugG.avif (reused cache entry) (+6ms) (1498/4055)
16:39:37   ▶ /_astro/female-dentist-is-installing-patient-s-mouth-device-making-molded-tooth.CnNo74CM_mKrwm.avif (reused cache entry) (+5ms) (1499/4055)
16:39:37   ▶ /_astro/shutterstock_1437249140.60ySkdVK_15KA10.jpg (reused cache entry) (+7ms) (1500/4055)
16:39:37   ▶ /_astro/shutterstock_1448097926.00p3LtfA_Snuyn.avif (reused cache entry) (+5ms) (1501/4055)
16:39:37   ▶ /_astro/dental-implant-toothbar-1.B_gJvn2h_Z2mzkHP.jpg (reused cache entry) (+6ms) (1502/4055)
16:39:37   ▶ /_astro/shutterstock_1530279239.Crbu0Of1_ZzU4pu.avif (reused cache entry) (+5ms) (1503/4055)
16:39:37   ▶ /_astro/shutterstock_1718366740-2.v7RsUidM_srncw.avif (reused cache entry) (+6ms) (1504/4055)
16:39:37   ▶ /_astro/shutterstock_1229852500.BrLeKFGR_UcilE.avif (reused cache entry) (+5ms) (1505/4055)
16:39:37   ▶ /_astro/shutterstock_162886907.BjR3L63N_GXQ2z.jpg (reused cache entry) (+8ms) (1506/4055)
16:39:37   ▶ /_astro/shutterstock_616331219.Bv2JUpaO_Z2w1mph.jpg (reused cache entry) (+5ms) (1507/4055)
16:39:37   ▶ /_astro/dentalcrownsexampl-1.Cl3vfqto_PAXkA.jpg (reused cache entry) (+6ms) (1508/4055)
16:39:37   ▶ /_astro/female-dentist-is-installing-patient-s-mouth-device-making-molded-tooth.CnNo74CM_ZXO7Qe.avif (reused cache entry) (+6ms) (1509/4055)
16:39:37   ▶ /_astro/shutterstock_1437249140.60ySkdVK_1HOsU0.avif (reused cache entry) (+5ms) (1510/4055)
16:39:37   ▶ /_astro/dental-checkup-G-G.DNdJU6OD_2eljWQ.avif (reused cache entry) (+7ms) (1511/4055)
16:39:37   ▶ /_astro/shutterstock_660478255.DcK62t_r_Ctmri.jpg (reused cache entry) (+7ms) (1512/4055)
16:39:37   ▶ /_astro/shutterstock_1448097926.00p3LtfA_Z207ypL.avif (reused cache entry) (+6ms) (1513/4055)
16:39:37   ▶ /_astro/shutterstock_1718366740-2.v7RsUidM_Z1DzigT.avif (reused cache entry) (+4ms) (1514/4055)
16:39:37   ▶ /_astro/shutterstock_1530279239.Crbu0Of1_1AL0pi.avif (reused cache entry) (+6ms) (1515/4055)
16:39:37   ▶ /_astro/white-teeth-austin-G.BIE8umCM_1PT1lj.avif (reused cache entry) (+7ms) (1516/4055)
16:39:37   ▶ /_astro/shutterstock_1229852500.BrLeKFGR_2kXf3O.avif (reused cache entry) (+5ms) (1517/4055)
16:39:37   ▶ /_astro/shutterstock_162886907.BjR3L63N_2bRI50.jpg (reused cache entry) (+5ms) (1518/4055)
16:39:37   ▶ /_astro/Dentures-1.C-uw-GQk_1dfGLc.avif (reused cache entry) (+5ms) (1519/4055)
16:39:37   ▶ /_astro/shutterstock_616331219.Bv2JUpaO_z0fq8.jpg (reused cache entry) (+5ms) (1520/4055)
16:39:37   ▶ /_astro/female-dentist-is-installing-patient-s-mouth-device-making-molded-tooth.CnNo74CM_Z25xhsT.avif (reused cache entry) (+4ms) (1521/4055)
16:39:37   ▶ /_astro/shutterstock_1437249140.60ySkdVK_Z2vDywC.avif (reused cache entry) (+4ms) (1522/4055)
16:39:37   ▶ /_astro/dental-checkup-G-G.DNdJU6OD_Z1Ivd9i.avif (reused cache entry) (+4ms) (1523/4055)
16:39:37   ▶ /_astro/shutterstock_1718366740-2.v7RsUidM_vYVVU.avif (reused cache entry) (+5ms) (1524/4055)
16:39:37   ▶ /_astro/shutterstock_1530279239.Crbu0Of1_Z2rv83U.avif (reused cache entry) (+5ms) (1525/4055)
16:39:37   ▶ /_astro/shutterstock_660478255.DcK62t_r_ZqUAgB.jpg (reused cache entry) (+6ms) (1526/4055)
16:39:37   ▶ /_astro/shutterstock_1448097926.00p3LtfA_ZXcy53.avif (reused cache entry) (+6ms) (1527/4055)
16:39:37   ▶ /_astro/white-teeth-austin-G.BIE8umCM_Uas7C.avif (reused cache entry) (+5ms) (1528/4055)
16:39:37   ▶ /_astro/shutterstock_1229852500.BrLeKFGR_Zr4yPE.avif (reused cache entry) (+5ms) (1529/4055)
16:39:37   ▶ /_astro/Dentures-1.C-uw-GQk_pRfTk.avif (reused cache entry) (+5ms) (1530/4055)
16:39:37   ▶ /_astro/shutterstock_162886907.BjR3L63N_ZdTCLe.jpg (reused cache entry) (+6ms) (1531/4055)
16:39:37   ▶ /_astro/shutterstock_616331219.Bv2JUpaO_Z1y3Sce.jpg (reused cache entry) (+6ms) (1532/4055)
16:39:37   ▶ /_astro/shutterstock_1437249140.60ySkdVK_ZjWtGP.avif (reused cache entry) (+5ms) (1533/4055)
16:39:37   ▶ /_astro/female-dentist-is-installing-patient-s-mouth-device-making-molded-tooth.CnNo74CM_BXKBT.jpg (reused cache entry) (+5ms) (1534/4055)
16:39:37   ▶ /_astro/shutterstock_1718366740-2.v7RsUidM_1pz4Mm.avif (reused cache entry) (+4ms) (1535/4055)
16:39:37   ▶ /_astro/dental-checkup-G-G.DNdJU6OD_1LQh6i.avif (reused cache entry) (+6ms) (1536/4055)
16:39:37   ▶ /_astro/shutterstock_660478255.DcK62t_r_2dtbG6.jpg (reused cache entry) (+5ms) (1537/4055)
16:39:37   ▶ /_astro/shutterstock_1530279239.Crbu0Of1_1gSOXJ.jpg (reused cache entry) (+5ms) (1538/4055)
16:39:37   ▶ /_astro/white-teeth-austin-G.BIE8umCM_JAXFc.avif (reused cache entry) (+5ms) (1539/4055)
16:39:37   ▶ /_astro/Dentures-1.C-uw-GQk_gvoPs.avif (reused cache entry) (+5ms) (1540/4055)
16:39:37   ▶ /_astro/shutterstock_1448097926.00p3LtfA_1oxj2g.jpg (reused cache entry) (+6ms) (1541/4055)
16:39:37   ▶ /_astro/shutterstock_1229852500.BrLeKFGR_ZXNCil.jpg (reused cache entry) (+6ms) (1542/4055)
16:39:37   ▶ /_astro/shutterstock_162886907.BjR3L63N_1TJHmc.jpg (reused cache entry) (+5ms) (1543/4055)
16:39:37   ▶ /_astro/shutterstock_1437249140.60ySkdVK_GWvCS.avif (reused cache entry) (+5ms) (1544/4055)
16:39:37   ▶ /_astro/female-dentist-is-installing-patient-s-mouth-device-making-molded-tooth.CnNo74CM_1PKP3U.jpg (reused cache entry) (+6ms) (1545/4055)
16:39:37   ▶ /_astro/lock-jaw-1.WBzTnJAl_1TJ6VH.avif (reused cache entry) (+7ms) (1546/4055)
16:39:37   ▶ /_astro/shutterstock_1530279239.Crbu0Of1_Z4pFm7.jpg (reused cache entry) (+6ms) (1547/4055)
16:39:37   ▶ /_astro/shutterstock_1718366740-2.v7RsUidM_F69dy.jpg (reused cache entry) (+7ms) (1548/4055)
16:39:37   ▶ /_astro/dental-checkup-G-G.DNdJU6OD_10nYIE.jpg (reused cache entry) (+7ms) (1549/4055)
16:39:37   ▶ /_astro/shutterstock_660478255.DcK62t_r_ZI3AYp.jpg (reused cache entry) (+7ms) (1550/4055)
16:39:37   ▶ /_astro/white-teeth-austin-G.BIE8umCM_Z2rix3z.avif (reused cache entry) (+7ms) (1551/4055)
16:39:37   ▶ /_astro/Dentures-1.C-uw-GQk_2b6MEU.jpg (reused cache entry) (+6ms) (1552/4055)
16:39:37   ▶ /_astro/shutterstock_1448097926.00p3LtfA_1oRSBK.jpg (reused cache entry) (+6ms) (1553/4055)
16:39:37   ▶ /_astro/shutterstock_1229852500.BrLeKFGR_1qGGp2.jpg (reused cache entry) (+7ms) (1554/4055)
16:39:37   ▶ /_astro/shutterstock_162886907.BjR3L63N_2ln3lr.avif (reused cache entry) (+7ms) (1555/4055)
16:39:37   ▶ /_astro/female-dentist-is-installing-patient-s-mouth-device-making-molded-tooth.CnNo74CM_ubfFk.jpg (reused cache entry) (+7ms) (1556/4055)
16:39:37   ▶ /_astro/shutterstock_1437249140.60ySkdVK_2sFgaS.jpg (reused cache entry) (+8ms) (1557/4055)
16:39:37   ▶ /_astro/shutterstock_1530279239.Crbu0Of1_27gosF.jpg (reused cache entry) (+5ms) (1558/4055)
16:39:37   ▶ /_astro/lock-jaw-1.WBzTnJAl_Z6Gcrb.avif (reused cache entry) (+7ms) (1559/4055)
16:39:37   ▶ /_astro/shutterstock_1718366740-2.v7RsUidM_1iVDvN.jpg (reused cache entry) (+6ms) (1560/4055)
16:39:37   ▶ /_astro/shutterstock_660478255.DcK62t_r_1YuwsA.avif (reused cache entry) (+6ms) (1561/4055)
16:39:37   ▶ /_astro/dental-checkup-G-G.DNdJU6OD_Z26jjo7.jpg (reused cache entry) (+7ms) (1562/4055)
16:39:37   ▶ /_astro/Dentures-1.C-uw-GQk_1nIlN3.jpg (reused cache entry) (+6ms) (1563/4055)
16:39:37   ▶ /_astro/white-teeth-austin-G.BIE8umCM_29Otw3.jpg (reused cache entry) (+7ms) (1564/4055)
16:39:37   ▶ /_astro/shutterstock_1448097926.00p3LtfA_Z1tCamo.jpg (reused cache entry) (+7ms) (1565/4055)
16:39:37   ▶ /_astro/shutterstock_162886907.BjR3L63N_2n7goX.avif (reused cache entry) (+6ms) (1566/4055)
16:39:37   ▶ /_astro/shutterstock_1229852500.BrLeKFGR_Z2dIuGJ.jpg (reused cache entry) (+6ms) (1567/4055)
16:39:37   ▶ /_astro/female-dentist-is-installing-patient-s-mouth-device-making-molded-tooth.CnNo74CM_ZBwSVl.jpg (reused cache entry) (+5ms) (1568/4055)
16:39:37   ▶ /_astro/shutterstock_1437249140.60ySkdVK_Z209atf.jpg (reused cache entry) (+6ms) (1569/4055)
16:39:37   ▶ /_astro/lock-jaw-1.WBzTnJAl_Zg33v3.avif (reused cache entry) (+6ms) (1570/4055)
16:39:37   ▶ /_astro/shutterstock_1718366740-2.v7RsUidM_Z1AFf4j.jpg (reused cache entry) (+6ms) (1571/4055)
16:39:37   ▶ /_astro/shutterstock_1530279239.Crbu0Of1_Z1V0J0x.jpg (reused cache entry) (+7ms) (1572/4055)
16:39:37   ▶ /_astro/shutterstock_660478255.DcK62t_r_ZfG2VD.avif (reused cache entry) (+6ms) (1573/4055)
16:39:37   ▶ /_astro/dental-checkup-G-G.DNdJU6OD_ZXXHGk.jpg (reused cache entry) (+6ms) (1574/4055)
16:39:37   ▶ /_astro/white-teeth-austin-G.BIE8umCM_1e5Uim.jpg (reused cache entry) (+6ms) (1575/4055)
16:39:37   ▶ /_astro/Dentures-1.C-uw-GQk_1emuJb.jpg (reused cache entry) (+6ms) (1576/4055)
16:39:37   ▶ /_astro/shutterstock_162886907.BjR3L63N_nVJqr.avif (reused cache entry) (+5ms) (1577/4055)
16:39:37   ▶ /_astro/shutterstock_1448097926.00p3LtfA_ZrHa1F.jpg (reused cache entry) (+6ms) (1578/4055)
16:39:37   ▶ /_astro/pearlywhiteteeth.BQjgH3PO_ZTonfW.avif (reused cache entry) (+6ms) (1579/4055)
16:39:37   ▶ /_astro/lock-jaw-1.WBzTnJAl_Z29usaM.avif (reused cache entry) (+5ms) (1580/4055)
16:39:37   ▶ /_astro/shutterstock_1437249140.60ySkdVK_bwTlx.jpg (reused cache entry) (+7ms) (1581/4055)
16:39:37   ▶ /_astro/shutterstock_1229852500.BrLeKFGR_4pOcI.jpg (reused cache entry) (+9ms) (1582/4055)
16:39:37   ▶ /_astro/shutterstock_1718366740-2.v7RsUidM_ZH67dR.jpg (reused cache entry) (+7ms) (1583/4055)
16:39:37   ▶ /_astro/shutterstock_660478255.DcK62t_r_Z2eQyUa.avif (reused cache entry) (+7ms) (1584/4055)
16:39:37   ▶ /_astro/lockjaw-G.VIOn2l53_ZPTaAU.avif (reused cache entry) (+7ms) (1585/4055)
16:39:37   ▶ /_astro/Dentures-1.C-uw-GQk_1Iq0MY.avif (reused cache entry) (+6ms) (1586/4055)
16:39:37   ▶ /_astro/dental-checkup-G-G.DNdJU6OD_2wnLyg.jpg (reused cache entry) (+7ms) (1587/4055)
16:39:37   ▶ /_astro/shutterstock_162886907.BjR3L63N_Z1J7obU.avif (reused cache entry) (+7ms) (1588/4055)
16:39:37   ▶ /_astro/white-teeth-austin-G.BIE8umCM_13wqPV.jpg (reused cache entry) (+8ms) (1589/4055)
16:39:37   ▶ /_astro/pearlywhiteteeth.BQjgH3PO_Z1sEwet.avif (reused cache entry) (+6ms) (1590/4055)
16:39:37   ▶ /_astro/gum-and-braces.DO3lgAHq_1OsKfw.avif (reused cache entry) (+8ms) (1591/4055)
16:39:37   ▶ /_astro/shutterstock_1437249140.60ySkdVK_1drTGg.jpg (reused cache entry) (+6ms) (1592/4055)
16:39:37   ▶ /_astro/lock-jaw-1.WBzTnJAl_Z2cAUXv.jpg (reused cache entry) (+7ms) (1593/4055)
16:39:37   ▶ /_astro/shutterstock_1229852500.BrLeKFGR_xsxLX.avif (reused cache entry) (+6ms) (1594/4055)
16:39:37   ▶ /_astro/shutterstock_660478255.DcK62t_r_Hgqgp.avif (reused cache entry) (+6ms) (1595/4055)
16:39:37   ▶ /_astro/lockjaw-G.VIOn2l53_ZupeMQ.avif (reused cache entry) (+6ms) (1596/4055)
16:39:37   ▶ /_astro/Dentures-1.C-uw-GQk_ZsHVda.avif (reused cache entry) (+6ms) (1597/4055)
16:39:37   ▶ /_astro/dental-checkup-G-G.DNdJU6OD_ZNRzKU.avif (reused cache entry) (+7ms) (1598/4055)
16:39:37   ▶ /_astro/braces-and-floss-1.DbNOWBW9_9UY9L.avif (reused cache entry) (+8ms) (1599/4055)
16:39:37   ▶ /_astro/shutterstock_162886907.BjR3L63N_e7KbC.jpg (reused cache entry) (+7ms) (1600/4055)
16:39:37   ▶ /_astro/gum-and-braces.DO3lgAHq_2ge76q.avif (reused cache entry) (+5ms) (1601/4055)
16:39:37   ▶ /_astro/white-teeth-austin-G.BIE8umCM_Z28n4RP.jpg (reused cache entry) (+7ms) (1602/4055)
16:39:37   ▶ /_astro/pearlywhiteteeth.BQjgH3PO_ZHPdyt.avif (reused cache entry) (+7ms) (1603/4055)
16:39:37   ▶ /_astro/placing-invisalign.pUL__mc2_ZXnpcz.avif (reused cache entry) (+6ms) (1604/4055)
16:39:37   ▶ /_astro/shutterstock_1229852500.BrLeKFGR_1xcNt2.avif (reused cache entry) (+6ms) (1605/4055)
16:39:37   ▶ /_astro/lock-jaw-1.WBzTnJAl_Q9Srx.jpg (reused cache entry) (+7ms) (1606/4055)
16:39:37   ▶ /_astro/shutterstock_660478255.DcK62t_r_Z7JKGe.jpg (reused cache entry) (+5ms) (1607/4055)
16:39:37   ▶ /_astro/lockjaw-G.VIOn2l53_Z2oNfdM.avif (reused cache entry) (+6ms) (1608/4055)
16:39:37   ▶ /_astro/Dentures-1.C-uw-GQk_Zlne5h.avif (reused cache entry) (+6ms) (1609/4055)
16:39:37   ▶ /_astro/braces-and-floss-1.DbNOWBW9_ZJLgeS.avif (reused cache entry) (+6ms) (1610/4055)
16:39:37   ▶ /_astro/dental-checkup-G-G.DNdJU6OD_RM0zT.avif (reused cache entry) (+6ms) (1611/4055)
16:39:37   ▶ /_astro/gum-and-braces.DO3lgAHq_ZdShyd.avif (reused cache entry) (+5ms) (1612/4055)
16:39:37   ▶ /_astro/shutterstock_162886907.BjR3L63N_uRCgL.jpg (reused cache entry) (+6ms) (1613/4055)
16:39:37   ▶ /_astro/white-teeth-austin-G.BIE8umCM_Z2nycr2.avif (reused cache entry) (+6ms) (1614/4055)
16:39:37   ▶ /_astro/placing-invisalign.pUL__mc2_266rl9.avif (reused cache entry) (+6ms) (1615/4055)
16:39:37   ▶ /_astro/pearlywhiteteeth.BQjgH3PO_VklvS.avif (reused cache entry) (+7ms) (1616/4055)
16:39:37   ▶ /_astro/shutterstock_1229852500.BrLeKFGR_Z1lifv7.avif (reused cache entry) (+6ms) (1617/4055)
16:39:37   ▶ /_astro/shutterstock_660478255.DcK62t_r_Z27UG4P.jpg (reused cache entry) (+7ms) (1618/4055)
16:39:37   ▶ /_astro/Dentures-1.C-uw-GQk_1rDAv4.avif (reused cache entry) (+6ms) (1619/4055)
16:39:37   ▶ /_astro/lockjaw-G.VIOn2l53_xyIUB.avif (reused cache entry) (+7ms) (1620/4055)
16:39:37   ▶ /_astro/lock-jaw-1.WBzTnJAl_GN2nF.jpg (reused cache entry) (+9ms) (1621/4055)
16:39:37   ▶ /_astro/braces-and-floss-1.DbNOWBW9_mykrT.avif (reused cache entry) (+7ms) (1622/4055)
16:39:37   ▶ /_astro/dental-checkup-G-G.DNdJU6OD_1RiUV9.avif (reused cache entry) (+7ms) (1623/4055)
16:39:37   ▶ /_astro/gum-and-braces.DO3lgAHq_Z1zRLpt.avif (reused cache entry) (+7ms) (1624/4055)
16:39:37   ▶ /_astro/shutterstock_162886907.BjR3L63N_Z1thSGK.jpg (reused cache entry) (+7ms) (1625/4055)
16:39:37   ▶ /_astro/white-teeth-austin-G.BIE8umCM_22ud76.avif (reused cache entry) (+6ms) (1626/4055)
16:39:37   ▶ /_astro/placing-invisalign.pUL__mc2_Z1QK5L0.avif (reused cache entry) (+6ms) (1627/4055)
16:39:37   ▶ /_astro/shutterstock_1229852500.BrLeKFGR_Zjnfao.avif (reused cache entry) (+6ms) (1628/4055)
16:39:37   ▶ /_astro/shutterstock_660478255.DcK62t_r_X5UKz.jpg (reused cache entry) (+5ms) (1629/4055)
16:39:37   ▶ /_astro/pearlywhiteteeth.BQjgH3PO_l93bK.jpg (reused cache entry) (+7ms) (1630/4055)
16:39:37   ▶ /_astro/Dentures-1.C-uw-GQk_17H8GJ.jpg (reused cache entry) (+6ms) (1631/4055)
16:39:37   ▶ /_astro/lockjaw-G.VIOn2l53_Z283uoq.jpg (reused cache entry) (+6ms) (1632/4055)
16:39:37   ▶ /_astro/braces-and-floss-1.DbNOWBW9_Z1cgj6r.avif (reused cache entry) (+5ms) (1633/4055)
16:39:37   ▶ /_astro/dental-checkup-G-G.DNdJU6OD_1Lxg8T.avif (reused cache entry) (+5ms) (1634/4055)
16:39:37   ▶ /_astro/lock-jaw-1.WBzTnJAl_Z1bDmh4.jpg (reused cache entry) (+6ms) (1635/4055)
16:39:37   ▶ /_astro/white-teeth-austin-G.BIE8umCM_N4HWd.avif (reused cache entry) (+5ms) (1636/4055)
16:39:37   ▶ /_astro/shutterstock_162886907.BjR3L63N_1sP6tO.jpg (reused cache entry) (+6ms) (1637/4055)
16:39:37   ▶ /_astro/placing-invisalign.pUL__mc2_1DBotA.avif (reused cache entry) (+6ms) (1638/4055)
16:39:37   ▶ /_astro/gum-and-braces.DO3lgAHq_ZqMyHk.jpg (reused cache entry) (+8ms) (1639/4055)
16:39:37   ▶ /_astro/shutterstock_1229852500.BrLeKFGR_1ijl2Q.jpg (reused cache entry) (+7ms) (1640/4055)
16:39:37   ▶ /_astro/shutterstock_660478255.DcK62t_r_Z19XcQM.jpg (reused cache entry) (+7ms) (1641/4055)
16:39:37   ▶ /_astro/pearlywhiteteeth.BQjgH3PO_Zd75LL.jpg (reused cache entry) (+8ms) (1642/4055)
16:39:37   ▶ /_astro/Dentures-1.C-uw-GQk_u89Fy.jpg (reused cache entry) (+8ms) (1643/4055)
16:39:37   ▶ /_astro/lockjaw-G.VIOn2l53_Z1LyyAm.jpg (reused cache entry) (+8ms) (1644/4055)
16:39:37   ▶ /_astro/lock-jaw-1.WBzTnJAl_qv2k2.avif (reused cache entry) (+7ms) (1645/4055)
16:39:37   ▶ /_astro/dental-checkup-G-G.DNdJU6OD_1XPjak.jpg (reused cache entry) (+9ms) (1646/4055)
16:39:37   ▶ /_astro/white-teeth-austin-G.BIE8umCM_Z2gFtaJ.avif (reused cache entry) (+8ms) (1647/4055)
16:39:37   ▶ /_astro/shutterstock_231558334-1.CF5coeIl_Z2qkn0E.avif (reused cache entry) (+8ms) (1648/4055)
16:39:37   ▶ /_astro/braces-and-floss-1.DbNOWBW9_TstBJ.jpg (reused cache entry) (+12ms) (1649/4055)
16:39:37   ▶ /_astro/shutterstock_1229852500.BrLeKFGR_23Hcwp.jpg (reused cache entry) (+8ms) (1650/4055)
16:39:37   ▶ /_astro/gum-and-braces.DO3lgAHq_Z2cQq.jpg (reused cache entry) (+9ms) (1651/4055)
16:39:37   ▶ /_astro/placing-invisalign.pUL__mc2_ZdPTJB.jpg (reused cache entry) (+10ms) (1652/4055)
16:39:37   ▶ /_astro/invisalignbraces.DzATL4pE_ZagzzT.avif (reused cache entry) (+7ms) (1653/4055)
16:39:37   ▶ /_astro/lockjaw-G.VIOn2l53_1oeyMD.jpg (reused cache entry) (+7ms) (1654/4055)
16:39:37   ▶ /_astro/Dentures-1.C-uw-GQk_BsQNr.jpg (reused cache entry) (+8ms) (1655/4055)
16:39:37   ▶ /_astro/lock-jaw-1.WBzTnJAl_Z10hoyF.avif (reused cache entry) (+7ms) (1656/4055)
16:39:37   ▶ /_astro/pearlywhiteteeth.BQjgH3PO_wHcSe.jpg (reused cache entry) (+9ms) (1657/4055)
16:39:37   ▶ /_astro/dental-checkup-G-G.DNdJU6OD_1Cjv2R.jpg (reused cache entry) (+7ms) (1658/4055)
16:39:37   ▶ /_astro/shutterstock_231558334-1.CF5coeIl_29zNcN.avif (reused cache entry) (+6ms) (1659/4055)
16:39:37   ▶ /_astro/braces-and-floss-1.DbNOWBW9_ZeKLU.jpg (reused cache entry) (+6ms) (1660/4055)
16:39:37   ▶ /_astro/white-teeth-austin-G.BIE8umCM_28UXbT.jpg (reused cache entry) (+8ms) (1661/4055)
16:39:37   ▶ /_astro/shutterstock_1229852500.BrLeKFGR_ZOMQrJ.jpg (reused cache entry) (+6ms) (1662/4055)
16:39:37   ▶ /_astro/placing-invisalign.pUL__mc2_Z2eyc0O.jpg (reused cache entry) (+7ms) (1663/4055)
16:39:37   ▶ /_astro/invisalignbraces.DzATL4pE_ZIwIyq.avif (reused cache entry) (+7ms) (1664/4055)
16:39:37   ▶ /_astro/gum-and-braces.DO3lgAHq_Z2u9Bw4.jpg (reused cache entry) (+7ms) (1665/4055)
16:39:37   ▶ /_astro/lockjaw-G.VIOn2l53_ZIzzQT.jpg (reused cache entry) (+6ms) (1666/4055)
16:39:37   ▶ /_astro/lock-jaw-1.WBzTnJAl_ZRVGqM.avif (reused cache entry) (+6ms) (1667/4055)
16:39:37   ▶ /_astro/Dentures-1.C-uw-GQk_2puGoM.jpg (reused cache entry) (+6ms) (1668/4055)
16:39:37   ▶ /_astro/pearlywhiteteeth.BQjgH3PO_2bRLXA.jpg (reused cache entry) (+6ms) (1669/4055)
16:39:37   ▶ /_astro/dental-checkup-G-G.DNdJU6OD_Z2slHpO.jpg (reused cache entry) (+6ms) (1670/4055)
16:39:37   ▶ /_astro/white-teeth-austin-G.BIE8umCM_2lpFhP.jpg (reused cache entry) (+5ms) (1671/4055)
16:39:37   ▶ /_astro/shutterstock_231558334-1.CF5coeIl_ZVbtuf.avif (reused cache entry) (+6ms) (1672/4055)
16:39:37   ▶ /_astro/braces-and-floss-1.DbNOWBW9_175OTR.jpg (reused cache entry) (+7ms) (1673/4055)
16:39:37   ▶ /_astro/shutterstock_1229852500.BrLeKFGR_c78RY.jpg (reused cache entry) (+6ms) (1674/4055)
16:39:37   ▶ /_astro/invisalignbraces.DzATL4pE_1hz6z.avif (reused cache entry) (+5ms) (1675/4055)
16:39:37   ▶ /_astro/placing-invisalign.pUL__mc2_Z17dAj2.jpg (reused cache entry) (+6ms) (1676/4055)
16:39:37   ▶ /_astro/lockjaw-G.VIOn2l53_1XCPY3.avif (reused cache entry) (+5ms) (1677/4055)
16:39:37   ▶ /_astro/adcrookedteeth-1.DvQ30oCA_2fTyLd.avif (reused cache entry) (+6ms) (1678/4055)
16:39:37   ▶ /_astro/lock-jaw-1.WBzTnJAl_U589y.avif (reused cache entry) (+6ms) (1679/4055)
16:39:37   ▶ /_astro/pearlywhiteteeth.BQjgH3PO_1LGSPE.avif (reused cache entry) (+6ms) (1680/4055)
16:39:37   ▶ /_astro/gum-and-braces.DO3lgAHq_1e32qB.jpg (reused cache entry) (+8ms) (1681/4055)
16:39:37   ▶ /_astro/dental-checkup-G-G.DNdJU6OD_2w4KAR.jpg (reused cache entry) (+6ms) (1682/4055)
16:39:37   ▶ /_astro/white-teeth-austin-G.BIE8umCM_170b7W.jpg (reused cache entry) (+6ms) (1683/4055)
16:39:37   ▶ /_astro/shutterstock_231558334-1.CF5coeIl_ZH73fB.avif (reused cache entry) (+7ms) (1684/4055)
16:39:37   ▶ /_astro/teethbrushing-1.DM-2flb9_yvaMp.avif (reused cache entry) (+6ms) (1685/4055)
16:39:37   ▶ /_astro/invisalignbraces.DzATL4pE_1Fs9bV.avif (reused cache entry) (+6ms) (1686/4055)
16:39:37   ▶ /_astro/braces-and-floss-1.DbNOWBW9_ZrINDt.jpg (reused cache entry) (+7ms) (1687/4055)
16:39:37   ▶ /_astro/lockjaw-G.VIOn2l53_Z2aezJw.avif (reused cache entry) (+6ms) (1688/4055)
16:39:37   ▶ /_astro/adcrookedteeth-1.DvQ30oCA_Z1NQUgE.avif (reused cache entry) (+6ms) (1689/4055)
16:39:37   ▶ /_astro/placing-invisalign.pUL__mc2_2o8SVy.jpg (reused cache entry) (+7ms) (1690/4055)
16:39:37   ▶ /_astro/pearlywhiteteeth.BQjgH3PO_Z21WTOt.avif (reused cache entry) (+6ms) (1691/4055)
16:39:37   ▶ /_astro/gum-and-braces.DO3lgAHq_Z28O5ML.avif (reused cache entry) (+6ms) (1692/4055)
16:39:37   ▶ /_astro/lock-jaw-1.WBzTnJAl_ZacOLd.jpg (reused cache entry) (+8ms) (1693/4055)
16:39:37   ▶ /_astro/white-teeth-austin-G.BIE8umCM_Z1WK100.jpg (reused cache entry) (+6ms) (1694/4055)
16:39:37   ▶ /_astro/texas-smile-.DYA0O7YD_4P5dm.avif (reused cache entry) (+7ms) (1695/4055)
16:39:37   ▶ /_astro/teethbrushing-1.DM-2flb9_Z19LT1.avif (reused cache entry) (+6ms) (1696/4055)
16:39:37   ▶ /_astro/braces-and-floss-1.DbNOWBW9_Z1P9nuX.avif (reused cache entry) (+6ms) (1697/4055)
16:39:37   ▶ /_astro/shutterstock_231558334-1.CF5coeIl_Z20vIlU.jpg (reused cache entry) (+8ms) (1698/4055)
16:39:37   ▶ /_astro/invisalignbraces.DzATL4pE_15gPQN.jpg (reused cache entry) (+8ms) (1699/4055)
16:39:37   ▶ /_astro/lockjaw-G.VIOn2l53_w5edn.avif (reused cache entry) (+7ms) (1700/4055)
16:39:37   ▶ /_astro/adcrookedteeth-1.DvQ30oCA_Z2rNa0z.jpg (reused cache entry) (+7ms) (1701/4055)
16:39:37   ▶ /_astro/placing-invisalign.pUL__mc2_4KiSa.avif (reused cache entry) (+7ms) (1702/4055)
16:39:37   ▶ /_astro/pearlywhiteteeth.BQjgH3PO_ZtIAnY.avif (reused cache entry) (+6ms) (1703/4055)
16:39:37   ▶ /_astro/gum-and-braces.DO3lgAHq_16YN6O.avif (reused cache entry) (+6ms) (1704/4055)
16:39:37   ▶ /_astro/lock-jaw-1.WBzTnJAl_Z2qiEW.jpg (reused cache entry) (+6ms) (1705/4055)
16:39:37   ▶ /_astro/veneere-1.jO8KeDvC_Z1dJStL.avif (reused cache entry) (+6ms) (1706/4055)
16:39:37   ▶ /_astro/texas-smile-.DYA0O7YD_P2IiP.avif (reused cache entry) (+6ms) (1707/4055)
16:39:37   ▶ /_astro/teethbrushing-1.DM-2flb9_Z1SLcAd.avif (reused cache entry) (+6ms) (1708/4055)
16:39:37   ▶ /_astro/braces-and-floss-1.DbNOWBW9_Z26kzBP.avif (reused cache entry) (+5ms) (1709/4055)
16:39:37   ▶ /_astro/shutterstock_231558334-1.CF5coeIl_Z2uMFWo.jpg (reused cache entry) (+5ms) (1710/4055)
16:39:37   ▶ /_astro/lockjaw-G.VIOn2l53_1MEAhn.avif (reused cache entry) (+5ms) (1711/4055)
16:39:37   ▶ /_astro/invisalignbraces.DzATL4pE_w0GSh.jpg (reused cache entry) (+6ms) (1712/4055)
16:39:37   ▶ /_astro/pearlywhiteteeth.BQjgH3PO_ZNv4BR.avif (reused cache entry) (+5ms) (1713/4055)
16:39:37   ▶ /_astro/adcrookedteeth-1.DvQ30oCA_Z1rnvev.jpg (reused cache entry) (+6ms) (1714/4055)
16:39:37   ▶ /_astro/placing-invisalign.pUL__mc2_Jx7Xc.avif (reused cache entry) (+6ms) (1715/4055)
16:39:37   ▶ /_astro/gum-and-braces.DO3lgAHq_1JbOIo.avif (reused cache entry) (+6ms) (1716/4055)
16:39:37   ▶ /_astro/veneere-1.jO8KeDvC_ZRfWFH.avif (reused cache entry) (+5ms) (1717/4055)
16:39:37   ▶ /_astro/lock-jaw-1.WBzTnJAl_4TorV.jpg (reused cache entry) (+6ms) (1718/4055)
16:39:37   ▶ /_astro/teethbrushing-1.DM-2flb9_FyQyL.avif (reused cache entry) (+5ms) (1719/4055)
16:39:37   ▶ /_astro/texas-smile-.DYA0O7YD_2aBF7r.avif (reused cache entry) (+6ms) (1720/4055)
16:39:37   ▶ /_astro/braces-and-floss-1.DbNOWBW9_Z16NEgA.avif (reused cache entry) (+7ms) (1721/4055)
16:39:37   ▶ /_astro/invisalignbraces.DzATL4pE_1gP0yh.jpg (reused cache entry) (+6ms) (1722/4055)
16:39:37   ▶ /_astro/lockjaw-G.VIOn2l53_Z28HbVa.jpg (reused cache entry) (+8ms) (1723/4055)
16:39:37   ▶ /_astro/shutterstock_231558334-1.CF5coeIl_ZvmOPv.jpg (reused cache entry) (+8ms) (1724/4055)
16:39:37   ▶ /_astro/placing-invisalign.pUL__mc2_1J43jr.avif (reused cache entry) (+11ms) (1725/4055)
16:39:37   ▶ /_astro/adcrookedteeth-1.DvQ30oCA_Z2sAI7v.avif (reused cache entry) (+12ms) (1726/4055)
16:39:37   ▶ /_astro/pearlywhiteteeth.BQjgH3PO_6bn2.jpg (reused cache entry) (+14ms) (1727/4055)
16:39:37   ▶ /_astro/gum-and-braces.DO3lgAHq_Z1e16f2.avif (reused cache entry) (+14ms) (1728/4055)
16:39:37   ▶ /_astro/veneere-1.jO8KeDvC_2ixaHi.avif (reused cache entry) (+14ms) (1729/4055)
16:39:37   ▶ /_astro/lock-jaw-1.WBzTnJAl_1RVe3h.jpg (reused cache entry) (+15ms) (1730/4055)
16:39:37   ▶ /_astro/teethbrushing-1.DM-2flb9_UYzOy.jpg (reused cache entry) (+15ms) (1731/4055)
16:39:37   ▶ /_astro/braces-and-floss-1.DbNOWBW9_Z1czk3P.avif (reused cache entry) (+12ms) (1732/4055)
16:39:37   ▶ /_astro/texas-smile-.DYA0O7YD_62CAz.avif (reused cache entry) (+15ms) (1733/4055)
16:39:37   ▶ /_astro/lockjaw-G.VIOn2l53_1CNegT.jpg (reused cache entry) (+13ms) (1734/4055)
16:39:37   ▶ /_astro/placing-invisalign.pUL__mc2_1Dinwc.avif (reused cache entry) (+8ms) (1735/4055)
16:39:37   ▶ /_astro/invisalignbraces.DzATL4pE_Z29byai.jpg (reused cache entry) (+15ms) (1736/4055)
16:39:37   ▶ /_astro/adcrookedteeth-1.DvQ30oCA_26aXYc.avif (reused cache entry) (+8ms) (1737/4055)
16:39:37   ▶ /_astro/pearlywhiteteeth.BQjgH3PO_ZLptmL.jpg (reused cache entry) (+7ms) (1738/4055)
16:39:37   ▶ /_astro/shutterstock_231558334-1.CF5coeIl_ZhioAR.jpg (reused cache entry) (+15ms) (1739/4055)
16:39:37   ▶ /_astro/veneere-1.jO8KeDvC_aI12K.avif (reused cache entry) (+7ms) (1740/4055)
16:39:37   ▶ /_astro/teethbrushing-1.DM-2flb9_ljC88.jpg (reused cache entry) (+6ms) (1741/4055)
16:39:37   ▶ /_astro/gum-and-braces.DO3lgAHq_Z1dkdf7.jpg (reused cache entry) (+9ms) (1742/4055)
16:39:37   ▶ /_astro/is-cosmetic-dentistry-permanent.C1un-7el_nY1PK.avif (reused cache entry) (+8ms) (1743/4055)
16:39:37   ▶ /_astro/lockjaw-G.VIOn2l53_ZK45z8.jpg (reused cache entry) (+7ms) (1744/4055)
16:39:37   ▶ /_astro/braces-and-floss-1.DbNOWBW9_Wyvqh.jpg (reused cache entry) (+10ms) (1745/4055)
16:39:37   ▶ /_astro/texas-smile-.DYA0O7YD_1KkFjt.jpg (reused cache entry) (+9ms) (1746/4055)
16:39:37   ▶ /_astro/placing-invisalign.pUL__mc2_Z2cHUYw.jpg (reused cache entry) (+8ms) (1747/4055)
16:39:37   ▶ /_astro/adcrookedteeth-1.DvQ30oCA_Z267j5m.jpg (reused cache entry) (+9ms) (1748/4055)
16:39:37   ▶ /_astro/pearlywhiteteeth.BQjgH3PO_KNP3I.jpg (reused cache entry) (+9ms) (1749/4055)
16:39:37   ▶ /_astro/shutterstock_231558334-1.CF5coeIl_2nzwV2.avif (reused cache entry) (+10ms) (1750/4055)
16:39:37   ▶ /_astro/invisalignbraces.DzATL4pE_ZHk5nu.avif (reused cache entry) (+11ms) (1751/4055)
16:39:37   ▶ /_astro/veneere-1.jO8KeDvC_Z2uTdhh.jpg (reused cache entry) (+11ms) (1752/4055)
16:39:37   ▶ /_astro/gum-and-braces.DO3lgAHq_Z19gvQ2.jpg (reused cache entry) (+10ms) (1753/4055)
16:39:37   ▶ /_astro/teethbrushing-1.DM-2flb9_Z1whMy4.jpg (reused cache entry) (+11ms) (1754/4055)
16:39:37   ▶ /_astro/is-cosmetic-dentistry-permanent.C1un-7el_1YhK8c.avif (reused cache entry) (+10ms) (1755/4055)
16:39:37   ▶ /_astro/braces-and-floss-1.DbNOWBW9_Z1lN59R.jpg (reused cache entry) (+8ms) (1756/4055)
16:39:37   ▶ /_astro/lockjaw-G.VIOn2l53_vvgtR.jpg (reused cache entry) (+9ms) (1757/4055)
16:39:37   ▶ /_astro/texas-smile-.DYA0O7YD_2vxjoW.jpg (reused cache entry) (+9ms) (1758/4055)
16:39:37   ▶ /_astro/placing-invisalign.pUL__mc2_1u4Cqa.jpg (reused cache entry) (+9ms) (1759/4055)
16:39:37   ▶ /_astro/adcrookedteeth-1.DvQ30oCA_2sEo1l.jpg (reused cache entry) (+8ms) (1760/4055)
16:39:37   ▶ /_astro/shutterstock_231558334-1.CF5coeIl_1DAqLk.avif (reused cache entry) (+7ms) (1761/4055)
16:39:37   ▶ /_astro/pearlywhiteteeth.BQjgH3PO_r2lOP.jpg (reused cache entry) (+8ms) (1762/4055)
16:39:37   ▶ /_astro/invisalignbraces.DzATL4pE_Z1hP79q.avif (reused cache entry) (+7ms) (1763/4055)
16:39:37   ▶ /_astro/veneere-1.jO8KeDvC_Z29phtd.jpg (reused cache entry) (+6ms) (1764/4055)
16:39:37   ▶ /_astro/gum-and-braces.DO3lgAHq_Zw4ues.jpg (reused cache entry) (+6ms) (1765/4055)
16:39:37   ▶ /_astro/is-cosmetic-dentistry-permanent.C1un-7el_Ejo7c.avif (reused cache entry) (+6ms) (1766/4055)
16:39:37   ▶ /_astro/what-type-of-sedation-is-right-for-me.BaU0jAe4_293AY5.avif (reused cache entry) (+5ms) (1767/4055)
16:39:37   ▶ /_astro/teethbrushing-1.DM-2flb9_133gAU.jpg (reused cache entry) (+8ms) (1768/4055)
16:39:37   ▶ /_astro/braces-and-floss-1.DbNOWBW9_Zmh9NC.jpg (reused cache entry) (+7ms) (1769/4055)
16:39:37   ▶ /_astro/texas-smile-.DYA0O7YD_Z1e4RAn.jpg (reused cache entry) (+6ms) (1770/4055)
16:39:37   ▶ /_astro/shutterstock_231558334-1.CF5coeIl_VwR15.avif (reused cache entry) (+7ms) (1771/4055)
16:39:37   ▶ /_astro/placing-invisalign.pUL__mc2_2tAxLp.jpg (reused cache entry) (+8ms) (1772/4055)
16:39:37   ▶ /_astro/what-to-do-when-you-lose-a-tooth.C-Bc8cCv_ZOVscX.avif (reused cache entry) (+6ms) (1773/4055)
16:39:37   ▶ /_astro/what-can-happen-if-i-dont-floss-my-teeth-properly.Bylpfbx3_ZqtU0Q.avif (reused cache entry) (+8ms) (1774/4055)
16:39:37   ▶ /_astro/invisalignbraces.DzATL4pE_foch4.avif (reused cache entry) (+8ms) (1775/4055)
16:39:37   ▶ /_astro/gum-and-braces.DO3lgAHq_1zTHB3.jpg (reused cache entry) (+6ms) (1776/4055)
16:39:37   ▶ /_astro/veneere-1.jO8KeDvC_11nPTM.jpg (reused cache entry) (+8ms) (1777/4055)
16:39:37   ▶ /_astro/is-cosmetic-dentistry-permanent.C1un-7el_1YFkfQ.avif (reused cache entry) (+7ms) (1778/4055)
16:39:37   ▶ /_astro/teethbrushing-1.DM-2flb9_coYTV.avif (reused cache entry) (+7ms) (1779/4055)
16:39:37   ▶ /_astro/what-type-of-sedation-is-right-for-me.BaU0jAe4_Z16Gdoo.avif (reused cache entry) (+7ms) (1780/4055)
16:39:37   ▶ /_astro/shutterstock_231558334-1.CF5coeIl_2tB9Ax.avif (reused cache entry) (+6ms) (1781/4055)
16:39:37   ▶ /_astro/braces-and-floss-1.DbNOWBW9_Zs2OAR.jpg (reused cache entry) (+8ms) (1782/4055)
16:39:37   ▶ /_astro/placing-invisalign.pUL__mc2_2nORYa.jpg (reused cache entry) (+7ms) (1783/4055)
16:39:37   ▶ /_astro/what-can-happen-if-i-dont-floss-my-teeth-properly.Bylpfbx3_Z2uLl6a.avif (reused cache entry) (+6ms) (1784/4055)
16:39:37   ▶ /_astro/texas-smile-.DYA0O7YD_1LxdGG.jpg (reused cache entry) (+9ms) (1785/4055)
16:39:37   ▶ /_astro/invisalignbraces.DzATL4pE_Z4ngVO.avif (reused cache entry) (+6ms) (1786/4055)
16:39:37   ▶ /_astro/what-to-do-when-you-lose-a-tooth.C-Bc8cCv_4wPAi.avif (reused cache entry) (+9ms) (1787/4055)
16:39:37   ▶ /_astro/306283610_1074853769828661_499037235804106975_n.obiTnlIu_1DgpsY.avif (reused cache entry) (+7ms) (1788/4055)
16:39:37   ▶ /_astro/veneere-1.jO8KeDvC_Z16qiJK.jpg (reused cache entry) (+7ms) (1789/4055)
16:39:37   ▶ /_astro/teethbrushing-1.DM-2flb9_Z1bj1s6.avif (reused cache entry) (+7ms) (1790/4055)
16:39:37   ▶ /_astro/is-cosmetic-dentistry-permanent.C1un-7el_Zuv0di.jpg (reused cache entry) (+7ms) (1791/4055)
16:39:37   ▶ /_astro/what-type-of-sedation-is-right-for-me.BaU0jAe4_Z1BV5WC.avif (reused cache entry) (+7ms) (1792/4055)
16:39:37   ▶ /_astro/shutterstock_773757976.DqVAbfMp_Mbugp.avif (reused cache entry) (+6ms) (1793/4055)
16:39:37   ▶ /_astro/what-can-happen-if-i-dont-floss-my-teeth-properly.Bylpfbx3_Z1KAdu.avif (reused cache entry) (+5ms) (1794/4055)
16:39:37   ▶ /_astro/shutterstock_1662297199.BsuU8zhi_Zonsiu.avif (reused cache entry) (+6ms) (1795/4055)
16:39:37   ▶ /_astro/shutterstock_231558334-1.CF5coeIl_fdfF6.jpg (reused cache entry) (+7ms) (1796/4055)
16:39:37   ▶ /_astro/texas-smile-.DYA0O7YD_F1Ebk.avif (reused cache entry) (+7ms) (1797/4055)
16:39:37   ▶ /_astro/306283610_1074853769828661_499037235804106975_n.obiTnlIu_Z2w2rMF.avif (reused cache entry) (+6ms) (1798/4055)
16:39:37   ▶ /_astro/invisalignbraces.DzATL4pE_Z2tUMQ7.jpg (reused cache entry) (+7ms) (1799/4055)
16:39:37   ▶ /_astro/what-to-do-when-you-lose-a-tooth.C-Bc8cCv_Z2pzy4l.avif (reused cache entry) (+7ms) (1800/4055)
16:39:37   ▶ /_astro/veneere-1.jO8KeDvC_wJPfu.avif (reused cache entry) (+6ms) (1801/4055)
16:39:37   ▶ /_astro/teethbrushing-1.DM-2flb9_Z23jP06.avif (reused cache entry) (+6ms) (1802/4055)
16:39:37   ▶ /_astro/shutterstock_773757976.DqVAbfMp_Z2mRpTd.avif (reused cache entry) (+6ms) (1803/4055)
16:39:37   ▶ /_astro/what-can-happen-if-i-dont-floss-my-teeth-properly.Bylpfbx3_1o0qCI.avif (reused cache entry) (+6ms) (1804/4055)
16:39:37   ▶ /_astro/shutterstock_1662297199.BsuU8zhi_2kwEox.avif (reused cache entry) (+5ms) (1805/4055)
16:39:37   ▶ /_astro/what-type-of-sedation-is-right-for-me.BaU0jAe4_ZGewct.avif (reused cache entry) (+8ms) (1806/4055)
16:39:37   ▶ /_astro/shutterstock_231558334-1.CF5coeIl_24p5q4.jpg (reused cache entry) (+6ms) (1807/4055)
16:39:37   ▶ /_astro/texas-smile-.DYA0O7YD_apaC8.avif (reused cache entry) (+5ms) (1808/4055)
16:39:37   ▶ /_astro/306283610_1074853769828661_499037235804106975_n.obiTnlIu_Z31GU0.avif (reused cache entry) (+5ms) (1809/4055)
16:39:37   ▶ /_astro/is-cosmetic-dentistry-permanent.C1un-7el_15MI49.jpg (reused cache entry) (+10ms) (1810/4055)
16:39:37   ▶ /_astro/invisalignbraces.DzATL4pE_Z2hFGI.jpg (reused cache entry) (+6ms) (1811/4055)
16:39:37   ▶ /_astro/veneere-1.jO8KeDvC_Z2x5iCn.avif (reused cache entry) (+5ms) (1812/4055)
16:39:37   ▶ /_astro/what-to-do-when-you-lose-a-tooth.C-Bc8cCv_1iC5Sk.avif (reused cache entry) (+7ms) (1813/4055)
16:39:37   ▶ /_astro/teethbrushing-1.DM-2flb9_ZPUT7y.avif (reused cache entry) (+6ms) (1814/4055)
16:39:37   ▶ /_astro/shutterstock_773757976.DqVAbfMp_ZLX8BU.jpg (reused cache entry) (+6ms) (1815/4055)
16:39:37   ▶ /_astro/what-can-happen-if-i-dont-floss-my-teeth-properly.Bylpfbx3_ZvSJ2w.jpg (reused cache entry) (+6ms) (1816/4055)
16:39:37   ▶ /_astro/shutterstock_1662297199.BsuU8zhi_1zHdgG.jpg (reused cache entry) (+6ms) (1817/4055)
16:39:37   ▶ /_astro/shutterstock_231558334-1.CF5coeIl_1mlvEO.jpg (reused cache entry) (+6ms) (1818/4055)
16:39:37   ▶ /_astro/texas-smile-.DYA0O7YD_88h2P.avif (reused cache entry) (+6ms) (1819/4055)
16:39:37   ▶ /_astro/306283610_1074853769828661_499037235804106975_n.obiTnlIu_1mJjVd.avif (reused cache entry) (+6ms) (1820/4055)
16:39:37   ▶ /_astro/what-type-of-sedation-is-right-for-me.BaU0jAe4_TJHRS.jpg (reused cache entry) (+8ms) (1821/4055)
16:39:37   ▶ /_astro/veneere-1.jO8KeDvC_9evkw.avif (reused cache entry) (+7ms) (1822/4055)
16:39:37   ▶ /_astro/is-cosmetic-dentistry-permanent.C1un-7el_ZeaCVQ.jpg (reused cache entry) (+8ms) (1823/4055)
16:39:37   ▶ /_astro/invisalignbraces.DzATL4pE_1uVCIL.jpg (reused cache entry) (+8ms) (1824/4055)
16:39:37   ▶ /_astro/teethbrushing-1.DM-2flb9_1rWqmD.jpg (reused cache entry) (+8ms) (1825/4055)
16:39:37   ▶ /_astro/shutterstock_773757976.DqVAbfMp_18a51o.jpg (reused cache entry) (+8ms) (1826/4055)
16:39:37   ▶ /_astro/what-to-do-when-you-lose-a-tooth.C-Bc8cCv_1XYlD7.jpg (reused cache entry) (+10ms) (1827/4055)
16:39:37   ▶ /_astro/what-can-happen-if-i-dont-floss-my-teeth-properly.Bylpfbx3_2u0XG6.jpg (reused cache entry) (+9ms) (1828/4055)
16:39:37   ▶ /_astro/shutterstock_1662297199.BsuU8zhi_ZKyMPd.jpg (reused cache entry) (+9ms) (1829/4055)
16:39:37   ▶ /_astro/texas-smile-.DYA0O7YD_M92uv.avif (reused cache entry) (+9ms) (1830/4055)
16:39:37   ▶ /_astro/shutterstock_231558334-1.CF5coeIl_Z2aLkyE.jpg (reused cache entry) (+9ms) (1831/4055)
16:39:37   ▶ /_astro/306283610_1074853769828661_499037235804106975_n.obiTnlIu_Z16l0mQ.jpg (reused cache entry) (+8ms) (1832/4055)
16:39:37   ▶ /_astro/veneere-1.jO8KeDvC_1pNRow.avif (reused cache entry) (+7ms) (1833/4055)
16:39:37   ▶ /_astro/what-type-of-sedation-is-right-for-me.BaU0jAe4_Z2l06uA.jpg (reused cache entry) (+9ms) (1834/4055)
16:39:37   ▶ /_astro/teethbrushing-1.DM-2flb9_ZNOBpW.jpg (reused cache entry) (+7ms) (1835/4055)
16:39:37   ▶ /_astro/shutterstock_773757976.DqVAbfMp_Z1dW9mB.avif (reused cache entry) (+7ms) (1836/4055)
16:39:37   ▶ /_astro/is-cosmetic-dentistry-permanent.C1un-7el_16bibN.jpg (reused cache entry) (+9ms) (1837/4055)
16:39:37   ▶ /_astro/invisalignbraces.DzATL4pE_1ba9uS.jpg (reused cache entry) (+10ms) (1838/4055)
16:39:37   ▶ /_astro/what-can-happen-if-i-dont-floss-my-teeth-properly.Bylpfbx3_Z7apfa.jpg (reused cache entry) (+7ms) (1839/4055)
16:39:37   ▶ /_astro/what-to-do-when-you-lose-a-tooth.C-Bc8cCv_Z2bItmy.jpg (reused cache entry) (+8ms) (1840/4055)
16:39:37   ▶ /_astro/shutterstock_1538855759.luy1QITA_Z1sdA2f.avif (reused cache entry) (+5ms) (1841/4055)
16:39:37   ▶ /_astro/shutterstock_1662297199.BsuU8zhi_1fWQSf.avif (reused cache entry) (+7ms) (1842/4055)
16:39:37   ▶ /_astro/306283610_1074853769828661_499037235804106975_n.obiTnlIu_2sJQYA.jpg (reused cache entry) (+6ms) (1843/4055)
16:39:37   ▶ /_astro/veneere-1.jO8KeDvC_1uAV9d.jpg (reused cache entry) (+6ms) (1844/4055)
16:39:37   ▶ /_astro/texas-smile-.DYA0O7YD_1Tzy6x.jpg (reused cache entry) (+7ms) (1845/4055)
16:39:37   ▶ /_astro/what-type-of-sedation-is-right-for-me.BaU0jAe4_2dW9K7.jpg (reused cache entry) (+7ms) (1846/4055)
16:39:37   ▶ /_astro/shutterstock_773757976.DqVAbfMp_14VAi1.avif (reused cache entry) (+7ms) (1847/4055)
16:39:37   ▶ /_astro/is-cosmetic-dentistry-permanent.C1un-7el_1DxRDi.avif (reused cache entry) (+8ms) (1848/4055)
16:39:37   ▶ /_astro/teethbrushing-1.DM-2flb9_Z1FPpWW.jpg (reused cache entry) (+9ms) (1849/4055)
16:39:37   ▶ /_astro/shutterstock_462323689-1.9e_MmBIv_Z233Rcm.avif (reused cache entry) (+9ms) (1850/4055)
16:39:37   ▶ /_astro/shutterstock_1538855759.luy1QITA_1gGwEM.avif (reused cache entry) (+8ms) (1851/4055)
16:39:37   ▶ /_astro/what-can-happen-if-i-dont-floss-my-teeth-properly.Bylpfbx3_1iABB3.jpg (reused cache entry) (+9ms) (1852/4055)
16:39:37   ▶ /_astro/what-to-do-when-you-lose-a-tooth.C-Bc8cCv_olfLJ.jpg (reused cache entry) (+10ms) (1853/4055)
16:39:37   ▶ /_astro/shutterstock_1662297199.BsuU8zhi_Z2opTnT.avif (reused cache entry) (+11ms) (1854/4055)
16:39:37   ▶ /_astro/veneere-1.jO8KeDvC_1fWvo3.jpg (reused cache entry) (+9ms) (1855/4055)
16:39:37   ▶ /_astro/306283610_1074853769828661_499037235804106975_n.obiTnlIu_Z8qvVF.jpg (reused cache entry) (+10ms) (1856/4055)
16:39:37   ▶ /_astro/what-type-of-sedation-is-right-for-me.BaU0jAe4_Z1UxpiF.jpg (reused cache entry) (+9ms) (1857/4055)
16:39:37   ▶ /_astro/shutterstock_773757976.DqVAbfMp_2h5ly0.jpg (reused cache entry) (+8ms) (1858/4055)
16:39:37   ▶ /_astro/is-cosmetic-dentistry-permanent.C1un-7el_Z2j8CBB.avif (reused cache entry) (+8ms) (1859/4055)
16:39:37   ▶ /_astro/teethbrushing-1.DM-2flb9_Ztru5p.jpg (reused cache entry) (+7ms) (1860/4055)
16:39:37   ▶ /_astro/texas-smile-.DYA0O7YD_1PTKIf.jpg (reused cache entry) (+12ms) (1861/4055)
16:39:37   ▶ /_astro/shutterstock_462323689-1.9e_MmBIv_1EJibt.avif (reused cache entry) (+7ms) (1862/4055)
16:39:37   ▶ /_astro/shutterstock_1538855759.luy1QITA_vR5wV.jpg (reused cache entry) (+7ms) (1863/4055)
16:39:37   ▶ /_astro/what-can-happen-if-i-dont-floss-my-teeth-properly.Bylpfbx3_qBfkJ.avif (reused cache entry) (+7ms) (1864/4055)
16:39:37   ▶ /_astro/veneere-1.jO8KeDvC_Z17TNrY.jpg (reused cache entry) (+5ms) (1865/4055)
16:39:37   ▶ /_astro/shutterstock_1662297199.BsuU8zhi_Z1P8Alv.jpg (reused cache entry) (+6ms) (1866/4055)
16:39:37   ▶ /_astro/what-to-do-when-you-lose-a-tooth.C-Bc8cCv_ZWDe4w.jpg (reused cache entry) (+7ms) (1867/4055)
16:39:37   ▶ /_astro/306283610_1074853769828661_499037235804106975_n.obiTnlIu_1hkuTx.jpg (reused cache entry) (+7ms) (1868/4055)
16:39:37   ▶ /_astro/what-type-of-sedation-is-right-for-me.BaU0jAe4_2qlQQE.avif (reused cache entry) (+7ms) (1869/4055)
16:39:37   ▶ /_astro/shutterstock_773757976.DqVAbfMp_Zud2Aj.jpg (reused cache entry) (+6ms) (1870/4055)
16:39:37   ▶ /_astro/is-cosmetic-dentistry-permanent.C1un-7el_2wfYUX.avif (reused cache entry) (+7ms) (1871/4055)
16:39:37   ▶ /_astro/shutterstock_1941500632-1.k5y6kzF9_Z1X49sV.avif (reused cache entry) (+7ms) (1872/4055)
16:39:37   ▶ /_astro/shutterstock_462323689-1.9e_MmBIv_jVF9A.avif (reused cache entry) (+7ms) (1873/4055)
16:39:37   ▶ /_astro/texas-smile-.DYA0O7YD_1NCR8W.jpg (reused cache entry) (+8ms) (1874/4055)
16:39:37   ▶ /_astro/shutterstock_1538855759.luy1QITA_Z1OoUyX.jpg (reused cache entry) (+7ms) (1875/4055)
16:39:37   ▶ /_astro/what-can-happen-if-i-dont-floss-my-teeth-properly.Bylpfbx3_KWdDn.avif (reused cache entry) (+7ms) (1876/4055)
16:39:37   ▶ /_astro/shutterstock_1662297199.BsuU8zhi_ZpkdNI.jpg (reused cache entry) (+7ms) (1877/4055)
16:39:37   ▶ /_astro/veneere-1.jO8KeDvC_8ExB1.jpg (reused cache entry) (+9ms) (1878/4055)
16:39:37   ▶ /_astro/what-to-do-when-you-lose-a-tooth.C-Bc8cCv_16twPf.avif (reused cache entry) (+8ms) (1879/4055)
16:39:37   ▶ /_astro/306283610_1074853769828661_499037235804106975_n.obiTnlIu_21Xuvr.avif (reused cache entry) (+8ms) (1880/4055)
16:39:37   ▶ /_astro/what-type-of-sedation-is-right-for-me.BaU0jAe4_ZM6qud.avif (reused cache entry) (+7ms) (1881/4055)
16:39:37   ▶ /_astro/shutterstock_714402862-1-1.CSxRLvjS_Z1xjK1b.avif (reused cache entry) (+7ms) (1882/4055)
16:39:37   ▶ /_astro/is-cosmetic-dentistry-permanent.C1un-7el_2anJtB.avif (reused cache entry) (+7ms) (1883/4055)
16:39:37   ▶ /_astro/shutterstock_1941500632-1.k5y6kzF9_2b5ssB.avif (reused cache entry) (+7ms) (1884/4055)
16:39:37   ▶ /_astro/shutterstock_462323689-1.9e_MmBIv_mru4m.avif (reused cache entry) (+7ms) (1885/4055)
16:39:37   ▶ /_astro/shutterstock_1538855759.luy1QITA_c7J9u.avif (reused cache entry) (+7ms) (1886/4055)
16:39:37   ▶ /_astro/texas-smile-.DYA0O7YD_2sDCAC.jpg (reused cache entry) (+7ms) (1887/4055)
16:39:37   ▶ /_astro/shutterstock_1051437563-1.RaBNL9oP_Z2vYTRd.avif (reused cache entry) (+5ms) (1888/4055)
16:39:37   ▶ /_astro/what-can-happen-if-i-dont-floss-my-teeth-properly.Bylpfbx3_Z2lG9hB.avif (reused cache entry) (+7ms) (1889/4055)
16:39:37   ▶ /_astro/what-to-do-when-you-lose-a-tooth.C-Bc8cCv_Z14Gsoj.avif (reused cache entry) (+5ms) (1890/4055)
16:39:37   ▶ /_astro/young-woman-brushing-her-teeth-1.Dc7Y1erj_ZK8CMz.avif (reused cache entry) (+6ms) (1891/4055)
16:39:37   ▶ /_astro/306283610_1074853769828661_499037235804106975_n.obiTnlIu_JG6VR.avif (reused cache entry) (+5ms) (1892/4055)
16:39:37   ▶ /_astro/what-type-of-sedation-is-right-for-me.BaU0jAe4_Z1Hvapk.avif (reused cache entry) (+5ms) (1893/4055)
16:39:37   ▶ /_astro/shutterstock_714402862-1-1.CSxRLvjS_jQORO.avif (reused cache entry) (+5ms) (1894/4055)
16:39:37   ▶ /_astro/shutterstock_1941500632-1.k5y6kzF9_ZIz4Dt.avif (reused cache entry) (+5ms) (1895/4055)
16:39:37   ▶ /_astro/shutterstock_1538855759.luy1QITA_1BV6Gh.avif (reused cache entry) (+4ms) (1896/4055)
16:39:37   ▶ /_astro/is-cosmetic-dentistry-permanent.C1un-7el_ZBHrjy.jpg (reused cache entry) (+6ms) (1897/4055)
16:39:37   ▶ /_astro/shutterstock_1051437563-1.RaBNL9oP_1ehq70.avif (reused cache entry) (+4ms) (1898/4055)
16:39:37   ▶ /_astro/shutterstock_462323689-1.9e_MmBIv_SKYlD.jpg (reused cache entry) (+6ms) (1899/4055)
16:39:37   ▶ /_astro/what-can-happen-if-i-dont-floss-my-teeth-properly.Bylpfbx3_Z16WnfT.avif (reused cache entry) (+5ms) (1900/4055)
16:39:37   ▶ /_astro/pexels-shiny-diamond-3762453-1-scaled-1.BilK3WD__1g49ry.avif (reused cache entry) (+7ms) (1901/4055)
16:39:37   ▶ /_astro/what-to-do-when-you-lose-a-tooth.C-Bc8cCv_ZruqLJ.avif (reused cache entry) (+6ms) (1902/4055)
16:39:37   ▶ /_astro/young-woman-brushing-her-teeth-1.Dc7Y1erj_Z2bzMBt.avif (reused cache entry) (+5ms) (1903/4055)
16:39:37   ▶ /_astro/306283610_1074853769828661_499037235804106975_n.obiTnlIu_Z2mWfY7.avif (reused cache entry) (+6ms) (1904/4055)
16:39:37   ▶ /_astro/what-type-of-sedation-is-right-for-me.BaU0jAe4_1iOdCA.avif (reused cache entry) (+7ms) (1905/4055)
16:39:37   ▶ /_astro/shutterstock_1941500632-1.k5y6kzF9_Z1ts50H.avif (reused cache entry) (+6ms) (1906/4055)
16:39:37   ▶ /_astro/shutterstock_714402862-1-1.CSxRLvjS_ZrGKG1.avif (reused cache entry) (+7ms) (1907/4055)
16:39:37   ▶ /_astro/shutterstock_1538855759.luy1QITA_2bdpIF.jpg (reused cache entry) (+6ms) (1908/4055)
16:39:37   ▶ /_astro/shutterstock_1051437563-1.RaBNL9oP_Z1Fn705.avif (reused cache entry) (+6ms) (1909/4055)
16:39:37   ▶ /_astro/is-cosmetic-dentistry-permanent.C1un-7el_1Ryt8h.jpg (reused cache entry) (+7ms) (1910/4055)
16:39:37   ▶ /_astro/shutterstock_462323689-1.9e_MmBIv_ZsBY4s.jpg (reused cache entry) (+7ms) (1911/4055)
16:39:37   ▶ /_astro/pexels-shiny-diamond-3762453-1-scaled-1.BilK3WD__Z1A3GuV.avif (reused cache entry) (+5ms) (1912/4055)
16:39:37   ▶ /_astro/what-can-happen-if-i-dont-floss-my-teeth-properly.Bylpfbx3_Z2j0av6.jpg (reused cache entry) (+7ms) (1913/4055)
16:39:37   ▶ /_astro/what-to-do-when-you-lose-a-tooth.C-Bc8cCv_1EtL3L.avif (reused cache entry) (+6ms) (1914/4055)
16:39:37   ▶ /_astro/young-woman-brushing-her-teeth-1.Dc7Y1erj_otVwO.avif (reused cache entry) (+7ms) (1915/4055)
16:39:37   ▶ /_astro/306283610_1074853769828661_499037235804106975_n.obiTnlIu_Z18dtWp.avif (reused cache entry) (+7ms) (1916/4055)
16:39:37   ▶ /_astro/what-type-of-sedation-is-right-for-me.BaU0jAe4_ZePBxT.jpg (reused cache entry) (+7ms) (1917/4055)
16:39:37   ▶ /_astro/shutterstock_714402862-1-1.CSxRLvjS_ZmGAAz.avif (reused cache entry) (+7ms) (1918/4055)
16:39:37   ▶ /_astro/shutterstock_1941500632-1.k5y6kzF9_Z26N2UK.jpg (reused cache entry) (+7ms) (1919/4055)
16:39:37   ▶ /_astro/shutterstock_1538855759.luy1QITA_Z1talxt.jpg (reused cache entry) (+7ms) (1920/4055)
16:39:37   ▶ /_astro/shutterstock_1051437563-1.RaBNL9oP_Z2qg7mj.avif (reused cache entry) (+7ms) (1921/4055)
16:39:37   ▶ /_astro/what-can-happen-if-i-dont-floss-my-teeth-properly.Bylpfbx3_FxoBH.jpg (reused cache entry) (+6ms) (1922/4055)
16:39:37   ▶ /_astro/is-cosmetic-dentistry-permanent.C1un-7el_1CKWQU.jpg (reused cache entry) (+8ms) (1923/4055)
16:39:37   ▶ /_astro/shutterstock_462323689-1.9e_MmBIv_Z1NpB6l.jpg (reused cache entry) (+7ms) (1924/4055)
16:39:37   ▶ /_astro/pexels-shiny-diamond-3762453-1-scaled-1.BilK3WD__Z28ipiQ.avif (reused cache entry) (+8ms) (1925/4055)
16:39:37   ▶ /_astro/young-woman-brushing-her-teeth-1.Dc7Y1erj_ZWuxjr.avif (reused cache entry) (+6ms) (1926/4055)
16:39:37   ▶ /_astro/what-to-do-when-you-lose-a-tooth.C-Bc8cCv_21XpnT.jpg (reused cache entry) (+8ms) (1927/4055)
16:39:37   ▶ /_astro/what-type-of-sedation-is-right-for-me.BaU0jAe4_Z21pjAp.jpg (reused cache entry) (+6ms) (1928/4055)
16:39:37   ▶ /_astro/306283610_1074853769828661_499037235804106975_n.obiTnlIu_ZHCUko.jpg (reused cache entry) (+7ms) (1929/4055)
16:39:37   ▶ /_astro/shutterstock_714402862-1-1.CSxRLvjS_ZSVhkE.jpg (reused cache entry) (+6ms) (1930/4055)
16:39:37   ▶ /_astro/shutterstock_1941500632-1.k5y6kzF9_22lz0M.jpg (reused cache entry) (+6ms) (1931/4055)
16:39:37   ▶ /_astro/shutterstock_1051437563-1.RaBNL9oP_2psktT.jpg (reused cache entry) (+5ms) (1932/4055)
16:39:37   ▶ /_astro/shutterstock_1019069908-1.Dlv3iMTV_ZlbykF.avif (reused cache entry) (+7ms) (1933/4055)
16:39:37   ▶ /_astro/what-can-happen-if-i-dont-floss-my-teeth-properly.Bylpfbx3_Z2r5Xjh.jpg (reused cache entry) (+6ms) (1934/4055)
16:39:37   ▶ /_astro/is-cosmetic-dentistry-permanent.C1un-7el_1gSHpy.jpg (reused cache entry) (+6ms) (1935/4055)
16:39:37   ▶ /_astro/pexels-shiny-diamond-3762453-1-scaled-1.BilK3WD__1hkj8F.avif (reused cache entry) (+6ms) (1936/4055)
16:39:37   ▶ /_astro/young-woman-brushing-her-teeth-1.Dc7Y1erj_23Mb3v.jpg (reused cache entry) (+6ms) (1937/4055)
16:39:37   ▶ /_astro/what-to-do-when-you-lose-a-tooth.C-Bc8cCv_1JelrL.jpg (reused cache entry) (+6ms) (1938/4055)
16:39:37   ▶ /_astro/shutterstock_462323689-1.9e_MmBIv_Z1KTMbz.jpg (reused cache entry) (+8ms) (1939/4055)
16:39:37   ▶ /_astro/306283610_1074853769828661_499037235804106975_n.obiTnlIu_EhhUc.jpg (reused cache entry) (+6ms) (1940/4055)
16:39:37   ▶ /_astro/what-type-of-sedation-is-right-for-me.BaU0jAe4_28n5ip.jpg (reused cache entry) (+7ms) (1941/4055)
16:39:37   ▶ /_astro/shutterstock_1941500632-1.k5y6kzF9_ZRiX6i.jpg (reused cache entry) (+7ms) (1942/4055)
16:39:37   ▶ /_astro/shutterstock_714402862-1-1.CSxRLvjS_Xfiyl.jpg (reused cache entry) (+8ms) (1943/4055)
16:39:37   ▶ /_astro/shutterstock_1051437563-1.RaBNL9oP_15xwEb.jpg (reused cache entry) (+7ms) (1944/4055)
16:39:37   ▶ /_astro/shutterstock_1019069908-1.Dlv3iMTV_1OJkHh.avif (reused cache entry) (+7ms) (1945/4055)
16:39:37   ▶ /_astro/what-can-happen-if-i-dont-floss-my-teeth-properly.Bylpfbx3_Z1cmchz.jpg (reused cache entry) (+7ms) (1946/4055)
16:39:37   ▶ /_astro/shutterstock_1530801923-1.OtQg7RTp_ZQvb8k.avif (reused cache entry) (+10ms) (1947/4055)
16:39:37   ▶ /_astro/pexels-shiny-diamond-3762453-1-scaled-1.BilK3WD__1yoxhF.avif (reused cache entry) (+9ms) (1948/4055)
16:39:37   ▶ /_astro/young-woman-brushing-her-teeth-1.Dc7Y1erj_Cl1eB.jpg (reused cache entry) (+9ms) (1949/4055)
16:39:37   ▶ /_astro/what-to-do-when-you-lose-a-tooth.C-Bc8cCv_2mqn4l.jpg (reused cache entry) (+9ms) (1950/4055)
16:39:37   ▶ /_astro/306283610_1074853769828661_499037235804106975_n.obiTnlIu_Z2sm50M.jpg (reused cache entry) (+8ms) (1951/4055)
16:39:37   ▶ /_astro/shutterstock_462323689-1.9e_MmBIv_Z2mjWpj.avif (reused cache entry) (+9ms) (1952/4055)
16:39:37   ▶ /_astro/what-type-of-sedation-is-right-for-me.BaU0jAe4_4vkwo.jpg (reused cache entry) (+8ms) (1953/4055)
16:39:37   ▶ /_astro/shutterstock_1941500632-1.k5y6kzF9_Z1CbXsw.jpg (reused cache entry) (+7ms) (1954/4055)
16:39:37   ▶ /_astro/shutterstock_1019069908-1.Dlv3iMTV_tVHFo.avif (reused cache entry) (+8ms) (1955/4055)
16:39:37   ▶ /_astro/shutterstock_714402862-1-1.CSxRLvjS_bFGYv.jpg (reused cache entry) (+10ms) (1956/4055)
16:39:37   ▶ /_astro/shutterstock_1290948973-1.CHNM-QHG_1lN1wr.avif (reused cache entry) (+8ms) (1957/4055)
16:39:37   ▶ /_astro/shutterstock_1051437563-1.RaBNL9oP_Z1O70rT.jpg (reused cache entry) (+11ms) (1958/4055)
16:39:37   ▶ /_astro/shutterstock_1530801923-1.OtQg7RTp_Z2bpXX3.avif (reused cache entry) (+6ms) (1959/4055)
16:39:37   ▶ /_astro/young-woman-brushing-her-teeth-1.Dc7Y1erj_Z1QLnq2.jpg (reused cache entry) (+6ms) (1960/4055)
16:39:37   ▶ /_astro/pexels-shiny-diamond-3762453-1-scaled-1.BilK3WD__Nlk7X.avif (reused cache entry) (+7ms) (1961/4055)
16:39:37   ▶ /_astro/what-to-do-when-you-lose-a-tooth.C-Bc8cCv_ZALxT5.jpg (reused cache entry) (+7ms) (1962/4055)
16:39:37   ▶ /_astro/shutterstock_462323689-1.9e_MmBIv_1aEkbx.avif (reused cache entry) (+7ms) (1963/4055)
16:39:37   ▶ /_astro/shutterstock_1941500632-1.k5y6kzF9_Ly1ku.avif (reused cache entry) (+7ms) (1964/4055)
16:39:37   ▶ /_astro/306283610_1074853769828661_499037235804106975_n.obiTnlIu_Z1dCiY5.jpg (reused cache entry) (+9ms) (1965/4055)
16:39:37   ▶ /_astro/shutterstock_1115346134-1.DNeGnhH9_1g2vH7.avif (reused cache entry) (+9ms) (1966/4055)
16:39:37   ▶ /_astro/shutterstock_1019069908-1.Dlv3iMTV_wrwAa.avif (reused cache entry) (+7ms) (1967/4055)
16:39:37   ▶ /_astro/shutterstock_1290948973-1.CHNM-QHG_1SdGI.avif (reused cache entry) (+7ms) (1968/4055)
16:39:37   ▶ /_astro/shutterstock_1051437563-1.RaBNL9oP_2vc7YN.jpg (reused cache entry) (+6ms) (1969/4055)
16:39:37   ▶ /_astro/shutterstock_714402862-1-1.CSxRLvjS_gFR4W.jpg (reused cache entry) (+8ms) (1970/4055)
16:39:37   ▶ /_astro/shutterstock_1530801923-1.OtQg7RTp_ZSngc.avif (reused cache entry) (+7ms) (1971/4055)
16:39:37   ▶ /_astro/young-woman-brushing-her-teeth-1.Dc7Y1erj_1QqgwD.jpg (reused cache entry) (+8ms) (1972/4055)
16:39:37   ▶ /_astro/shutterstock_462323689-1.9e_MmBIv_Z2nT7Js.avif (reused cache entry) (+6ms) (1973/4055)
16:39:37   ▶ /_astro/shutterstock_1941500632-1.k5y6kzF9_299TWr.avif (reused cache entry) (+6ms) (1974/4055)
16:39:37   ▶ /_astro/49706630_304673416846704_8429231802140327936_o-846x529-1.DOi2F681_1bWpJc.avif (reused cache entry) (+8ms) (1975/4055)
16:39:37   ▶ /_astro/shutterstock_1115346134-1.DNeGnhH9_fFH54.avif (reused cache entry) (+6ms) (1976/4055)
16:39:37   ▶ /_astro/pexels-shiny-diamond-3762453-1-scaled-1.BilK3WD__20TVHr.jpg (reused cache entry) (+10ms) (1977/4055)
16:39:37   ▶ /_astro/shutterstock_722601751-1.BeuNxsvE_10PeYR.avif (reused cache entry) (+7ms) (1978/4055)
16:39:37   ▶ /_astro/shutterstock_1019069908-1.Dlv3iMTV_Z2txPAB.jpg (reused cache entry) (+6ms) (1979/4055)
16:39:37   ▶ /_astro/shutterstock_1051437563-1.RaBNL9oP_1TOGgi.avif (reused cache entry) (+5ms) (1980/4055)
16:39:37   ▶ /_astro/shutterstock_1290948973-1.CHNM-QHG_2cpOoz.avif (reused cache entry) (+6ms) (1981/4055)
16:39:37   ▶ /_astro/young-woman-brushing-her-teeth-1.Dc7Y1erj_i9WE6.avif (reused cache entry) (+5ms) (1982/4055)
16:39:37   ▶ /_astro/shutterstock_714402862-1-1.CSxRLvjS_ZuHjAR.avif (reused cache entry) (+7ms) (1983/4055)
16:39:37   ▶ /_astro/shutterstock_1530801923-1.OtQg7RTp_ZKLnCq.avif (reused cache entry) (+7ms) (1984/4055)
16:39:37   ▶ /_astro/shutterstock_462323689-1.9e_MmBIv_Z2n3QMK.avif (reused cache entry) (+6ms) (1985/4055)
16:39:37   ▶ /_astro/shutterstock_1941500632-1.k5y6kzF9_1qtwhS.avif (reused cache entry) (+6ms) (1986/4055)
16:39:37   ▶ /_astro/shutterstock_1115346134-1.DNeGnhH9_2qdiLU.avif (reused cache entry) (+5ms) (1987/4055)
16:39:37   ▶ /_astro/49706630_304673416846704_8429231802140327936_o-846x529-1.DOi2F681_Z1FvXFE.avif (reused cache entry) (+7ms) (1988/4055)
16:39:37   ▶ /_astro/pexels-shiny-diamond-3762453-1-scaled-1.BilK3WD__o1Y4f.jpg (reused cache entry) (+6ms) (1989/4055)
16:39:37   ▶ /_astro/shutterstock_1051437563-1.RaBNL9oP_1clRAP.avif (reused cache entry) (+5ms) (1990/4055)
16:39:37   ▶ /_astro/shutterstock_722601751-1.BeuNxsvE_Z1SpYL7.avif (reused cache entry) (+6ms) (1991/4055)
16:39:37   ▶ /_astro/shutterstock_1019069908-1.Dlv3iMTV_ZiBVxE.jpg (reused cache entry) (+7ms) (1992/4055)
16:39:37   ▶ /_astro/young-woman-brushing-her-teeth-1.Dc7Y1erj_1Jn2cQ.avif (reused cache entry) (+5ms) (1993/4055)
16:39:37   ▶ /_astro/shutterstock_714402862-1-1.CSxRLvjS_ZDRbWg.avif (reused cache entry) (+5ms) (1994/4055)
16:39:37   ▶ /_astro/shutterstock_1290948973-1.CHNM-QHG_1rwO2l.avif (reused cache entry) (+7ms) (1995/4055)
16:39:37   ▶ /_astro/shutterstock_1941500632-1.k5y6kzF9_Za0J5n.avif (reused cache entry) (+5ms) (1996/4055)
16:39:37   ▶ /_astro/shutterstock_462323689-1.9e_MmBIv_Z2v3PR8.jpg (reused cache entry) (+5ms) (1997/4055)
16:39:37   ▶ /_astro/shutterstock_1530801923-1.OtQg7RTp_Z10f4A9.jpg (reused cache entry) (+6ms) (1998/4055)
16:39:37   ▶ /_astro/shutterstock_1115346134-1.DNeGnhH9_1FkipG.avif (reused cache entry) (+5ms) (1999/4055)
16:39:37   ▶ /_astro/shutterstock_1051437563-1.RaBNL9oP_tFtVh.avif (reused cache entry) (+4ms) (2000/4055)
16:39:37   ▶ /_astro/49706630_304673416846704_8429231802140327936_o-846x529-1.DOi2F681_Z1AeuOQ.avif (reused cache entry) (+6ms) (2001/4055)
16:39:37   ▶ /_astro/shutterstock_722601751-1.BeuNxsvE_1PXw0V.avif (reused cache entry) (+5ms) (2002/4055)
16:39:37   ▶ /_astro/pexels-shiny-diamond-3762453-1-scaled-1.BilK3WD__Z9cIIF.jpg (reused cache entry) (+6ms) (2003/4055)
16:39:37   ▶ /_astro/young-woman-brushing-her-teeth-1.Dc7Y1erj_2mz3Oq.avif (reused cache entry) (+4ms) (2004/4055)
16:39:37   ▶ /_astro/shutterstock_714402862-1-1.CSxRLvjS_xx7O1.avif (reused cache entry) (+5ms) (2005/4055)
16:39:37   ▶ /_astro/shutterstock_1019069908-1.Dlv3iMTV_Z1Dpyzx.jpg (reused cache entry) (+6ms) (2006/4055)
16:39:37   ▶ /_astro/shutterstock_462323689-1.9e_MmBIv_ZWGW4o.jpg (reused cache entry) (+5ms) (2007/4055)
16:39:37   ▶ /_astro/shutterstock_1941500632-1.k5y6kzF9_1pVu11.jpg (reused cache entry) (+6ms) (2008/4055)
16:39:37   ▶ /_astro/shutterstock_1530801923-1.OtQg7RTp_Z2k9RpR.jpg (reused cache entry) (+5ms) (2009/4055)
16:39:37   ▶ /_astro/shutterstock_1290948973-1.CHNM-QHG_1d484C.jpg (reused cache entry) (+7ms) (2010/4055)
16:39:37   ▶ /_astro/shutterstock_1051437563-1.RaBNL9oP_Z16NLqY.avif (reused cache entry) (+6ms) (2011/4055)
16:39:37   ▶ /_astro/shutterstock_1115346134-1.DNeGnhH9_17iCfi.jpg (reused cache entry) (+8ms) (2012/4055)
16:39:37   ▶ /_astro/shutterstock_722601751-1.BeuNxsvE_1StkUH.avif (reused cache entry) (+6ms) (2013/4055)
16:39:37   ▶ /_astro/49706630_304673416846704_8429231802140327936_o-846x529-1.DOi2F681_1AEU79.jpg (reused cache entry) (+7ms) (2014/4055)
16:39:37   ▶ /_astro/pexels-shiny-diamond-3762453-1-scaled-1.BilK3WD__Z1NL965.jpg (reused cache entry) (+7ms) (2015/4055)
16:39:37   ▶ /_astro/young-woman-brushing-her-teeth-1.Dc7Y1erj_ZACR90.avif (reused cache entry) (+7ms) (2016/4055)
16:39:37   ▶ /_astro/shutterstock_714402862-1-1.CSxRLvjS_Zao7vS.avif (reused cache entry) (+7ms) (2017/4055)
16:39:37   ▶ /_astro/shutterstock_462323689-1.9e_MmBIv_xUINx.jpg (reused cache entry) (+6ms) (2018/4055)
16:39:37   ▶ /_astro/shutterstock_1941500632-1.k5y6kzF9_20q1uC.jpg (reused cache entry) (+6ms) (2019/4055)
16:39:37   ▶ /_astro/shutterstock_1019069908-1.Dlv3iMTV_Z1ATJEL.jpg (reused cache entry) (+8ms) (2020/4055)
16:39:37   ▶ /_astro/shutterstock_1115346134-1.DNeGnhH9_6VNCf.jpg (reused cache entry) (+5ms) (2021/4055)
16:39:37   ▶ /_astro/shutterstock_1290948973-1.CHNM-QHG_Z6PEK6.jpg (reused cache entry) (+7ms) (2022/4055)
16:39:37   ▶ /_astro/shutterstock_1051437563-1.RaBNL9oP_Z2vXXR7.jpg (reused cache entry) (+7ms) (2023/4055)
16:39:37   ▶ /_astro/shutterstock_1530801923-1.OtQg7RTp_Z9CgI1.jpg (reused cache entry) (+9ms) (2024/4055)
16:39:37   ▶ /_astro/49706630_304673416846704_8429231802140327936_o-846x529-1.DOi2F681_Z1gNtiH.jpg (reused cache entry) (+6ms) (2025/4055)
16:39:37   ▶ /_astro/shutterstock_722601751-1.BeuNxsvE_Z17w2g4.jpg (reused cache entry) (+7ms) (2026/4055)
16:39:37   ▶ /_astro/young-woman-brushing-her-teeth-1.Dc7Y1erj_1dDPcK.jpg (reused cache entry) (+6ms) (2027/4055)
16:39:37   ▶ /_astro/pexels-shiny-diamond-3762453-1-scaled-1.BilK3WD__24SVl3.jpg (reused cache entry) (+8ms) (2028/4055)
16:39:37   ▶ /_astro/shutterstock_714402862-1-1.CSxRLvjS_ZOzjLl.jpg (reused cache entry) (+8ms) (2029/4055)
16:39:37   ▶ /_astro/shutterstock_1019069908-1.Dlv3iMTV_Z2muO4l.avif (reused cache entry) (+7ms) (2030/4055)
16:39:37   ▶ /_astro/shutterstock_1941500632-1.k5y6kzF9_1hJCP4.jpg (reused cache entry) (+7ms) (2031/4055)
16:39:37   ▶ /_astro/shutterstock_462323689-1.9e_MmBIv_yKYKf.jpg (reused cache entry) (+8ms) (2032/4055)
16:39:37   ▶ /_astro/shutterstock_1115346134-1.DNeGnhH9_2htpk6.jpg (reused cache entry) (+6ms) (2033/4055)
16:39:37   ▶ /_astro/shutterstock_1051437563-1.RaBNL9oP_13BY91.jpg (reused cache entry) (+6ms) (2034/4055)
16:39:37   ▶ /_astro/shutterstock_1290948973-1.CHNM-QHG_23FUVK.jpg (reused cache entry) (+7ms) (2035/4055)
16:39:37   ▶ /_astro/shutterstock_1530801923-1.OtQg7RTp_ZTvh5f.jpg (reused cache entry) (+6ms) (2036/4055)
16:39:37   ▶ /_astro/young-woman-brushing-her-teeth-1.Dc7Y1erj_ZvShK0.jpg (reused cache entry) (+4ms) (2037/4055)
16:39:37   ▶ /_astro/shutterstock_722601751-1.BeuNxsvE_13oQLS.jpg (reused cache entry) (+6ms) (2038/4055)
16:39:37   ▶ /_astro/49706630_304673416846704_8429231802140327936_o-846x529-1.DOi2F681_Z1bw0rT.jpg (reused cache entry) (+7ms) (2039/4055)
16:39:37   ▶ /_astro/shutterstock_714402862-1-1.CSxRLvjS_ZtIgJ.jpg (reused cache entry) (+5ms) (2040/4055)
16:39:37   ▶ /_astro/shutterstock_1019069908-1.Dlv3iMTV_1kEmHl.avif (reused cache entry) (+5ms) (2041/4055)
16:39:37   ▶ /_astro/shutterstock_1941500632-1.k5y6kzF9_ZiJCxc.jpg (reused cache entry) (+5ms) (2042/4055)
16:39:37   ▶ /_astro/edited-MobileThirdImage.Bu9zxuk0_2bXXmI.avif (reused cache entry) (+5ms) (2043/4055)
16:39:37   ▶ /_astro/shutterstock_1051437563-1.RaBNL9oP_kVAts.jpg (reused cache entry) (+6ms) (2044/4055)
16:39:37   ▶ /_astro/shutterstock_1115346134-1.DNeGnhH9_1wAoWR.jpg (reused cache entry) (+7ms) (2045/4055)
16:39:37   ▶ /_astro/pexels-shiny-diamond-3762453-1-scaled-1.BilK3WD__1yc7nQ.jpg (reused cache entry) (+9ms) (2046/4055)
16:39:37   ▶ /_astro/shutterstock_1290948973-1.CHNM-QHG_1iMUzw.jpg (reused cache entry) (+7ms) (2047/4055)
16:39:37   ▶ /_astro/young-woman-brushing-her-teeth-1.Dc7Y1erj_6iIQz.jpg (reused cache entry) (+6ms) (2048/4055)
16:39:37   ▶ /_astro/shutterstock_1530801923-1.OtQg7RTp_Z2rf9Ux.avif (reused cache entry) (+7ms) (2049/4055)
16:39:37   ▶ /_astro/shutterstock_722601751-1.BeuNxsvE_ZhnKf0.jpg (reused cache entry) (+7ms) (2050/4055)
16:39:37   ▶ /_astro/shutterstock_714402862-1-1.CSxRLvjS_1bUAux.jpg (reused cache entry) (+6ms) (2051/4055)
16:39:37   ▶ /_astro/49706630_304673416846704_8429231802140327936_o-846x529-1.DOi2F681_RYXJ5.avif (reused cache entry) (+7ms) (2052/4055)
16:39:37   ▶ /_astro/shutterstock_1019069908-1.Dlv3iMTV_Z2dT5dE.avif (reused cache entry) (+6ms) (2053/4055)
16:39:37   ▶ /_astro/shutterstock_1504845494-1.DeRJl3K6_Z272M39.avif (reused cache entry) (+7ms) (2054/4055)
16:39:37   ▶ /_astro/shutterstock_1051437563-1.RaBNL9oP_Z1fxESN.jpg (reused cache entry) (+5ms) (2055/4055)
16:39:37   ▶ /_astro/edited-MobileThirdImage.Bu9zxuk0_Z4cGhE.avif (reused cache entry) (+7ms) (2056/4055)
16:39:37   ▶ /_astro/shutterstock_1115346134-1.DNeGnhH9_28mbbV.avif (reused cache entry) (+6ms) (2057/4055)
16:39:37   ▶ /_astro/pexels-shiny-diamond-3762453-1-scaled-1.BilK3WD__23AMFJ.avif (reused cache entry) (+6ms) (2058/4055)
16:39:37   ▶ /_astro/shutterstock_1530801923-1.OtQg7RTp_Z2dlwtd.avif (reused cache entry) (+5ms) (2059/4055)
16:39:37   ▶ /_astro/shutterstock_1290948973-1.CHNM-QHG_cUo9c.avif (reused cache entry) (+6ms) (2060/4055)
16:39:37   ▶ /_astro/young-woman-brushing-her-teeth-1.Dc7Y1erj_2dhVH5.jpg (reused cache entry) (+6ms) (2061/4055)
16:39:37   ▶ /_astro/shutterstock_714402862-1-1.CSxRLvjS_sYl9D.jpg (reused cache entry) (+5ms) (2062/4055)
16:39:37   ▶ /_astro/shutterstock_1019069908-1.Dlv3iMTV_Z2d3OgW.avif (reused cache entry) (+6ms) (2063/4055)
16:39:37   ▶ /_astro/49706630_304673416846704_8429231802140327936_o-846x529-1.DOi2F681_ZRRxYt.avif (reused cache entry) (+7ms) (2064/4055)
16:39:37   ▶ /_astro/shutterstock_722601751-1.BeuNxsvE_ZeRVke.jpg (reused cache entry) (+8ms) (2065/4055)
16:39:37   ▶ /_astro/shutterstock_1504845494-1.DeRJl3K6_1DexV4.avif (reused cache entry) (+7ms) (2066/4055)
16:39:37   ▶ /_astro/shutterstock_1115346134-1.DNeGnhH9_dK9yT.avif (reused cache entry) (+5ms) (2067/4055)
16:39:37   ▶ /_astro/web-home-slider-986x493-1.DpJVdMcO_22KLCu.avif (reused cache entry) (+6ms) (2068/4055)
16:39:37   ▶ /_astro/pexels-shiny-diamond-3762453-1-scaled-1.BilK3WD__Z1eO7tr.avif (reused cache entry) (+5ms) (2069/4055)
16:39:37   ▶ /_astro/edited-MobileThirdImage.Bu9zxuk0_Z2u038S.avif (reused cache entry) (+6ms) (2070/4055)
16:39:37   ▶ /_astro/shutterstock_1530801923-1.OtQg7RTp_29adFa.avif (reused cache entry) (+5ms) (2071/4055)
16:39:37   ▶ /_astro/shutterstock_1290948973-1.CHNM-QHG_Z2jNr.avif (reused cache entry) (+5ms) (2072/4055)
16:39:37   ▶ /_astro/shutterstock_1404252305-1.46p2VxHI_1Q3hyE.avif (reused cache entry) (+6ms) (2073/4055)
16:39:37   ▶ /_astro/shutterstock_520962286-1.Bd2mm7hw_y9Log.avif (reused cache entry) (+5ms) (2074/4055)
16:39:37   ▶ /_astro/49706630_304673416846704_8429231802140327936_o-846x529-1.DOi2F681_Z1P2SKI.avif (reused cache entry) (+4ms) (2075/4055)
16:39:37   ▶ /_astro/shutterstock_1019069908-1.Dlv3iMTV_Z2veHwa.jpg (reused cache entry) (+5ms) (2076/4055)
16:39:37   ▶ /_astro/shutterstock_722601751-1.BeuNxsvE_ZQaTb3.avif (reused cache entry) (+5ms) (2077/4055)
16:39:37   ▶ /_astro/shutterstock_1115346134-1.DNeGnhH9_ZtUe5E.avif (reused cache entry) (+5ms) (2078/4055)
16:39:37   ▶ /_astro/web-home-slider-986x493-1.DpJVdMcO_Z8TOh0.avif (reused cache entry) (+6ms) (2079/4055)
16:39:37   ▶ /_astro/pexels-shiny-diamond-3762453-1-scaled-1.BilK3WD__QxK0M.avif (reused cache entry) (+6ms) (2080/4055)
16:39:37   ▶ /_astro/shutterstock_1504845494-1.DeRJl3K6_Z1gpYb1.avif (reused cache entry) (+7ms) (2081/4055)
16:39:37   ▶ /_astro/edited-MobileThirdImage.Bu9zxuk0_jJkew.jpg (reused cache entry) (+7ms) (2082/4055)
16:39:37   ▶ /_astro/shutterstock_1290948973-1.CHNM-QHG_ZHHHt0.avif (reused cache entry) (+6ms) (2083/4055)
16:39:37   ▶ /_astro/shutterstock_1530801923-1.OtQg7RTp_xEWhT.avif (reused cache entry) (+7ms) (2084/4055)
16:39:37   ▶ /_astro/shutterstock_520962286-1.Bd2mm7hw_Z1P1cFD.avif (reused cache entry) (+6ms) (2085/4055)
16:39:37   ▶ /_astro/shutterstock_1404252305-1.46p2VxHI_w8tIV.avif (reused cache entry) (+7ms) (2086/4055)
16:39:37   ▶ /_astro/shutterstock_1019069908-1.Dlv3iMTV_ZMGTxA.jpg (reused cache entry) (+6ms) (2087/4055)
16:39:37   ▶ /_astro/shutterstock_722601751-1.BeuNxsvE_Z2nuWL3.avif (reused cache entry) (+6ms) (2088/4055)
16:39:37   ▶ /_astro/shutterstock_1115346134-1.DNeGnhH9_Z25pusU.avif (reused cache entry) (+6ms) (2089/4055)
16:39:37   ▶ /_astro/49706630_304673416846704_8429231802140327936_o-846x529-1.DOi2F681_1HLfkv.avif (reused cache entry) (+8ms) (2090/4055)
16:39:37   ▶ /_astro/web-home-slider-986x493-1.DpJVdMcO_1Pv1OS.avif (reused cache entry) (+6ms) (2091/4055)
16:39:37   ▶ /_astro/pexels-shiny-diamond-3762453-1-scaled-1.BilK3WD__ZPuD16.avif (reused cache entry) (+6ms) (2092/4055)
16:39:37   ▶ /_astro/shutterstock_1504845494-1.DeRJl3K6_Z21iYxf.avif (reused cache entry) (+6ms) (2093/4055)
16:39:37   ▶ /_astro/edited-MobileThirdImage.Bu9zxuk0_Z1VrkpQ.jpg (reused cache entry) (+5ms) (2094/4055)
16:39:37   ▶ /_astro/shutterstock_1290948973-1.CHNM-QHG_Z2jcXQg.avif (reused cache entry) (+6ms) (2095/4055)
16:39:37   ▶ /_astro/shutterstock_520962286-1.Bd2mm7hw_9oDqf.avif (reused cache entry) (+6ms) (2096/4055)
16:39:37   ▶ /_astro/shutterstock_1530801923-1.OtQg7RTp_Z1MQGf1.jpg (reused cache entry) (+6ms) (2097/4055)
16:39:37   ▶ /_astro/shutterstock_1404252305-1.46p2VxHI_Z2nw3n9.avif (reused cache entry) (+6ms) (2098/4055)
16:39:37   ▶ /_astro/shutterstock_1019069908-1.Dlv3iMTV_HULkl.jpg (reused cache entry) (+5ms) (2099/4055)
16:39:37   ▶ /_astro/shutterstock_722601751-1.BeuNxsvE_ZQRgS7.avif (reused cache entry) (+6ms) (2100/4055)
16:39:37   ▶ /_astro/shutterstock_1115346134-1.DNeGnhH9_Z2irtVt.jpg (reused cache entry) (+6ms) (2101/4055)
16:39:37   ▶ /_astro/49706630_304673416846704_8429231802140327936_o-846x529-1.DOi2F681_1hHt72.jpg (reused cache entry) (+7ms) (2102/4055)
16:39:37   ▶ /_astro/pexels-shiny-diamond-3762453-1-scaled-1.BilK3WD__2j6n5j.avif (reused cache entry) (+6ms) (2103/4055)
16:39:37   ▶ /_astro/shutterstock_1504845494-1.DeRJl3K6_Z2fLFuX.jpg (reused cache entry) (+6ms) (2104/4055)
16:39:37   ▶ /_astro/shutterstock_520962286-1.Bd2mm7hw_nt4ES.avif (reused cache entry) (+6ms) (2105/4055)
16:39:37   ▶ /_astro/edited-MobileThirdImage.Bu9zxuk0_HWrwQ.jpg (reused cache entry) (+8ms) (2106/4055)
16:39:37   ▶ /_astro/shutterstock_1290948973-1.CHNM-QHG_QiQOI.jpg (reused cache entry) (+7ms) (2107/4055)
16:39:37   ▶ /_astro/web-home-slider-986x493-1.DpJVdMcO_Z215kNF.png (reused cache entry) (+10ms) (2108/4055)
16:39:37   ▶ /_astro/shutterstock_1530801923-1.OtQg7RTp_Z2m5pV2.jpg (reused cache entry) (+7ms) (2109/4055)
16:39:37   ▶ /_astro/shutterstock_1404252305-1.46p2VxHI_1VM54y.avif (reused cache entry) (+8ms) (2110/4055)
16:39:37   ▶ /_astro/shutterstock_1019069908-1.Dlv3iMTV_IL2h3.jpg (reused cache entry) (+8ms) (2111/4055)
16:39:37   ▶ /_astro/shutterstock_1115346134-1.DNeGnhH9_51g75.jpg (reused cache entry) (+7ms) (2112/4055)
16:39:37   ▶ /_astro/shutterstock_722601751-1.BeuNxsvE_ZQ20Vp.avif (reused cache entry) (+7ms) (2113/4055)
16:39:37   ▶ /_astro/49706630_304673416846704_8429231802140327936_o-846x529-1.DOi2F681_Zta3Bw.jpg (reused cache entry) (+7ms) (2114/4055)
16:39:37   ▶ /_astro/shutterstock_1504845494-1.DeRJl3K6_1uuEtf.jpg (reused cache entry) (+6ms) (2115/4055)
16:39:37   ▶ /_astro/pexels-shiny-diamond-3762453-1-scaled-1.BilK3WD__1jSGDb.avif (reused cache entry) (+8ms) (2116/4055)
16:39:37   ▶ /_astro/edited-MobileThirdImage.Bu9zxuk0_Z1rCJPP.avif (reused cache entry) (+6ms) (2117/4055)
16:39:37   ▶ /_astro/shutterstock_1290948973-1.CHNM-QHG_Z8Ldgg.jpg (reused cache entry) (+7ms) (2118/4055)
16:39:37   ▶ /_astro/shutterstock_520962286-1.Bd2mm7hw_XXq30.jpg (reused cache entry) (+7ms) (2119/4055)
16:39:37   ▶ /_astro/shutterstock_1530801923-1.OtQg7RTp_20qkdl.jpg (reused cache entry) (+7ms) (2120/4055)
16:39:37   ▶ /_astro/shutterstock_1404252305-1.46p2VxHI_1Hjo6P.jpg (reused cache entry) (+7ms) (2121/4055)
16:39:37   ▶ /_astro/shutterstock_252392584-1.D87yZd8z_1wnfxt.avif (reused cache entry) (+8ms) (2122/4055)
16:39:37   ▶ /_astro/web-home-slider-986x493-1.DpJVdMcO_Rqc5L.png (reused cache entry) (+10ms) (2123/4055)
16:39:37   ▶ /_astro/49706630_304673416846704_8429231802140327936_o-846x529-1.DOi2F681_Z1qkonL.jpg (reused cache entry) (+8ms) (2124/4055)
16:39:37   ▶ /_astro/shutterstock_1115346134-1.DNeGnhH9_ZCE7xt.jpg (reused cache entry) (+10ms) (2125/4055)
16:39:37   ▶ /_astro/shutterstock_722601751-1.BeuNxsvE_ZYTMCR.jpg (reused cache entry) (+11ms) (2126/4055)
16:39:37   ▶ /_astro/shutterstock_1504845494-1.DeRJl3K6_Z1p9RCP.jpg (reused cache entry) (+10ms) (2127/4055)
16:39:37   ▶ /_astro/edited-MobileThirdImage.Bu9zxuk0_Z1KcM5S.avif (reused cache entry) (+9ms) (2128/4055)
16:39:37   ▶ /_astro/shutterstock_1290948973-1.CHNM-QHG_ZQrAUO.jpg (reused cache entry) (+10ms) (2129/4055)
16:39:37   ▶ /_astro/shutterstock_520962286-1.Bd2mm7hw_Z1pcy1T.jpg (reused cache entry) (+10ms) (2130/4055)
16:39:37   ▶ /_astro/pexels-shiny-diamond-3762453-1-scaled-1.BilK3WD__Z2v5W4O.jpg (reused cache entry) (+12ms) (2131/4055)
16:39:37   ▶ /_astro/shutterstock_1530801923-1.OtQg7RTp_oV3P5.jpg (reused cache entry) (+9ms) (2132/4055)
16:39:37   ▶ /_astro/shutterstock_1404252305-1.46p2VxHI_noAh7.jpg (reused cache entry) (+10ms) (2133/4055)
16:39:37   ▶ /_astro/shutterstock_252392584-1.D87yZd8z_126hW0.avif (reused cache entry) (+9ms) (2134/4055)
16:39:37   ▶ /_astro/shutterstock_1115346134-1.DNeGnhH9_Z2e9nUJ.jpg (reused cache entry) (+8ms) (2135/4055)
16:39:37   ▶ /_astro/49706630_304673416846704_8429231802140327936_o-846x529-1.DOi2F681_27tJHs.jpg (reused cache entry) (+9ms) (2136/4055)
16:39:37   ▶ /_astro/shutterstock_722601751-1.BeuNxsvE_yjSLW.jpg (reused cache entry) (+8ms) (2137/4055)
16:39:37   ▶ /_astro/shutterstock_1504845494-1.DeRJl3K6_Z2a2S04.jpg (reused cache entry) (+9ms) (2138/4055)
16:39:37   ▶ /_astro/shutterstock_1290948973-1.CHNM-QHG_Z2rVRj5.jpg (reused cache entry) (+6ms) (2139/4055)
16:39:37   ▶ /_astro/edited-MobileThirdImage.Bu9zxuk0_1kNOJw.avif (reused cache entry) (+8ms) (2140/4055)
16:39:37   ▶ /_astro/web-home-slider-986x493-1.DpJVdMcO_Z2dl5Bh.png (reused cache entry) (+13ms) (2141/4055)
16:39:37   ▶ /_astro/pexels-shiny-diamond-3762453-1-scaled-1.BilK3WD__Jgy5J.jpg (reused cache entry) (+7ms) (2142/4055)
16:39:37   ▶ /_astro/shutterstock_757893178-1.D8YTWDqe_SQOLU.avif (reused cache entry) (+8ms) (2143/4055)
16:39:37   ▶ /_astro/shutterstock_520962286-1.Bd2mm7hw_zdi4Y.jpg (reused cache entry) (+9ms) (2144/4055)
16:39:37   ▶ /_astro/shutterstock_1404252305-1.46p2VxHI_Z2wfVOX.jpg (reused cache entry) (+7ms) (2145/4055)
16:39:37   ▶ /_astro/shutterstock_252392584-1.D87yZd8z_Z23EYK3.avif (reused cache entry) (+8ms) (2146/4055)
16:39:37   ▶ /_astro/shutterstock_566451454-1.xP-9Og7F_ZGDCxl.avif (reused cache entry) (+8ms) (2147/4055)
16:39:37   ▶ /_astro/shutterstock_1050606914-1.ChmK_epv_pKpU4.avif (reused cache entry) (+8ms) (2148/4055)
16:39:37   ▶ /_astro/shutterstock_722601751-1.BeuNxsvE_24WzES.jpg (reused cache entry) (+8ms) (2149/4055)
16:39:37   ▶ /_astro/shutterstock_1504845494-1.DeRJl3K6_ZEdKJt.avif (reused cache entry) (+7ms) (2150/4055)
16:39:37   ▶ /_astro/shutterstock_1276642348-1.DNbzhfuf_ZI1F2D.avif (reused cache entry) (+8ms) (2151/4055)
16:39:37   ▶ /_astro/web-home-slider-986x493-1.DpJVdMcO_1T6Xmu.avif (reused cache entry) (+8ms) (2152/4055)
16:39:37   ▶ /_astro/shutterstock_757893178-1.D8YTWDqe_Z20ooY4.avif (reused cache entry) (+7ms) (2153/4055)
16:39:37   ▶ /_astro/pexels-shiny-diamond-3762453-1-scaled-1.BilK3WD__Z2exHdX.jpg (reused cache entry) (+8ms) (2154/4055)
16:39:37   ▶ /_astro/edited-MobileThirdImage.Bu9zxuk0_1KjJOT.jpg (reused cache entry) (+11ms) (2155/4055)
16:39:37   ▶ /_astro/shutterstock_520962286-1.Bd2mm7hw_NhIjC.jpg (reused cache entry) (+9ms) (2156/4055)
16:39:37   ▶ /_astro/shutterstock_1404252305-1.46p2VxHI_1N3bBJ.jpg (reused cache entry) (+9ms) (2157/4055)
16:39:37   ▶ /_astro/shutterstock_566451454-1.xP-9Og7F_1thguB.avif (reused cache entry) (+6ms) (2158/4055)
16:39:37   ▶ /_astro/shutterstock_252392584-1.D87yZd8z_Z1OAyvp.avif (reused cache entry) (+9ms) (2159/4055)
16:39:37   ▶ /_astro/shutterstock_1050606914-1.ChmK_epv_Z1ynA7G.avif (reused cache entry) (+7ms) (2160/4055)
16:39:37   ▶ /_astro/shutterstock_1504845494-1.DeRJl3K6_1Bj0pT.avif (reused cache entry) (+6ms) (2161/4055)
16:39:37   ▶ /_astro/shutterstock_722601751-1.BeuNxsvE_25MPBA.jpg (reused cache entry) (+8ms) (2162/4055)
16:39:37   ▶ /_astro/shutterstock_1276642348-1.DNbzhfuf_21l1c8.avif (reused cache entry) (+7ms) (2163/4055)
16:39:37   ▶ /_astro/shutterstock_757893178-1.D8YTWDqe_1J06MY.avif (reused cache entry) (+7ms) (2164/4055)
16:39:37   ▶ /_astro/web-home-slider-986x493-1.DpJVdMcO_ZDTbHt.avif (reused cache entry) (+9ms) (2165/4055)
16:39:37   ▶ /_astro/pexels-shiny-diamond-3762453-1-scaled-1.BilK3WD__18A2y5.jpg (reused cache entry) (+8ms) (2166/4055)
16:39:37   ▶ /_astro/shutterstock_1404252305-1.46p2VxHI_k56O0.avif (reused cache entry) (+7ms) (2167/4055)
16:39:37   ▶ /_astro/edited-MobileThirdImage.Bu9zxuk0_1rJHzQ.jpg (reused cache entry) (+8ms) (2168/4055)
16:39:37   ▶ /_astro/shutterstock_520962286-1.Bd2mm7hw_CxxTJ.avif (reused cache entry) (+8ms) (2169/4055)
16:39:37   ▶ /_astro/shutterstock_566451454-1.xP-9Og7F_8tDsI.avif (reused cache entry) (+8ms) (2170/4055)
16:39:37   ▶ /_astro/shutterstock_1504845494-1.DeRJl3K6_SCBKl.avif (reused cache entry) (+7ms) (2171/4055)
16:39:37   ▶ /_astro/shutterstock_1050606914-1.ChmK_epv_B90za.avif (reused cache entry) (+7ms) (2172/4055)
16:39:37   ▶ /_astro/shutterstock_1276642348-1.DNbzhfuf_Fxoaf.avif (reused cache entry) (+7ms) (2173/4055)
16:39:37   ▶ /_astro/shutterstock_757893178-1.D8YTWDqe_1LuUHK.avif (reused cache entry) (+7ms) (2174/4055)
16:39:37   ▶ /_astro/shutterstock_252392584-1.D87yZd8z_1WbTcd.jpg (reused cache entry) (+11ms) (2175/4055)
16:39:37   ▶ /_astro/web-home-slider-986x493-1.DpJVdMcO_Z1ybpXR.avif (reused cache entry) (+7ms) (2176/4055)
16:39:37   ▶ /_astro/shutterstock_1404252305-1.46p2VxHI_ucVdL.avif (reused cache entry) (+6ms) (2177/4055)
16:39:37   ▶ /_astro/maria-lysenko-KbIZwj8d3Bo-unsplash-1-scaled-1.DJO7_4vN_ZtXnBI.avif (reused cache entry) (+11ms) (2178/4055)
16:39:37   ▶ /_astro/pexels-shiny-diamond-3762453-1-scaled-1.BilK3WD__Z2fAmFf.jpg (reused cache entry) (+8ms) (2179/4055)
16:39:37   ▶ /_astro/shutterstock_520962286-1.Bd2mm7hw_Z2l0z77.avif (reused cache entry) (+7ms) (2180/4055)
16:39:37   ▶ /_astro/shutterstock_566451454-1.xP-9Og7F_aYsnu.avif (reused cache entry) (+7ms) (2181/4055)
16:39:37   ▶ /_astro/edited-MobileThirdImage.Bu9zxuk0_ZwpNnF.jpg (reused cache entry) (+8ms) (2182/4055)
16:39:37   ▶ /_astro/shutterstock_1504845494-1.DeRJl3K6_ZGQDBU.avif (reused cache entry) (+7ms) (2183/4055)
16:39:37   ▶ /_astro/shutterstock_1050606914-1.ChmK_epv_Z8IYM4.avif (reused cache entry) (+8ms) (2184/4055)
16:39:37   ▶ /_astro/shutterstock_1276642348-1.DNbzhfuf_I3d51.avif (reused cache entry) (+6ms) (2185/4055)
16:39:37   ▶ /_astro/shutterstock_252392584-1.D87yZd8z_1rTVAJ.jpg (reused cache entry) (+6ms) (2186/4055)
16:39:37   ▶ /_astro/shutterstock_1404252305-1.46p2VxHI_ZdsrqM.avif (reused cache entry) (+6ms) (2187/4055)
16:39:37   ▶ /_astro/web-home-slider-986x493-1.DpJVdMcO_b6w6J.avif (reused cache entry) (+7ms) (2188/4055)
16:39:37   ▶ /_astro/maria-lysenko-KbIZwj8d3Bo-unsplash-1-scaled-1.DJO7_4vN_NRMYP.avif (reused cache entry) (+6ms) (2189/4055)
16:39:37   ▶ /_astro/shutterstock_757893178-1.D8YTWDqe_Z1eurt1.jpg (reused cache entry) (+9ms) (2190/4055)
16:39:37   ▶ /_astro/shutterstock_520962286-1.Bd2mm7hw_227YVz.avif (reused cache entry) (+7ms) (2191/4055)
16:39:37   ▶ /_astro/pexels-shiny-diamond-3762453-1-scaled-1.BilK3WD__1Po5Gy.jpg (reused cache entry) (+8ms) (2192/4055)
16:39:37   ▶ /_astro/shutterstock_1058754506-1.B7BKXzs1_w24lU.avif (reused cache entry) (+7ms) (2193/4055)
16:39:37   ▶ /_astro/shutterstock_566451454-1.xP-9Og7F_2fbe0E.jpg (reused cache entry) (+8ms) (2194/4055)
16:39:37   ▶ /_astro/shutterstock_1504845494-1.DeRJl3K6_ZPi3W.jpg (reused cache entry) (+8ms) (2195/4055)
16:39:37   ▶ /_astro/shutterstock_252392584-1.D87yZd8z_Z1CQl6j.jpg (reused cache entry) (+7ms) (2196/4055)
16:39:37   ▶ /_astro/shutterstock_1050606914-1.ChmK_epv_h1wsf.jpg (reused cache entry) (+9ms) (2197/4055)
16:39:37   ▶ /_astro/shutterstock_1404252305-1.46p2VxHI_Z1NWHO3.avif (reused cache entry) (+7ms) (2198/4055)
16:39:37   ▶ /_astro/shutterstock_1276642348-1.DNbzhfuf_2dNbvm.jpg (reused cache entry) (+9ms) (2199/4055)
16:39:37   ▶ /_astro/maria-lysenko-KbIZwj8d3Bo-unsplash-1-scaled-1.DJO7_4vN_ZT7OvW.avif (reused cache entry) (+7ms) (2200/4055)
16:39:37   ▶ /_astro/shutterstock_757893178-1.D8YTWDqe_VqryV.jpg (reused cache entry) (+7ms) (2201/4055)
16:39:37   ▶ /_astro/shutterstock_520962286-1.Bd2mm7hw_Z1uYQhT.avif (reused cache entry) (+7ms) (2202/4055)
16:39:37   ▶ /_astro/shutterstock_1058754506-1.B7BKXzs1_1vr5cQ.avif (reused cache entry) (+7ms) (2203/4055)
16:39:37   ▶ /_astro/shutterstock_1307669605-1.BaZJh5PU_1lkma1.avif (reused cache entry) (+8ms) (2204/4055)
16:39:37   ▶ /_astro/shutterstock_566451454-1.xP-9Og7F_ZE50Kk.jpg (reused cache entry) (+8ms) (2205/4055)
16:39:37   ▶ /_astro/shutterstock_1504845494-1.DeRJl3K6_1sz6X5.jpg (reused cache entry) (+9ms) (2206/4055)
16:39:37   ▶ /_astro/shutterstock_1050606914-1.ChmK_epv_Z1H7tzv.jpg (reused cache entry) (+7ms) (2207/4055)
16:39:37   ▶ /_astro/shutterstock_252392584-1.D87yZd8z_Z1oLTQF.jpg (reused cache entry) (+8ms) (2208/4055)
16:39:37   ▶ /_astro/shutterstock_1404252305-1.46p2VxHI_Xszuw.jpg (reused cache entry) (+8ms) (2209/4055)
16:39:37   ▶ /_astro/web-home-slider-986x493-1.DpJVdMcO_Z29J94F.png (reused cache entry) (+15ms) (2210/4055)
16:39:37   ▶ /_astro/shutterstock_1276642348-1.DNbzhfuf_Z71g3N.jpg (reused cache entry) (+8ms) (2211/4055)
16:39:37   ▶ /_astro/maria-lysenko-KbIZwj8d3Bo-unsplash-1-scaled-1.DJO7_4vN_Z1sn1nw.avif (reused cache entry) (+7ms) (2212/4055)
16:39:37   ▶ /_astro/shutterstock_757893178-1.D8YTWDqe_ZomarW.jpg (reused cache entry) (+9ms) (2213/4055)
16:39:37   ▶ /_astro/shutterstock_1307669605-1.BaZJh5PU_Z16NxaK.avif (reused cache entry) (+7ms) (2214/4055)
16:39:37   ▶ /_astro/shutterstock_1058754506-1.B7BKXzs1_aDsaX.avif (reused cache entry) (+7ms) (2215/4055)
16:39:37   ▶ /_astro/shutterstock_520962286-1.Bd2mm7hw_Z1uNIlc.jpg (reused cache entry) (+9ms) (2216/4055)
16:39:37   ▶ /_astro/shutterstock_1504845494-1.DeRJl3K6_JSIiw.jpg (reused cache entry) (+6ms) (2217/4055)
16:39:37   ▶ /_astro/shutterstock_566451454-1.xP-9Og7F_Z1YRCMd.jpg (reused cache entry) (+8ms) (2218/4055)
16:39:37   ▶ /_astro/shutterstock_252392584-1.D87yZd8z_Z1Tdtbg.avif (reused cache entry) (+6ms) (2219/4055)
16:39:37   ▶ /_astro/shutterstock_1050606914-1.ChmK_epv_sp77l.jpg (reused cache entry) (+7ms) (2220/4055)
16:39:37   ▶ /_astro/shutterstock_1404252305-1.46p2VxHI_lt2KW.jpg (reused cache entry) (+6ms) (2221/4055)
16:39:37   ▶ /_astro/shutterstock_1276642348-1.DNbzhfuf_Z1rNS5G.jpg (reused cache entry) (+6ms) (2222/4055)
16:39:37   ▶ /_astro/maria-lysenko-KbIZwj8d3Bo-unsplash-1-scaled-1.DJO7_4vN_vG7dr.avif (reused cache entry) (+7ms) (2223/4055)
16:39:37   ▶ /_astro/shutterstock_757893178-1.D8YTWDqe_ZlQlxb.jpg (reused cache entry) (+6ms) (2224/4055)
16:39:37   ▶ /_astro/shutterstock_1307669605-1.BaZJh5PU_Z2rBacD.avif (reused cache entry) (+6ms) (2225/4055)
16:39:37   ▶ /_astro/web-home-slider-986x493-1.DpJVdMcO_mqOEi.png (reused cache entry) (+9ms) (2226/4055)
16:39:37   ▶ /_astro/shutterstock_1058754506-1.B7BKXzs1_d9h5J.avif (reused cache entry) (+6ms) (2227/4055)
16:39:37   ▶ /_astro/shutterstock_252392584-1.D87yZd8z_w6Uvw.avif (reused cache entry) (+6ms) (2228/4055)
16:39:37   ▶ /_astro/shutterstock_520962286-1.Bd2mm7hw_Z1UbUsn.jpg (reused cache entry) (+8ms) (2229/4055)
16:39:37   ▶ /_astro/shutterstock_1504845494-1.DeRJl3K6_ZPAx4J.jpg (reused cache entry) (+8ms) (2230/4055)
16:39:37   ▶ /_astro/shutterstock_566451454-1.xP-9Og7F_Z1WmNRr.jpg (reused cache entry) (+8ms) (2231/4055)
16:39:37   ▶ /_astro/shutterstock_1050606914-1.ChmK_epv_ZhsSeS.jpg (reused cache entry) (+8ms) (2232/4055)
16:39:37   ▶ /_astro/shutterstock_1404252305-1.46p2VxHI_ZmckSB.jpg (reused cache entry) (+7ms) (2233/4055)
16:39:37   ▶ /_astro/shutterstock_1276642348-1.DNbzhfuf_Z1pj4aU.jpg (reused cache entry) (+8ms) (2234/4055)
16:39:37   ▶ /_astro/shutterstock_757893178-1.D8YTWDqe_FOq3p.avif (reused cache entry) (+6ms) (2235/4055)
16:39:37   ▶ /_astro/maria-lysenko-KbIZwj8d3Bo-unsplash-1-scaled-1.DJO7_4vN_2cwuzD.avif (reused cache entry) (+8ms) (2236/4055)
16:39:37   ▶ /_astro/shutterstock_1307669605-1.BaZJh5PU_ZM1U5U.jpg (reused cache entry) (+8ms) (2237/4055)
16:39:37   ▶ /_astro/shutterstock_252392584-1.D87yZd8z_ZaVDeI.avif (reused cache entry) (+7ms) (2238/4055)
16:39:37   ▶ /_astro/shutterstock_520962286-1.Bd2mm7hw_2rVDAj.jpg (reused cache entry) (+8ms) (2239/4055)
16:39:37   ▶ /_astro/shutterstock_1058754506-1.B7BKXzs1_Z1BkcT1.jpg (reused cache entry) (+10ms) (2240/4055)
16:39:37   ▶ /_astro/web-home-slider-986x493-1.DpJVdMcO_ZwPoB6.png (reused cache entry) (+11ms) (2241/4055)
16:39:37   ▶ /_astro/shutterstock_1215868702-1.Cjzi2ihq_ZamOIF.avif (reused cache entry) (+9ms) (2242/4055)
16:39:37   ▶ /_astro/shutterstock_566451454-1.xP-9Og7F_1XOsVC.avif (reused cache entry) (+10ms) (2243/4055)
16:39:37   ▶ /_astro/shutterstock_1050606914-1.ChmK_epv_1CmvHP.avif (reused cache entry) (+10ms) (2244/4055)
16:39:37   ▶ /_astro/shutterstock_1276642348-1.DNbzhfuf_Z1y3RHQ.avif (reused cache entry) (+9ms) (2245/4055)
16:39:37   ▶ /_astro/shutterstock_757893178-1.D8YTWDqe_Z2utmY0.avif (reused cache entry) (+8ms) (2246/4055)
16:39:37   ▶ /_astro/shutterstock_1404252305-1.46p2VxHI_Z1WGBgR.jpg (reused cache entry) (+11ms) (2247/4055)
16:39:37   ▶ /_astro/shutterstock_252392584-1.D87yZd8z_1m7DkJ.avif (reused cache entry) (+10ms) (2248/4055)
16:39:37   ▶ /_astro/shutterstock_520962286-1.Bd2mm7hw_Z15bcDa.jpg (reused cache entry) (+8ms) (2249/4055)
16:39:37   ▶ /_astro/shutterstock_1307669605-1.BaZJh5PU_1P1jnf.jpg (reused cache entry) (+11ms) (2250/4055)
16:39:37   ▶ /_astro/shutterstock_1058754506-1.B7BKXzs1_ZBUc35.jpg (reused cache entry) (+9ms) (2251/4055)
16:39:37   ▶ /_astro/shutterstock_1215868702-1.Cjzi2ihq_20y4jh.avif (reused cache entry) (+8ms) (2252/4055)
16:39:37   ▶ /_astro/shutterstock_566451454-1.xP-9Og7F_YciuF.avif (reused cache entry) (+8ms) (2253/4055)
16:39:37   ▶ /_astro/shutterstock_1050606914-1.ChmK_epv_Z1Aj8CQ.avif (reused cache entry) (+8ms) (2254/4055)
16:39:37   ▶ /_astro/shutterstock_1276642348-1.DNbzhfuf_1wg3cc.avif (reused cache entry) (+8ms) (2255/4055)
16:39:37   ▶ /_astro/shutterstock_757893178-1.D8YTWDqe_ZXPG64.avif (reused cache entry) (+9ms) (2256/4055)
16:39:37   ▶ /_astro/shutterstock_1284302962-1.Cis1EWG8_ZeiQfU.avif (reused cache entry) (+8ms) (2257/4055)
16:39:37   ▶ /_astro/maria-lysenko-KbIZwj8d3Bo-unsplash-1-scaled-1.DJO7_4vN_18TSlC.jpg (reused cache entry) (+17ms) (2258/4055)
16:39:37   ▶ /_astro/shutterstock_252392584-1.D87yZd8z_12BnmJ.jpg (reused cache entry) (+7ms) (2259/4055)
16:39:37   ▶ /_astro/web-home-slider-986x493-1.DpJVdMcO_1crxtv.png (reused cache entry) (+14ms) (2260/4055)
16:39:37   ▶ /_astro/shutterstock_254735842-1.BV-KyjKr_ZMsdXq.avif (reused cache entry) (+8ms) (2261/4055)
16:39:37   ▶ /_astro/shutterstock_1307669605-1.BaZJh5PU_udGlm.jpg (reused cache entry) (+9ms) (2262/4055)
16:39:37   ▶ /_astro/shutterstock_1215868702-1.Cjzi2ihq_EKrho.avif (reused cache entry) (+7ms) (2263/4055)
16:39:37   ▶ /_astro/shutterstock_566451454-1.xP-9Og7F_2uOYnB.avif (reused cache entry) (+7ms) (2264/4055)
16:39:37   ▶ /_astro/shutterstock_1058754506-1.B7BKXzs1_Z1WHO4X.jpg (reused cache entry) (+9ms) (2265/4055)
16:39:37   ▶ /_astro/shutterstock_1276642348-1.DNbzhfuf_Z22ioIN.avif (reused cache entry) (+7ms) (2266/4055)
16:39:37   ▶ /_astro/shutterstock_1050606914-1.ChmK_epv_Z2iYwip.avif (reused cache entry) (+7ms) (2267/4055)
16:39:37   ▶ /_astro/shutterstock_757893178-1.D8YTWDqe_ZX0q9m.avif (reused cache entry) (+7ms) (2268/4055)
16:39:37   ▶ /_astro/shutterstock_1284302962-1.Cis1EWG8_1VC2M2.avif (reused cache entry) (+6ms) (2269/4055)
16:39:37   ▶ /_astro/shutterstock_252392584-1.D87yZd8z_VUzag.jpg (reused cache entry) (+6ms) (2270/4055)
16:39:37   ▶ /_astro/maria-lysenko-KbIZwj8d3Bo-unsplash-1-scaled-1.DJO7_4vN_1NERkT.jpg (reused cache entry) (+6ms) (2271/4055)
16:39:37   ▶ /_astro/shutterstock_254735842-1.BV-KyjKr_Z1vuqtS.avif (reused cache entry) (+5ms) (2272/4055)
16:39:37   ▶ /_astro/shutterstock_1892166514-1.DXRRmIh__2ulCVz.avif (reused cache entry) (+6ms) (2273/4055)
16:39:37   ▶ /_astro/shutterstock_566451454-1.xP-9Og7F_2vFfkj.avif (reused cache entry) (+4ms) (2274/4055)
16:39:37   ▶ /_astro/shutterstock_1307669605-1.BaZJh5PU_Z258AMx.avif (reused cache entry) (+6ms) (2275/4055)
16:39:37   ▶ /_astro/shutterstock_1215868702-1.Cjzi2ihq_Hggca.avif (reused cache entry) (+6ms) (2276/4055)
16:39:37   ▶ /_astro/shutterstock_1276642348-1.DNbzhfuf_Z21s8M6.avif (reused cache entry) (+6ms) (2277/4055)
16:39:37   ▶ /_astro/shutterstock_1050606914-1.ChmK_epv_1aHl8g.avif (reused cache entry) (+6ms) (2278/4055)
16:39:37   ▶ /_astro/shutterstock_757893178-1.D8YTWDqe_x5wAA.jpg (reused cache entry) (+6ms) (2279/4055)
16:39:37   ▶ /_astro/shutterstock_1058754506-1.B7BKXzs1_Z1Ud0ac.jpg (reused cache entry) (+7ms) (2280/4055)
16:39:37   ▶ /_astro/shutterstock_1284302962-1.Cis1EWG8_AOpK9.avif (reused cache entry) (+7ms) (2281/4055)
16:39:37   ▶ /_astro/shutterstock_252392584-1.D87yZd8z_eR0p1.jpg (reused cache entry) (+7ms) (2282/4055)
16:39:37   ▶ /_astro/shutterstock_254735842-1.BV-KyjKr_sUpC0.avif (reused cache entry) (+7ms) (2283/4055)
16:39:37   ▶ /_astro/shutterstock_1892166514-1.DXRRmIh__ZoTAOp.avif (reused cache entry) (+8ms) (2284/4055)
16:39:37   ▶ /_astro/shutterstock_1307669605-1.BaZJh5PU_Z1ASvaG.avif (reused cache entry) (+6ms) (2285/4055)
16:39:37   ▶ /_astro/shutterstock_566451454-1.xP-9Og7F_1P5ztN.jpg (reused cache entry) (+8ms) (2286/4055)
16:39:37   ▶ /_astro/maria-lysenko-KbIZwj8d3Bo-unsplash-1-scaled-1.DJO7_4vN_5EeO7.jpg (reused cache entry) (+10ms) (2287/4055)
16:39:37   ▶ /_astro/shutterstock_1215868702-1.Cjzi2ihq_Z2iJ6YB.jpg (reused cache entry) (+7ms) (2288/4055)
16:39:37   ▶ /_astro/shutterstock_757893178-1.D8YTWDqe_rltz0.jpg (reused cache entry) (+8ms) (2289/4055)
16:39:37   ▶ /_astro/shutterstock_1276642348-1.DNbzhfuf_Z1GMLaF.jpg (reused cache entry) (+9ms) (2290/4055)
16:39:37   ▶ /_astro/shutterstock_1058754506-1.B7BKXzs1_Z20noSG.avif (reused cache entry) (+8ms) (2291/4055)
16:39:37   ▶ /_astro/shutterstock_1050606914-1.ChmK_epv_2gJYom.jpg (reused cache entry) (+10ms) (2292/4055)
16:39:37   ▶ /_astro/shutterstock_254735842-1.BV-KyjKr_GYPQD.avif (reused cache entry) (+7ms) (2293/4055)
16:39:37   ▶ /_astro/shutterstock_1284302962-1.Cis1EWG8_DkeEU.avif (reused cache entry) (+10ms) (2294/4055)
16:39:37   ▶ /_astro/shutterstock_252392584-1.D87yZd8z_1LVhYt.jpg (reused cache entry) (+9ms) (2295/4055)
16:39:37   ▶ /_astro/shutterstock_1307669605-1.BaZJh5PU_Z5fOhK.avif (reused cache entry) (+8ms) (2296/4055)
16:39:37   ▶ /_astro/shutterstock_1892166514-1.DXRRmIh__Z1JHdQi.avif (reused cache entry) (+9ms) (2297/4055)
16:39:37   ▶ /_astro/shutterstock_566451454-1.xP-9Og7F_Z199XKg.jpg (reused cache entry) (+8ms) (2298/4055)
16:39:37   ▶ /_astro/maria-lysenko-KbIZwj8d3Bo-unsplash-1-scaled-1.DJO7_4vN_ZszW2s.jpg (reused cache entry) (+9ms) (2299/4055)
16:39:37   ▶ /_astro/shutterstock_1276642348-1.DNbzhfuf_ZB6e3J.jpg (reused cache entry) (+7ms) (2300/4055)
16:39:37   ▶ /_astro/shutterstock_757893178-1.D8YTWDqe_1WYarV.jpg (reused cache entry) (+8ms) (2301/4055)
16:39:37   ▶ /_astro/shutterstock_1215868702-1.Cjzi2ihq_Z7NcVE.jpg (reused cache entry) (+11ms) (2302/4055)
16:39:37   ▶ /_astro/shutterstock_1058754506-1.B7BKXzs1_11m7cU.avif (reused cache entry) (+8ms) (2303/4055)
16:39:37   ▶ /_astro/shutterstock_1050606914-1.ChmK_epv_Z1J325F.jpg (reused cache entry) (+7ms) (2304/4055)
16:39:37   ▶ /_astro/shutterstock_623291072-1.CoZcBOGE_Z2w7TCH.avif (reused cache entry) (+7ms) (2305/4055)
16:39:37   ▶ /_astro/shutterstock_254735842-1.BV-KyjKr_ZmDzjG.jpg (reused cache entry) (+8ms) (2306/4055)
16:39:37   ▶ /_astro/shutterstock_1284302962-1.Cis1EWG8_Z2mF8vQ.jpg (reused cache entry) (+8ms) (2307/4055)
16:39:37   ▶ /_astro/shutterstock_1307669605-1.BaZJh5PU_Z4pyl3.avif (reused cache entry) (+6ms) (2308/4055)
16:39:37   ▶ /_astro/shutterstock_1892166514-1.DXRRmIh__Z1HcoVw.avif (reused cache entry) (+7ms) (2309/4055)
16:39:37   ▶ /_astro/shutterstock_1276642348-1.DNbzhfuf_TwrOc.jpg (reused cache entry) (+5ms) (2310/4055)
16:39:37   ▶ /_astro/shutterstock_566451454-1.xP-9Og7F_msH7F.jpg (reused cache entry) (+7ms) (2311/4055)
16:39:37   ▶ /_astro/shutterstock_1215868702-1.Cjzi2ihq_Z1sAOXx.jpg (reused cache entry) (+6ms) (2312/4055)
16:39:37   ▶ /_astro/shutterstock_1058754506-1.B7BKXzs1_2wYN5Q.avif (reused cache entry) (+7ms) (2313/4055)
16:39:37   ▶ /_astro/shutterstock_757893178-1.D8YTWDqe_1XOqoD.jpg (reused cache entry) (+8ms) (2314/4055)
16:39:37   ▶ /_astro/shutterstock_1050606914-1.ChmK_epv_Z2rIpKe.jpg (reused cache entry) (+8ms) (2315/4055)
16:39:37   ▶ /_astro/shutterstock_623291072-1.CoZcBOGE_23MgzK.avif (reused cache entry) (+8ms) (2316/4055)
16:39:37   ▶ /_astro/shutterstock_254735842-1.BV-KyjKr_Z15FLP9.jpg (reused cache entry) (+8ms) (2317/4055)
16:39:37   ▶ /_astro/shutterstock_1284302962-1.Cis1EWG8_ZbJesT.jpg (reused cache entry) (+9ms) (2318/4055)
16:39:37   ▶ /_astro/maria-lysenko-KbIZwj8d3Bo-unsplash-1-scaled-1.DJO7_4vN_SUs0R.jpg (reused cache entry) (+14ms) (2319/4055)
16:39:37   ▶ /_astro/shutterstock_1307669605-1.BaZJh5PU_Z2dRufm.jpg (reused cache entry) (+10ms) (2320/4055)
16:39:37   ▶ /_astro/shutterstock_1276642348-1.DNbzhfuf_UmHKT.jpg (reused cache entry) (+9ms) (2321/4055)
16:39:37   ▶ /_astro/shutterstock_566451454-1.xP-9Og7F_niX4n.jpg (reused cache entry) (+9ms) (2322/4055)
16:39:37   ▶ /_astro/shutterstock_1892166514-1.DXRRmIh__lYlFD.jpg (reused cache entry) (+11ms) (2323/4055)
16:39:37   ▶ /_astro/shutterstock_1215868702-1.Cjzi2ihq_Z1q613L.jpg (reused cache entry) (+9ms) (2324/4055)
16:39:37   ▶ /_astro/shutterstock_623291072-1.CoZcBOGE_Z11Y17i.avif (reused cache entry) (+6ms) (2325/4055)
16:39:37   ▶ /_astro/shutterstock_1058754506-1.B7BKXzs1_Z2wm4Ln.avif (reused cache entry) (+9ms) (2326/4055)
16:39:37   ▶ /_astro/shutterstock_1800233047-1.qjVsWmzX_1QoHOH.avif (reused cache entry) (+9ms) (2327/4055)
16:39:37   ▶ /_astro/shutterstock_1050606914-1.ChmK_epv_11XrFr.jpg (reused cache entry) (+8ms) (2328/4055)
16:39:37   ▶ /_astro/shutterstock_254735842-1.BV-KyjKr_SJ4gJ.jpg (reused cache entry) (+7ms) (2329/4055)
16:39:37   ▶ /_astro/shutterstock_1284302962-1.Cis1EWG8_Z1wwQuM.jpg (reused cache entry) (+7ms) (2330/4055)
16:39:37   ▶ /_astro/shutterstock_1307669605-1.BaZJh5PU_1kVlnj.jpg (reused cache entry) (+7ms) (2331/4055)
16:39:37   ▶ /_astro/shutterstock_1401918893-1.CFhnGbx-_Z1iwknw.avif (reused cache entry) (+9ms) (2332/4055)
16:39:37   ▶ /_astro/h-shaw-5LcgjahE0vo-unsplash-1-scaled-1.D8DqMUQu_Z1vaaWf.avif (reused cache entry) (+8ms) (2333/4055)
16:39:37   ▶ /_astro/shutterstock_623291072-1.CoZcBOGE_ZMTzRE.avif (reused cache entry) (+7ms) (2334/4055)
16:39:37   ▶ /_astro/shutterstock_1892166514-1.DXRRmIh__2wUfIA.jpg (reused cache entry) (+9ms) (2335/4055)
16:39:37   ▶ /_astro/shutterstock_1215868702-1.Cjzi2ihq_Z1Wqi5h.avif (reused cache entry) (+9ms) (2336/4055)
16:39:37   ▶ /_astro/shutterstock_1800233047-1.qjVsWmzX_Z12QvVh.avif (reused cache entry) (+8ms) (2337/4055)
16:39:37   ▶ /_astro/shutterstock_1706287213-1.DNmbUO7k_Z18hy7c.avif (reused cache entry) (+11ms) (2338/4055)
16:39:37   ▶ /_astro/maria-lysenko-KbIZwj8d3Bo-unsplash-1-scaled-1.DJO7_4vN_Z1eLmfW.jpg (reused cache entry) (+16ms) (2339/4055)
16:39:37   ▶ /_astro/shutterstock_1058754506-1.B7BKXzs1_Z297ilv.jpg (reused cache entry) (+12ms) (2340/4055)
16:39:37   ▶ /_astro/shutterstock_254735842-1.BV-KyjKr_17Nuvn.jpg (reused cache entry) (+12ms) (2341/4055)
16:39:37   ▶ /_astro/shutterstock_1401918893-1.CFhnGbx-_RoyEq.avif (reused cache entry) (+10ms) (2342/4055)
16:39:37   ▶ /_astro/h-shaw-5LcgjahE0vo-unsplash-1-scaled-1.D8DqMUQu_Z1QoKlS.avif (reused cache entry) (+10ms) (2343/4055)
16:39:37   ▶ /_astro/shutterstock_1284302962-1.Cis1EWG8_Z1u22A1.jpg (reused cache entry) (+14ms) (2344/4055)
16:39:37   ▶ /_astro/shutterstock_1307669605-1.BaZJh5PU_Z2dC6xG.jpg (reused cache entry) (+13ms) (2345/4055)
16:39:37   ▶ /_astro/shutterstock_623291072-1.CoZcBOGE_Z26jfXX.jpg (reused cache entry) (+11ms) (2346/4055)
16:39:37   ▶ /_astro/shutterstock_1215868702-1.Cjzi2ihq_1vt6jl.avif (reused cache entry) (+12ms) (2347/4055)
16:39:37   ▶ /_astro/shutterstock_1892166514-1.DXRRmIh__1c7CGH.jpg (reused cache entry) (+13ms) (2348/4055)
16:39:37   ▶ /_astro/shutterstock_1800233047-1.qjVsWmzX_Z2nE8Xa.avif (reused cache entry) (+11ms) (2349/4055)
16:39:37   ▶ /_astro/shutterstock_1706287213-1.DNmbUO7k_12DkUK.avif (reused cache entry) (+9ms) (2350/4055)
16:39:37   ▶ /_astro/shutterstock_1058754506-1.B7BKXzs1_Z170a31.jpg (reused cache entry) (+10ms) (2351/4055)
16:39:37   ▶ /_astro/shutterstock_254735842-1.BV-KyjKr_nifff.avif (reused cache entry) (+9ms) (2352/4055)
16:39:37   ▶ /_astro/shutterstock_1401918893-1.CFhnGbx-_Zso3ms.avif (reused cache entry) (+7ms) (2353/4055)
16:39:37   ▶ /_astro/h-shaw-5LcgjahE0vo-unsplash-1-scaled-1.D8DqMUQu_tApNF.avif (reused cache entry) (+8ms) (2354/4055)
16:39:37   ▶ /_astro/shutterstock_1284302962-1.Cis1EWG8_17M4l2.avif (reused cache entry) (+8ms) (2355/4055)
16:39:37   ▶ /_astro/maria-lysenko-KbIZwj8d3Bo-unsplash-1-scaled-1.DJO7_4vN_4vsRR.avif (reused cache entry) (+13ms) (2356/4055)
16:39:37   ▶ /_astro/shutterstock_1307669605-1.BaZJh5PU_Z2cLPAY.jpg (reused cache entry) (+8ms) (2357/4055)
16:39:37   ▶ /_astro/shutterstock_1215868702-1.Cjzi2ihq_Z235lBE.avif (reused cache entry) (+5ms) (2358/4055)
16:39:37   ▶ /_astro/shutterstock_623291072-1.CoZcBOGE_2tAUeu.jpg (reused cache entry) (+7ms) (2359/4055)
16:39:37   ▶ /_astro/shutterstock_1706287213-1.DNmbUO7k_Zi9h68.avif (reused cache entry) (+6ms) (2360/4055)
16:39:37   ▶ /_astro/shutterstock_1800233047-1.qjVsWmzX_Z2l9k3o.avif (reused cache entry) (+7ms) (2361/4055)
16:39:37   ▶ /_astro/shutterstock_1892166514-1.DXRRmIh__1eCrBt.jpg (reused cache entry) (+7ms) (2362/4055)
16:39:37   ▶ /_astro/shutterstock_1058754506-1.B7BKXzs1_oCvOU.jpg (reused cache entry) (+6ms) (2363/4055)
16:39:37   ▶ /_astro/shutterstock_254735842-1.BV-KyjKr_Z21tMUm.avif (reused cache entry) (+6ms) (2364/4055)
16:39:37   ▶ /_astro/shutterstock_1284302962-1.Cis1EWG8_1rx4M6.avif (reused cache entry) (+5ms) (2365/4055)
16:39:37   ▶ /_astro/shutterstock_1401918893-1.CFhnGbx-_ZpSerG.avif (reused cache entry) (+6ms) (2366/4055)
16:39:37   ▶ /_astro/h-shaw-5LcgjahE0vo-unsplash-1-scaled-1.D8DqMUQu_huLt.avif (reused cache entry) (+6ms) (2367/4055)
16:39:37   ▶ /_astro/maria-lysenko-KbIZwj8d3Bo-unsplash-1-scaled-1.DJO7_4vN_2qr1SU.avif (reused cache entry) (+5ms) (2368/4055)
16:39:37   ▶ /_astro/shutterstock_1215868702-1.Cjzi2ihq_Z22f5EW.avif (reused cache entry) (+5ms) (2369/4055)
16:39:37   ▶ /_astro/shutterstock_1823263868-1.C1txzfAj_Z21V8ch.avif (reused cache entry) (+6ms) (2370/4055)
16:39:37   ▶ /_astro/shutterstock_623291072-1.CoZcBOGE_ZBamsy.jpg (reused cache entry) (+6ms) (2371/4055)
16:39:37   ▶ /_astro/shutterstock_1706287213-1.DNmbUO7k_ZfDsbm.avif (reused cache entry) (+5ms) (2372/4055)
16:39:37   ▶ /_astro/shutterstock_1800233047-1.qjVsWmzX_ZgWyqe.jpg (reused cache entry) (+5ms) (2373/4055)
16:39:37   ▶ /_astro/shutterstock_1892166514-1.DXRRmIh__ZC12dB.avif (reused cache entry) (+5ms) (2374/4055)
16:39:37   ▶ /_astro/shutterstock_254735842-1.BV-KyjKr_2lDL8k.avif (reused cache entry) (+5ms) (2375/4055)
16:39:37   ▶ /_astro/shutterstock_1058754506-1.B7BKXzs1_psLLC.jpg (reused cache entry) (+6ms) (2376/4055)
16:39:37   ▶ /_astro/shutterstock_1284302962-1.Cis1EWG8_Z271n8T.avif (reused cache entry) (+5ms) (2377/4055)
16:39:37   ▶ /_astro/maria-lysenko-KbIZwj8d3Bo-unsplash-1-scaled-1.DJO7_4vN_Z2l5XA8.avif (reused cache entry) (+5ms) (2378/4055)
16:39:37   ▶ /_astro/h-shaw-5LcgjahE0vo-unsplash-1-scaled-1.D8DqMUQu_1J2lA2.avif (reused cache entry) (+5ms) (2379/4055)
16:39:37   ▶ /_astro/shutterstock_1401918893-1.CFhnGbx-_1Diwat.jpg (reused cache entry) (+8ms) (2380/4055)
16:39:37   ▶ /_astro/shutterstock_1215868702-1.Cjzi2ihq_Z26abx6.jpg (reused cache entry) (+7ms) (2381/4055)
16:39:37   ▶ /_astro/shutterstock_1823263868-1.C1txzfAj_8YKPF.avif (reused cache entry) (+6ms) (2382/4055)
16:39:37   ▶ /_astro/shutterstock_623291072-1.CoZcBOGE_Zn5VdU.jpg (reused cache entry) (+6ms) (2383/4055)
16:39:37   ▶ /_astro/shutterstock_1800233047-1.qjVsWmzX_1SXkBI.jpg (reused cache entry) (+6ms) (2384/4055)
16:39:37   ▶ /_astro/shutterstock_254735842-1.BV-KyjKr_Z1bt569.avif (reused cache entry) (+6ms) (2385/4055)
16:39:37   ▶ /_astro/shutterstock_1892166514-1.DXRRmIh__ZSYyOl.avif (reused cache entry) (+7ms) (2386/4055)
16:39:37   ▶ /_astro/shutterstock_358283384-1.B8D6BDNx_Zhxmyk.avif (reused cache entry) (+7ms) (2387/4055)
16:39:37   ▶ /_astro/shutterstock_1284302962-1.Cis1EWG8_Z26b7cc.avif (reused cache entry) (+7ms) (2388/4055)
16:39:37   ▶ /_astro/shutterstock_1706287213-1.DNmbUO7k_1NxiqN.jpg (reused cache entry) (+10ms) (2389/4055)
16:39:37   ▶ /_astro/maria-lysenko-KbIZwj8d3Bo-unsplash-1-scaled-1.DJO7_4vN_282rPN.avif (reused cache entry) (+8ms) (2390/4055)
16:39:37   ▶ /_astro/shutterstock_1215868702-1.Cjzi2ihq_ZBSaVA.jpg (reused cache entry) (+6ms) (2391/4055)
16:39:37   ▶ /_astro/h-shaw-5LcgjahE0vo-unsplash-1-scaled-1.D8DqMUQu_1PvW35.avif (reused cache entry) (+8ms) (2392/4055)
16:39:37   ▶ /_astro/shutterstock_1401918893-1.CFhnGbx-_Z1fWHAv.jpg (reused cache entry) (+7ms) (2393/4055)
16:39:37   ▶ /_astro/shutterstock_1823263868-1.C1txzfAj_Z1bMQbd.avif (reused cache entry) (+7ms) (2394/4055)
16:39:37   ▶ /_astro/shutterstock_623291072-1.CoZcBOGE_Zy52ou.avif (reused cache entry) (+7ms) (2395/4055)
16:39:37   ▶ /_astro/shutterstock_1892166514-1.DXRRmIh__BD73A.avif (reused cache entry) (+6ms) (2396/4055)
16:39:37   ▶ /_astro/shutterstock_254735842-1.BV-KyjKr_Z1K420G.jpg (reused cache entry) (+7ms) (2397/4055)
16:39:37   ▶ /_astro/shutterstock_358283384-1.B8D6BDNx_Z10zz4M.avif (reused cache entry) (+6ms) (2398/4055)
16:39:37   ▶ /_astro/shutterstock_1800233047-1.qjVsWmzX_yaHzP.jpg (reused cache entry) (+8ms) (2399/4055)
16:39:37   ▶ /_astro/shutterstock_1706287213-1.DNmbUO7k_Z15HVkb.jpg (reused cache entry) (+6ms) (2400/4055)
16:39:37   ▶ /_astro/shutterstock_1215868702-1.Cjzi2ihq_SJuVl.jpg (reused cache entry) (+6ms) (2401/4055)
16:39:37   ▶ /_astro/shutterstock_1284302962-1.Cis1EWG8_Y3aSd.jpg (reused cache entry) (+8ms) (2402/4055)
16:39:37   ▶ /_astro/maria-lysenko-KbIZwj8d3Bo-unsplash-1-scaled-1.DJO7_4vN_ZBkzGK.avif (reused cache entry) (+7ms) (2403/4055)
16:39:37   ▶ /_astro/shutterstock_1823263868-1.C1txzfAj_Z19i2gr.avif (reused cache entry) (+6ms) (2404/4055)
16:39:37   ▶ /_astro/shutterstock_623291072-1.CoZcBOGE_1xMT9h.avif (reused cache entry) (+6ms) (2405/4055)
16:39:37   ▶ /_astro/shutterstock_1401918893-1.CFhnGbx-_2tqNbx.jpg (reused cache entry) (+7ms) (2406/4055)
16:39:37   ▶ /_astro/shutterstock_254735842-1.BV-KyjKr_Z1AF9gC.jpg (reused cache entry) (+6ms) (2407/4055)
16:39:37   ▶ /_astro/shutterstock_358283384-1.B8D6BDNx_XPh26.avif (reused cache entry) (+6ms) (2408/4055)
16:39:37   ▶ /_astro/shutterstock_1892166514-1.DXRRmIh__Ctn0i.avif (reused cache entry) (+7ms) (2409/4055)
16:39:37   ▶ /_astro/h-shaw-5LcgjahE0vo-unsplash-1-scaled-1.D8DqMUQu_ZYELSR.jpg (reused cache entry) (+10ms) (2410/4055)
16:39:37   ▶ /_astro/shutterstock_1706287213-1.DNmbUO7k_Z2qvym4.jpg (reused cache entry) (+6ms) (2411/4055)
16:39:37   ▶ /_astro/shutterstock_1800233047-1.qjVsWmzX_AFwuB.jpg (reused cache entry) (+7ms) (2412/4055)
16:39:37   ▶ /_astro/shutterstock_1215868702-1.Cjzi2ihq_TzKS3.jpg (reused cache entry) (+6ms) (2413/4055)
16:39:37   ▶ /_astro/shutterstock_1284302962-1.Cis1EWG8_ZFOcsP.jpg (reused cache entry) (+6ms) (2414/4055)
16:39:37   ▶ /_astro/shutterstock_1823263868-1.C1txzfAj_TSIlI.jpg (reused cache entry) (+6ms) (2415/4055)
16:39:37   ▶ /_astro/shutterstock_623291072-1.CoZcBOGE_PJko2.avif (reused cache entry) (+6ms) (2416/4055)
16:39:37   ▶ /_astro/maria-lysenko-KbIZwj8d3Bo-unsplash-1-scaled-1.DJO7_4vN_1AROsk.avif (reused cache entry) (+7ms) (2417/4055)
16:39:37   ▶ /_astro/shutterstock_254735842-1.BV-KyjKr_Z2iII1R.jpg (reused cache entry) (+7ms) (2418/4055)
16:39:37   ▶ /_astro/shutterstock_358283384-1.B8D6BDNx_1cTHgJ.avif (reused cache entry) (+6ms) (2419/4055)
16:39:37   ▶ /_astro/shutterstock_1401918893-1.CFhnGbx-_2vVC6j.jpg (reused cache entry) (+8ms) (2420/4055)
16:39:37   ▶ /_astro/shutterstock_1892166514-1.DXRRmIh__ZKJUFq.jpg (reused cache entry) (+7ms) (2421/4055)
16:39:37   ▶ /_astro/shutterstock_1800233047-1.qjVsWmzX_Z4DXqN.avif (reused cache entry) (+7ms) (2422/4055)
16:39:37   ▶ /_astro/h-shaw-5LcgjahE0vo-unsplash-1-scaled-1.D8DqMUQu_1DCJyI.jpg (reused cache entry) (+8ms) (2423/4055)
16:39:37   ▶ /_astro/shutterstock_1706287213-1.DNmbUO7k_Z2o0Jri.jpg (reused cache entry) (+8ms) (2424/4055)
16:39:37   ▶ /_astro/shutterstock_647794081-1.eE60eqpH_1C2ESu.avif (reused cache entry) (+8ms) (2425/4055)
16:39:37   ▶ /_astro/shutterstock_1284302962-1.Cis1EWG8_ONtp6.jpg (reused cache entry) (+8ms) (2426/4055)
16:39:37   ▶ /_astro/shutterstock_1823263868-1.C1txzfAj_Z1Ymvpg.jpg (reused cache entry) (+8ms) (2427/4055)
16:39:37   ▶ /_astro/shutterstock_623291072-1.CoZcBOGE_2nNBXu.avif (reused cache entry) (+8ms) (2428/4055)
16:39:37   ▶ /_astro/shutterstock_254735842-1.BV-KyjKr_ZKEqrp.jpg (reused cache entry) (+6ms) (2429/4055)
16:39:37   ▶ /_astro/shutterstock_1401918893-1.CFhnGbx-_Z1uQQBa.avif (reused cache entry) (+7ms) (2430/4055)
16:39:37   ▶ /_astro/shutterstock_358283384-1.B8D6BDNx_8gh5p.jpg (reused cache entry) (+7ms) (2431/4055)
16:39:37   ▶ /_astro/shutterstock_1892166514-1.DXRRmIh__22PhIE.jpg (reused cache entry) (+7ms) (2432/4055)
16:39:37   ▶ /_astro/shutterstock_1800233047-1.qjVsWmzX_Z1wVtVd.avif (reused cache entry) (+6ms) (2433/4055)
16:39:37   ▶ /_astro/shutterstock_1706287213-1.DNmbUO7k_Z1nxY7V.avif (reused cache entry) (+6ms) (2434/4055)
16:39:37   ▶ /_astro/shutterstock_647794081-1.eE60eqpH_17KHi1.avif (reused cache entry) (+7ms) (2435/4055)
16:39:37   ▶ /_astro/h-shaw-5LcgjahE0vo-unsplash-1-scaled-1.D8DqMUQu_Z15yd4E.jpg (reused cache entry) (+8ms) (2436/4055)
16:39:37   ▶ /_astro/maria-lysenko-KbIZwj8d3Bo-unsplash-1-scaled-1.DJO7_4vN_rJNFi.jpg (reused cache entry) (+14ms) (2437/4055)
16:39:37   ▶ /_astro/shutterstock_1284302962-1.Cis1EWG8_PDJlN.jpg (reused cache entry) (+7ms) (2438/4055)
16:39:37   ▶ /_astro/shutterstock_1687009768-1.DHO_bc2K_2aIOwe.avif (reused cache entry) (+7ms) (2439/4055)
16:39:37   ▶ /_astro/shutterstock_1401918893-1.CFhnGbx-_njAEu.avif (reused cache entry) (+6ms) (2440/4055)
16:39:37   ▶ /_astro/shutterstock_1823263868-1.C1txzfAj_1K20mM.jpg (reused cache entry) (+9ms) (2441/4055)
16:39:37   ▶ /_astro/shutterstock_623291072-1.CoZcBOGE_2nJO9v.jpg (reused cache entry) (+9ms) (2442/4055)
16:39:37   ▶ /_astro/shutterstock_358283384-1.B8D6BDNx_ZzKUq3.jpg (reused cache entry) (+8ms) (2443/4055)
16:39:37   ▶ /_astro/shutterstock_1706287213-1.DNmbUO7k_xymUO.avif (reused cache entry) (+6ms) (2444/4055)
16:39:37   ▶ /_astro/shutterstock_1800233047-1.qjVsWmzX_Z1iN3h.avif (reused cache entry) (+7ms) (2445/4055)
16:39:37   ▶ /_astro/shutterstock_1892166514-1.DXRRmIh__Z1vIacl.jpg (reused cache entry) (+8ms) (2446/4055)
16:39:37   ▶ /_astro/maria-lysenko-KbIZwj8d3Bo-unsplash-1-scaled-1.DJO7_4vN_Z1DX2yW.jpg (reused cache entry) (+6ms) (2447/4055)
16:39:37   ▶ /_astro/shutterstock_647794081-1.eE60eqpH_Z1X0zp2.avif (reused cache entry) (+7ms) (2448/4055)
16:39:37   ▶ /_astro/shutterstock_1687009768-1.DHO_bc2K_Z1RNqEe.avif (reused cache entry) (+5ms) (2449/4055)
16:39:37   ▶ /_astro/shutterstock_1093014014-1.CzaEaEqQ_1R4iGH.avif (reused cache entry) (+7ms) (2450/4055)
16:39:37   ▶ /_astro/h-shaw-5LcgjahE0vo-unsplash-1-scaled-1.D8DqMUQu_Z1yR86Q.jpg (reused cache entry) (+8ms) (2451/4055)
16:39:37   ▶ /_astro/shutterstock_1401918893-1.CFhnGbx-_1SWhxq.avif (reused cache entry) (+6ms) (2452/4055)
16:39:37   ▶ /_astro/shutterstock_623291072-1.CoZcBOGE_1XBxN1.jpg (reused cache entry) (+6ms) (2453/4055)
16:39:37   ▶ /_astro/shutterstock_1823263868-1.C1txzfAj_1MwOhy.jpg (reused cache entry) (+6ms) (2454/4055)
16:39:37   ▶ /_astro/shutterstock_1706287213-1.DNmbUO7k_24c3NK.avif (reused cache entry) (+5ms) (2455/4055)
16:39:37   ▶ /_astro/shutterstock_358283384-1.B8D6BDNx_1oDUFP.jpg (reused cache entry) (+6ms) (2456/4055)
16:39:37   ▶ /_astro/shutterstock_1800233047-1.qjVsWmzX_Zsx6z.avif (reused cache entry) (+6ms) (2457/4055)
16:39:37   ▶ /_astro/maria-lysenko-KbIZwj8d3Bo-unsplash-1-scaled-1.DJO7_4vN_Z1liTf4.jpg (reused cache entry) (+5ms) (2458/4055)
16:39:37   ▶ /_astro/shutterstock_1687009768-1.DHO_bc2K_1QA57O.avif (reused cache entry) (+5ms) (2459/4055)
16:39:37   ▶ /_astro/shutterstock_1093014014-1.CzaEaEqQ_Z12bV4h.avif (reused cache entry) (+5ms) (2460/4055)
16:39:37   ▶ /_astro/shutterstock_1892166514-1.DXRRmIh__Z1uRTfD.jpg (reused cache entry) (+8ms) (2461/4055)
16:39:37   ▶ /_astro/shutterstock_647794081-1.eE60eqpH_Z1IV9ao.avif (reused cache entry) (+6ms) (2462/4055)
16:39:37   ▶ /_astro/shutterstock_1823263868-1.C1txzfAj_1lw3c8.avif (reused cache entry) (+5ms) (2463/4055)
16:39:37   ▶ /_astro/shutterstock_1401918893-1.CFhnGbx-_1TMxu8.avif (reused cache entry) (+6ms) (2464/4055)
16:39:37   ▶ /_astro/shutterstock_623291072-1.CoZcBOGE_1gxY2L.jpg (reused cache entry) (+6ms) (2465/4055)
16:39:37   ▶ /_astro/shutterstock_1706287213-1.DNmbUO7k_252jKs.avif (reused cache entry) (+6ms) (2466/4055)
16:39:37   ▶ /_astro/h-shaw-5LcgjahE0vo-unsplash-1-scaled-1.D8DqMUQu_Z1m46DI.jpg (reused cache entry) (+8ms) (2467/4055)
16:39:37   ▶ /_astro/shutterstock_358283384-1.B8D6BDNx_1CIlUt.jpg (reused cache entry) (+6ms) (2468/4055)
16:39:37   ▶ /_astro/shutterstock_1687009768-1.DHO_bc2K_1T5T2A.avif (reused cache entry) (+6ms) (2469/4055)
16:39:37   ▶ /_astro/shutterstock_1800233047-1.qjVsWmzX_ZdnQSC.jpg (reused cache entry) (+7ms) (2470/4055)
16:39:37   ▶ /_astro/shutterstock_1093014014-1.CzaEaEqQ_Z2mYy6a.avif (reused cache entry) (+6ms) (2471/4055)
16:39:37   ▶ /_astro/maria-lysenko-KbIZwj8d3Bo-unsplash-1-scaled-1.DJO7_4vN_Z1WmBC4.jpg (reused cache entry) (+8ms) (2472/4055)
16:39:37   ▶ /_astro/shutterstock_1823263868-1.C1txzfAj_Zl5c9g.avif (reused cache entry) (+5ms) (2473/4055)
16:39:37   ▶ /_astro/shutterstock_1054704908-1.s-rBAGns_Z19dpNH.avif (reused cache entry) (+7ms) (2474/4055)
16:39:37   ▶ /_astro/shutterstock_623291072-1.CoZcBOGE_Z2gyRbH.jpg (reused cache entry) (+7ms) (2475/4055)
16:39:37   ▶ /_astro/shutterstock_647794081-1.eE60eqpH_22Qjxe.jpg (reused cache entry) (+9ms) (2476/4055)
16:39:37   ▶ /_astro/shutterstock_1401918893-1.CFhnGbx-_Z1DAK3Y.jpg (reused cache entry) (+7ms) (2477/4055)
16:39:37   ▶ /_astro/shutterstock_1706287213-1.DNmbUO7k_Z1whRzK.jpg (reused cache entry) (+7ms) (2478/4055)
16:39:37   ▶ /_astro/shutterstock_358283384-1.B8D6BDNx_P5rxu.avif (reused cache entry) (+7ms) (2479/4055)
16:39:37   ▶ /_astro/shutterstock_1800233047-1.qjVsWmzX_1oSmBM.jpg (reused cache entry) (+6ms) (2480/4055)
16:39:37   ▶ /_astro/shutterstock_1687009768-1.DHO_bc2K_2mxgi.jpg (reused cache entry) (+6ms) (2481/4055)
16:39:37   ▶ /_astro/shutterstock_1093014014-1.CzaEaEqQ_Z2ktJbo.avif (reused cache entry) (+7ms) (2482/4055)
16:39:37   ▶ /_astro/shutterstock_1823263868-1.C1txzfAj_1axtIF.avif (reused cache entry) (+6ms) (2483/4055)
16:39:37   ▶ /_astro/h-shaw-5LcgjahE0vo-unsplash-1-scaled-1.D8DqMUQu_2m1l6s.jpg (reused cache entry) (+10ms) (2484/4055)
16:39:37   ▶ /_astro/shutterstock_1054704908-1.s-rBAGns_11Htef.avif (reused cache entry) (+7ms) (2485/4055)
16:39:37   ▶ /_astro/maria-lysenko-KbIZwj8d3Bo-unsplash-1-scaled-1.DJO7_4vN_Ze6eTk.jpg (reused cache entry) (+7ms) (2486/4055)
16:39:37   ▶ /_astro/shutterstock_647794081-1.eE60eqpH_1xzlVK.jpg (reused cache entry) (+5ms) (2487/4055)
16:39:37   ▶ /_astro/shutterstock_142808959-1.zVV_eZNG_1scYL6.avif (reused cache entry) (+6ms) (2488/4055)
16:39:37   ▶ /_astro/shutterstock_1706287213-1.DNmbUO7k_Z1zMTk7.jpg (reused cache entry) (+5ms) (2489/4055)
16:39:37   ▶ /_astro/shutterstock_358283384-1.B8D6BDNx_Z1vyVvg.avif (reused cache entry) (+5ms) (2490/4055)
16:39:37   ▶ /_astro/shutterstock_1401918893-1.CFhnGbx-_Z1K2FAr.jpg (reused cache entry) (+7ms) (2491/4055)
16:39:37   ▶ /_astro/shutterstock_1800233047-1.qjVsWmzX_Z29F5jd.jpg (reused cache entry) (+5ms) (2492/4055)
16:39:37   ▶ /_astro/shutterstock_1687009768-1.DHO_bc2K_141pSL.jpg (reused cache entry) (+5ms) (2493/4055)
16:39:37   ▶ /_astro/shutterstock_1823263868-1.C1txzfAj_1bnJFn.avif (reused cache entry) (+5ms) (2494/4055)
16:39:37   ▶ /_astro/shutterstock_1054704908-1.s-rBAGns_Zj58MD.avif (reused cache entry) (+5ms) (2495/4055)
16:39:37   ▶ /_astro/h-shaw-5LcgjahE0vo-unsplash-1-scaled-1.D8DqMUQu_ZRnoyQ.avif (reused cache entry) (+6ms) (2496/4055)
16:39:37   ▶ /_astro/shutterstock_1093014014-1.CzaEaEqQ_ZghXye.jpg (reused cache entry) (+7ms) (2497/4055)
16:39:37   ▶ /_astro/shutterstock_142808959-1.zVV_eZNG_WV2aC.avif (reused cache entry) (+6ms) (2498/4055)
16:39:37   ▶ /_astro/shutterstock_1706287213-1.DNmbUO7k_Z4adrb.jpg (reused cache entry) (+6ms) (2499/4055)
16:39:37   ▶ /_astro/shutterstock_358283384-1.B8D6BDNx_Z2dCvgv.avif (reused cache entry) (+7ms) (2500/4055)
16:39:37   ▶ /_astro/shutterstock_647794081-1.eE60eqpH_Z1xbUKi.jpg (reused cache entry) (+8ms) (2501/4055)
16:39:37   ▶ /_astro/maria-lysenko-KbIZwj8d3Bo-unsplash-1-scaled-1.DJO7_4vN_1Y7afK.jpg (reused cache entry) (+8ms) (2502/4055)
16:39:37   ▶ /_astro/shutterstock_1401918893-1.CFhnGbx-_ZeoYHv.jpg (reused cache entry) (+7ms) (2503/4055)
16:39:37   ▶ /_astro/shutterstock_1823263868-1.C1txzfAj_1cM9Jj.jpg (reused cache entry) (+6ms) (2504/4055)
16:39:37   ▶ /_astro/h-shaw-5LcgjahE0vo-unsplash-1-scaled-1.D8DqMUQu_1ApfPl.avif (reused cache entry) (+8ms) (2505/4055)
16:39:37   ▶ /_astro/shutterstock_1800233047-1.qjVsWmzX_Z28OOmv.jpg (reused cache entry) (+12ms) (2506/4055)
16:39:37   ▶ /_astro/shutterstock_1054704908-1.s-rBAGns_ZgzjRR.avif (reused cache entry) (+11ms) (2507/4055)
16:39:37   ▶ /_astro/shutterstock_1687009768-1.DHO_bc2K_ZgLc87.jpg (reused cache entry) (+14ms) (2508/4055)
16:39:37   ▶ /_astro/shutterstock_142808959-1.zVV_eZNG_Z27Pfwq.avif (reused cache entry) (+12ms) (2509/4055)
16:39:37   ▶ /_astro/shutterstock_358283384-1.B8D6BDNx_ZFydG3.avif (reused cache entry) (+11ms) (2510/4055)
16:39:37   ▶ /_astro/shutterstock_1093014014-1.CzaEaEqQ_1TCUtI.jpg (reused cache entry) (+14ms) (2511/4055)
16:39:37   ▶ /_astro/shutterstock_1706287213-1.DNmbUO7k_Z3jWut.jpg (reused cache entry) (+13ms) (2512/4055)
16:39:37   ▶ /_astro/shutterstock_1823263868-1.C1txzfAj_Z2trtpc.jpg (reused cache entry) (+12ms) (2513/4055)
16:39:37   ▶ /_astro/shutterstock_371279323-1.D8DOBlY0_ZqJTCH.avif (reused cache entry) (+14ms) (2514/4055)
16:39:37   ▶ /_astro/shutterstock_1401918893-1.CFhnGbx-_ZdyIKN.jpg (reused cache entry) (+15ms) (2515/4055)
16:39:37   ▶ /_astro/shutterstock_647794081-1.eE60eqpH_Z1j7uvE.jpg (reused cache entry) (+16ms) (2516/4055)
16:39:37   ▶ /_astro/h-shaw-5LcgjahE0vo-unsplash-1-scaled-1.D8DqMUQu_ZSyhIR.avif (reused cache entry) (+11ms) (2517/4055)
16:39:37   ▶ /_astro/shutterstock_554660845-1.Dy78ttkq_FCBsy.avif (reused cache entry) (+11ms) (2518/4055)
16:39:37   ▶ /_astro/shutterstock_1687009768-1.DHO_bc2K_Zegndl.jpg (reused cache entry) (+18ms) (2519/4055)
16:39:37   ▶ /_astro/shutterstock_142808959-1.zVV_eZNG_Z1SKOhM.avif (reused cache entry) (+16ms) (2520/4055)
16:39:37   ▶ /_astro/shutterstock_1054704908-1.s-rBAGns_1MBqJi.jpg (reused cache entry) (+19ms) (2521/4055)
16:39:37   ▶ /_astro/shutterstock_1093014014-1.CzaEaEqQ_yPirP.jpg (reused cache entry) (+17ms) (2522/4055)
16:39:37   ▶ /_astro/shutterstock_358283384-1.B8D6BDNx_Z1igOHr.jpg (reused cache entry) (+17ms) (2523/4055)
16:39:37   ▶ /_astro/shutterstock_773757976-1._g8vYskO_2fAnJM.avif (reused cache entry) (+26ms) (2524/4055)
16:39:37   ▶ /_astro/shutterstock_616331219-1.HXDecGlT_Z1ezMuQ.avif (reused cache entry) (+30ms) (2525/4055)
16:39:37   ▶ /_astro/shutterstock_371279323-1.D8DOBlY0_Z19M79a.avif (reused cache entry) (+27ms) (2526/4055)
16:39:37   ▶ /_astro/shutterstock_1823263868-1.C1txzfAj_ZWNMwg.jpg (reused cache entry) (+29ms) (2527/4055)
16:39:37   ▶ /_astro/shutterstock_647794081-1.eE60eqpH_Xjouf.avif (reused cache entry) (+31ms) (2528/4055)
16:39:37   ▶ /_astro/shutterstock_554660845-1.Dy78ttkq_blDR5.avif (reused cache entry) (+24ms) (2529/4055)
16:39:37   ▶ /_astro/h-shaw-5LcgjahE0vo-unsplash-1-scaled-1.D8DqMUQu_K7XPh.avif (reused cache entry) (+34ms) (2530/4055)
16:39:37   ▶ /_astro/shutterstock_1687009768-1.DHO_bc2K_Zx5yFB.avif (reused cache entry) (+24ms) (2531/4055)
16:39:37   ▶ /_astro/shutterstock_358283384-1.B8D6BDNx_Z15KhQw.jpg (reused cache entry) (+29ms) (2532/4055)
16:39:37   ▶ /_astro/shutterstock_1054704908-1.s-rBAGns_Z16DN1G.jpg (reused cache entry) (+31ms) (2533/4055)
16:39:37   ▶ /_astro/shutterstock_1093014014-1.CzaEaEqQ_Bl7mB.jpg (reused cache entry) (+32ms) (2534/4055)
16:39:37   ▶ /_astro/shutterstock_142808959-1.zVV_eZNG_1S1DpP.jpg (reused cache entry) (+33ms) (2535/4055)
16:39:37   ▶ /_astro/shutterstock_773757976-1._g8vYskO_1Kjq9j.avif (reused cache entry) (+19ms) (2536/4055)
16:39:37   ▶ /_astro/shutterstock_616331219-1.HXDecGlT_Z1IQK6k.avif (reused cache entry) (+20ms) (2537/4055)
16:39:37   ▶ /_astro/shutterstock_647794081-1.eE60eqpH_BLkQx.avif (reused cache entry) (+18ms) (2538/4055)
16:39:37   ▶ /_astro/shutterstock_371279323-1.D8DOBlY0_OCIWI.avif (reused cache entry) (+23ms) (2539/4055)
16:39:37   ▶ /_astro/shutterstock_1823263868-1.C1txzfAj_ZVXwzy.jpg (reused cache entry) (+22ms) (2540/4055)
16:39:37   ▶ /_astro/shutterstock_554660845-1.Dy78ttkq_2aLuXX.avif (reused cache entry) (+16ms) (2541/4055)
16:39:37   ▶ /_astro/shutterstock_1687009768-1.DHO_bc2K_Z2mSoEa.avif (reused cache entry) (+16ms) (2542/4055)
16:39:37   ▶ /_astro/h-shaw-5LcgjahE0vo-unsplash-1-scaled-1.D8DqMUQu_Z2y1xf.avif (reused cache entry) (+18ms) (2543/4055)
16:39:37   ▶ /_astro/shutterstock_358283384-1.B8D6BDNx_Z1MNQBL.jpg (reused cache entry) (+10ms) (2544/4055)
16:39:37   ▶ /_astro/shutterstock_1093014014-1.CzaEaEqQ_fXfuc.avif (reused cache entry) (+10ms) (2545/4055)
16:39:37   ▶ /_astro/shutterstock_773757976-1._g8vYskO_Z1krQxJ.avif (reused cache entry) (+10ms) (2546/4055)
16:39:37   ▶ /_astro/shutterstock_142808959-1.zVV_eZNG_1nJFOm.jpg (reused cache entry) (+11ms) (2547/4055)
16:39:37   ▶ /_astro/shutterstock_1054704908-1.s-rBAGns_Z2rrq3z.jpg (reused cache entry) (+13ms) (2548/4055)
16:39:37   ▶ /_astro/shutterstock_616331219-1.HXDecGlT_fy60y.avif (reused cache entry) (+11ms) (2549/4055)
16:39:37   ▶ /_astro/shutterstock_647794081-1.eE60eqpH_Z5hdSH.avif (reused cache entry) (+9ms) (2550/4055)
16:39:37   ▶ /_astro/shutterstock_371279323-1.D8DOBlY0_13Hacm.avif (reused cache entry) (+9ms) (2551/4055)
16:39:37   ▶ /_astro/shutterstock_1687009768-1.DHO_bc2K_ZQfHLe.avif (reused cache entry) (+9ms) (2552/4055)
16:39:37   ▶ /_astro/shutterstock_1538855762-1.CgTG81hS_Z1zjX8w.avif (reused cache entry) (+11ms) (2553/4055)
16:39:37   ▶ /_astro/shutterstock_1093014014-1.CzaEaEqQ_Z1wgT4d.avif (reused cache entry) (+9ms) (2554/4055)
16:39:37   ▶ /_astro/h-shaw-5LcgjahE0vo-unsplash-1-scaled-1.D8DqMUQu_ZKyeDo.avif (reused cache entry) (+12ms) (2555/4055)
16:39:37   ▶ /_astro/shutterstock_554660845-1.Dy78ttkq_2oPVdB.avif (reused cache entry) (+14ms) (2556/4055)
16:39:37   ▶ /_astro/shutterstock_358283384-1.B8D6BDNx_ZfJz2j.jpg (reused cache entry) (+13ms) (2557/4055)
16:39:37   ▶ /_astro/shutterstock_773757976-1._g8vYskO_Z16nqj6.avif (reused cache entry) (+11ms) (2558/4055)
16:39:37   ▶ /_astro/shutterstock_142808959-1.zVV_eZNG_Z1H1ARG.jpg (reused cache entry) (+13ms) (2559/4055)
16:39:37   ▶ /_astro/shutterstock_616331219-1.HXDecGlT_tCwfc.avif (reused cache entry) (+11ms) (2560/4055)
16:39:37   ▶ /_astro/shutterstock_647794081-1.eE60eqpH_1rM3FK.avif (reused cache entry) (+12ms) (2561/4055)
16:39:37   ▶ /_astro/shutterstock_1054704908-1.s-rBAGns_Z2oVB8N.jpg (reused cache entry) (+14ms) (2562/4055)
16:39:37   ▶ /_astro/shutterstock_1687009768-1.DHO_bc2K_ZPprOw.avif (reused cache entry) (+12ms) (2563/4055)
16:39:37   ▶ /_astro/shutterstock_1538855762-1.CgTG81hS_AAUTq.avif (reused cache entry) (+12ms) (2564/4055)
16:39:37   ▶ /_astro/shutterstock_1093014014-1.CzaEaEqQ_ZDdbh.avif (reused cache entry) (+9ms) (2565/4055)
16:39:37   ▶ /_astro/shutterstock_371279323-1.D8DOBlY0_ZVfXX.jpg (reused cache entry) (+16ms) (2566/4055)
16:39:37   ▶ /_astro/shutterstock_554660845-1.Dy78ttkq_16rg7i.jpg (reused cache entry) (+10ms) (2567/4055)
16:39:37   ▶ /_astro/shutterstock_675761230-1.DHCNz0qN_ukGeO.avif (reused cache entry) (+10ms) (2568/4055)
16:39:37   ▶ /_astro/shutterstock_773757976-1._g8vYskO_Z2oM6pp.jpg (reused cache entry) (+10ms) (2569/4055)
16:39:37   ▶ /_astro/h-shaw-5LcgjahE0vo-unsplash-1-scaled-1.D8DqMUQu_16Hh0k.jpg (reused cache entry) (+13ms) (2570/4055)
16:39:37   ▶ /_astro/shutterstock_142808959-1.zVV_eZNG_Z1sWaD3.jpg (reused cache entry) (+10ms) (2571/4055)
16:39:37   ▶ /_astro/shutterstock_616331219-1.HXDecGlT_ZNL8Q7.jpg (reused cache entry) (+10ms) (2572/4055)
16:39:37   ▶ /_astro/shutterstock_647794081-1.eE60eqpH_Z1a2RKG.jpg (reused cache entry) (+10ms) (2573/4055)
16:39:37   ▶ /_astro/shutterstock_1054704908-1.s-rBAGns_Z1QrKIG.avif (reused cache entry) (+10ms) (2574/4055)
16:39:37   ▶ /_astro/shutterstock_1538855762-1.CgTG81hS_ZJbG7s.avif (reused cache entry) (+9ms) (2575/4055)
16:39:37   ▶ /_astro/shutterstock_1687009768-1.DHO_bc2K_ZFOs8q.jpg (reused cache entry) (+9ms) (2576/4055)
16:39:37   ▶ /_astro/shutterstock_1093014014-1.CzaEaEqQ_c2Kq.avif (reused cache entry) (+9ms) (2577/4055)
16:39:37   ▶ /_astro/shutterstock_554660845-1.Dy78ttkq_BaivO.jpg (reused cache entry) (+7ms) (2578/4055)
16:39:37   ▶ /_astro/shutterstock_371279323-1.D8DOBlY0_ZIXsuq.jpg (reused cache entry) (+9ms) (2579/4055)
16:39:37   ▶ /_astro/shutterstock_675761230-1.DHCNz0qN_3IDl.avif (reused cache entry) (+8ms) (2580/4055)
16:39:37   ▶ /_astro/shutterstock_773757976-1._g8vYskO_2b84N3.jpg (reused cache entry) (+8ms) (2581/4055)
16:39:37   ▶ /_astro/shutterstock_142808959-1.zVV_eZNG_13KDxY.avif (reused cache entry) (+7ms) (2582/4055)
16:39:37   ▶ /_astro/h-shaw-5LcgjahE0vo-unsplash-1-scaled-1.D8DqMUQu_1fBW1.jpg (reused cache entry) (+8ms) (2583/4055)
16:39:37   ▶ /_astro/shutterstock_647794081-1.eE60eqpH_12zYvh.jpg (reused cache entry) (+7ms) (2584/4055)
16:39:37   ▶ /_astro/shutterstock_1054704908-1.s-rBAGns_wCvej.avif (reused cache entry) (+7ms) (2585/4055)
16:39:37   ▶ /_astro/shutterstock_616331219-1.HXDecGlT_Z1j36rA.jpg (reused cache entry) (+8ms) (2586/4055)
16:39:37   ▶ /_astro/shutterstock_1538855762-1.CgTG81hS_ZGFRcG.avif (reused cache entry) (+9ms) (2587/4055)
16:39:37   ▶ /_astro/shutterstock_1687009768-1.DHO_bc2K_yVrSP.jpg (reused cache entry) (+9ms) (2588/4055)
16:39:37   ▶ /_astro/shutterstock_1093014014-1.CzaEaEqQ_7em2n.jpg (reused cache entry) (+8ms) (2589/4055)
16:39:37   ▶ /_astro/shutterstock_554660845-1.Dy78ttkq_Z2tAYbe.jpg (reused cache entry) (+9ms) (2590/4055)
16:39:37   ▶ /_astro/shutterstock_142808959-1.zVV_eZNG_rVEJ9.avif (reused cache entry) (+6ms) (2591/4055)
16:39:37   ▶ /_astro/shutterstock_675761230-1.DHCNz0qN_1YtzKe.avif (reused cache entry) (+8ms) (2592/4055)
16:39:37   ▶ /_astro/shutterstock_371279323-1.D8DOBlY0_1frnBs.jpg (reused cache entry) (+9ms) (2593/4055)
16:39:37   ▶ /_astro/shutterstock_1054704908-1.s-rBAGns_23gc7f.avif (reused cache entry) (+8ms) (2594/4055)
16:39:37   ▶ /_astro/shutterstock_773757976-1._g8vYskO_ZTDcT0.jpg (reused cache entry) (+11ms) (2595/4055)
16:39:37   ▶ /_astro/shutterstock_647794081-1.eE60eqpH_kwpK2.jpg (reused cache entry) (+9ms) (2596/4055)
16:39:37   ▶ /_astro/h-shaw-5LcgjahE0vo-unsplash-1-scaled-1.D8DqMUQu_Z2sHUCc.jpg (reused cache entry) (+10ms) (2597/4055)
16:39:37   ▶ /_astro/shutterstock_616331219-1.HXDecGlT_FmJEi.jpg (reused cache entry) (+9ms) (2598/4055)
16:39:37   ▶ /_astro/shutterstock_1687009768-1.DHO_bc2K_25z8LL.jpg (reused cache entry) (+8ms) (2599/4055)
16:39:37   ▶ /_astro/shutterstock_1538855762-1.CgTG81hS_1muSpt.jpg (reused cache entry) (+9ms) (2600/4055)
16:39:37   ▶ /_astro/shutterstock_142808959-1.zVV_eZNG_Zf6T16.avif (reused cache entry) (+7ms) (2601/4055)
16:39:37   ▶ /_astro/shutterstock_1093014014-1.CzaEaEqQ_1pxWtM.jpg (reused cache entry) (+8ms) (2602/4055)
16:39:37   ▶ /_astro/shutterstock_675761230-1.DHCNz0qN_2dy0YR.avif (reused cache entry) (+8ms) (2603/4055)
16:39:37   ▶ /_astro/shutterstock_554660845-1.Dy78ttkq_Z2fwxVA.jpg (reused cache entry) (+9ms) (2604/4055)
16:39:37   ▶ /_astro/shutterstock_1054704908-1.s-rBAGns_246s3W.avif (reused cache entry) (+5ms) (2605/4055)
16:39:37   ▶ /_astro/shutterstock_371279323-1.D8DOBlY0_1tvNQ6.jpg (reused cache entry) (+9ms) (2606/4055)
16:39:37   ▶ /_astro/shutterstock_773757976-1._g8vYskO_ZFyLEm.jpg (reused cache entry) (+7ms) (2607/4055)
16:39:37   ▶ /_astro/shutterstock_647794081-1.eE60eqpH_1RAHku.jpg (reused cache entry) (+8ms) (2608/4055)
16:39:37   ▶ /_astro/h-shaw-5LcgjahE0vo-unsplash-1-scaled-1.D8DqMUQu_ZO1E33.jpg (reused cache entry) (+9ms) (2609/4055)
16:39:37   ▶ /_astro/shutterstock_616331219-1.HXDecGlT_TraSV.jpg (reused cache entry) (+9ms) (2610/4055)
16:39:37   ▶ /_astro/shutterstock_142808959-1.zVV_eZNG_1hWnym.avif (reused cache entry) (+9ms) (2611/4055)
16:39:37   ▶ /_astro/shutterstock_1538855762-1.CgTG81hS_Z1wKllv.jpg (reused cache entry) (+10ms) (2612/4055)
16:39:37   ▶ /_astro/shutterstock_1687009768-1.DHO_bc2K_26poIt.jpg (reused cache entry) (+10ms) (2613/4055)
16:39:37   ▶ /_astro/shutterstock_1093014014-1.CzaEaEqQ_Z290urd.jpg (reused cache entry) (+11ms) (2614/4055)
16:39:37   ▶ /_astro/shutterstock_675761230-1.DHCNz0qN_U9kSy.jpg (reused cache entry) (+11ms) (2615/4055)
16:39:37   ▶ /_astro/shutterstock_554660845-1.Dy78ttkq_2iLwdS.avif (reused cache entry) (+11ms) (2616/4055)
16:39:37   ▶ /_astro/shutterstock_1054704908-1.s-rBAGns_Z20bEbv.jpg (reused cache entry) (+11ms) (2617/4055)
16:39:37   ▶ /_astro/shutterstock_371279323-1.D8DOBlY0_1eTM8J.avif (reused cache entry) (+11ms) (2618/4055)
16:39:37   ▶ /_astro/shutterstock_48422968-1.DRjZl7uk_1wpOUv.avif (reused cache entry) (+10ms) (2619/4055)
16:39:37   ▶ /_astro/shutterstock_616331219-1.HXDecGlT_Z1jPyWx.avif (reused cache entry) (+7ms) (2620/4055)
16:39:37   ▶ /_astro/shutterstock_773757976-1._g8vYskO_dE6ME.avif (reused cache entry) (+13ms) (2621/4055)
16:39:37   ▶ /_astro/h-shaw-5LcgjahE0vo-unsplash-1-scaled-1.D8DqMUQu_1VwE1V.jpg (reused cache entry) (+11ms) (2622/4055)
16:39:37   ▶ /_astro/shutterstock_142808959-1.zVV_eZNG_Z14ACGW.jpg (reused cache entry) (+9ms) (2623/4055)
16:39:37   ▶ /_astro/shutterstock_345988874-1.CATBjg0b_Zbeujc.avif (reused cache entry) (+9ms) (2624/4055)
16:39:37   ▶ /_astro/shutterstock_1538855762-1.CgTG81hS_2cDaqx.jpg (reused cache entry) (+9ms) (2625/4055)
16:39:37   ▶ /_astro/shutterstock_1093014014-1.CzaEaEqQ_Z28aeuv.jpg (reused cache entry) (+8ms) (2626/4055)
16:39:37   ▶ /_astro/shutterstock_675761230-1.DHCNz0qN_pRni5.jpg (reused cache entry) (+8ms) (2627/4055)
16:39:37   ▶ /_astro/shutterstock_554660845-1.Dy78ttkq_ZjCHyo.avif (reused cache entry) (+8ms) (2628/4055)
16:39:37   ▶ /_astro/shutterstock_48422968-1.DRjZl7uk_16S6E3.avif (reused cache entry) (+11ms) (2629/4055)
16:39:37   ▶ /_astro/shutterstock_371279323-1.D8DOBlY0_Z1ELtzD.avif (reused cache entry) (+13ms) (2630/4055)
16:39:37   ▶ /_astro/shutterstock_616331219-1.HXDecGlT_Z2eQ7wN.avif (reused cache entry) (+11ms) (2631/4055)
16:39:37   ▶ /_astro/shutterstock_1054704908-1.s-rBAGns_Z1AIL1C.jpg (reused cache entry) (+14ms) (2632/4055)
16:39:37   ▶ /_astro/shutterstock_773757976-1._g8vYskO_1fk3HP.avif (reused cache entry) (+11ms) (2633/4055)
16:39:37   ▶ /_astro/shutterstock_142808959-1.zVV_eZNG_RKjnS.jpg (reused cache entry) (+15ms) (2634/4055)
16:39:37   ▶ /_astro/shutterstock_345988874-1.CATBjg0b_ZFvrTF.avif (reused cache entry) (+16ms) (2635/4055)
16:39:37   ▶ /_astro/h-shaw-5LcgjahE0vo-unsplash-1-scaled-1.D8DqMUQu_1dwqUM.jpg (reused cache entry) (+18ms) (2636/4055)
16:39:37   ▶ /_astro/shutterstock_1538855762-1.CgTG81hS_2f8Ylj.jpg (reused cache entry) (+17ms) (2637/4055)
16:39:37   ▶ /_astro/shutterstock_554660845-1.Dy78ttkq_Z11GhjD.avif (reused cache entry) (+18ms) (2638/4055)
16:39:37   ▶ /_astro/shutterstock_675761230-1.DHCNz0qN_2pieoX.jpg (reused cache entry) (+19ms) (2639/4055)
16:39:37   ▶ /_astro/shutterstock_1514580746-1.BQFTu26H_Z1pfyGz.avif (reused cache entry) (+20ms) (2640/4055)
16:39:37   ▶ /_astro/shutterstock_48422968-1.DRjZl7uk_fJMFP.avif (reused cache entry) (+14ms) (2641/4055)
16:39:37   ▶ /_astro/shutterstock_371279323-1.D8DOBlY0_Z2mP3kS.avif (reused cache entry) (+13ms) (2642/4055)
16:39:37   ▶ /_astro/shutterstock_616331219-1.HXDecGlT_28hrvS.avif (reused cache entry) (+14ms) (2643/4055)
16:39:37   ▶ /_astro/shutterstock_773757976-1._g8vYskO_xgtWA.avif (reused cache entry) (+13ms) (2644/4055)
16:39:37   ▶ /_astro/shutterstock_1054704908-1.s-rBAGns_Z5658G.jpg (reused cache entry) (+15ms) (2645/4055)
16:39:37   ▶ /_astro/shutterstock_142808959-1.zVV_eZNG_aGJCD.jpg (reused cache entry) (+10ms) (2646/4055)
16:39:37   ▶ /_astro/shutterstock_1538855762-1.CgTG81hS_7NIDH.avif (reused cache entry) (+7ms) (2647/4055)
16:39:37   ▶ /_astro/shutterstock_345988874-1.CATBjg0b_1iTocd.avif (reused cache entry) (+9ms) (2648/4055)
16:39:37   ▶ /_astro/shutterstock_1527451409-1.CGzpnWsk_15qCYe.avif (reused cache entry) (+10ms) (2649/4055)
16:39:37   ▶ /_astro/shutterstock_554660845-1.Dy78ttkq_vn0fO.avif (reused cache entry) (+7ms) (2650/4055)
16:39:37   ▶ /_astro/shutterstock_1514580746-1.BQFTu26H_KFkln.avif (reused cache entry) (+7ms) (2651/4055)
16:39:37   ▶ /_astro/shutterstock_675761230-1.DHCNz0qN_Z2qOtak.jpg (reused cache entry) (+9ms) (2652/4055)
16:39:37   ▶ /_astro/shutterstock_48422968-1.DRjZl7uk_Z1sRHnd.avif (reused cache entry) (+9ms) (2653/4055)
16:39:37   ▶ /_astro/shutterstock_616331219-1.HXDecGlT_Z1oPoHA.avif (reused cache entry) (+9ms) (2654/4055)
16:39:37   ▶ /_astro/shutterstock_371279323-1.D8DOBlY0_ZOKKKq.avif (reused cache entry) (+10ms) (2655/4055)
16:39:37   ▶ /_astro/shutterstock_773757976-1._g8vYskO_25kLx3.avif (reused cache entry) (+10ms) (2656/4055)
16:39:37   ▶ /_astro/shutterstock_142808959-1.zVV_eZNG_1HL2d6.jpg (reused cache entry) (+9ms) (2657/4055)
16:39:37   ▶ /_astro/shutterstock_1054704908-1.s-rBAGns_Z4fObY.jpg (reused cache entry) (+10ms) (2658/4055)
16:39:37   ▶ /_astro/shutterstock_1538855762-1.CgTG81hS_6vWTu.avif (reused cache entry) (+10ms) (2659/4055)
16:39:37   ▶ /_astro/shutterstock_345988874-1.CATBjg0b_1wXOqQ.avif (reused cache entry) (+10ms) (2660/4055)
16:39:37   ▶ /_astro/shutterstock_1527451409-1.CGzpnWsk_Z1NOALK.avif (reused cache entry) (+10ms) (2661/4055)
16:39:37   ▶ /_astro/shutterstock_1514580746-1.BQFTu26H_Zz7hFv.avif (reused cache entry) (+8ms) (2662/4055)
16:39:37   ▶ /_astro/shutterstock_675761230-1.DHCNz0qN_1DR63W.avif (reused cache entry) (+8ms) (2663/4055)
16:39:37   ▶ /_astro/shutterstock_554660845-1.Dy78ttkq_apeWW.jpg (reused cache entry) (+12ms) (2664/4055)
16:39:37   ▶ /_astro/shutterstock_48422968-1.DRjZl7uk_ZzOsej.jpg (reused cache entry) (+10ms) (2665/4055)
16:39:37   ▶ /_astro/shutterstock_616331219-1.HXDecGlT_1BYhAs.jpg (reused cache entry) (+10ms) (2666/4055)
16:39:37   ▶ /_astro/shutterstock_773757976-1._g8vYskO_Z1THash.jpg (reused cache entry) (+10ms) (2667/4055)
16:39:37   ▶ /_astro/shutterstock_371279323-1.D8DOBlY0_ZSru7c.jpg (reused cache entry) (+12ms) (2668/4055)
16:39:37   ▶ /_astro/tonsil-stones-causes-symptoms.BI4qHAt7_1Y6XmP.avif (reused cache entry) (+10ms) (2669/4055)
16:39:37   ▶ /_astro/shutterstock_1538855762-1.CgTG81hS_1C9DMq.avif (reused cache entry) (+10ms) (2670/4055)
16:39:37   ▶ /_astro/107504097_603403186973724_2262707603960157141_o.CjIsXvzp_yBYTM.avif (reused cache entry) (+12ms) (2671/4055)
16:39:37   ▶ /_astro/shutterstock_345988874-1.CATBjg0b_ez9kx.jpg (reused cache entry) (+10ms) (2672/4055)
16:39:37   ▶ /_astro/shutterstock_1527451409-1.CGzpnWsk_1UyU0i.avif (reused cache entry) (+10ms) (2673/4055)
16:39:37   ▶ /_astro/shutterstock_675761230-1.DHCNz0qN_ZuUCM8.avif (reused cache entry) (+9ms) (2674/4055)
16:39:37   ▶ /_astro/shutterstock_554660845-1.Dy78ttkq_6aV5l.jpg (reused cache entry) (+9ms) (2675/4055)
16:39:37   ▶ /_astro/shutterstock_1514580746-1.BQFTu26H_ZwBsKJ.avif (reused cache entry) (+12ms) (2676/4055)
16:39:37   ▶ /_astro/shutterstock_616331219-1.HXDecGlT_Z1O2sS4.jpg (reused cache entry) (+8ms) (2677/4055)
16:39:37   ▶ /_astro/shutterstock_48422968-1.DRjZl7uk_Z10mbuL.jpg (reused cache entry) (+10ms) (2678/4055)
16:39:37   ▶ /_astro/shutterstock_773757976-1._g8vYskO_1F8Hmz.jpg (reused cache entry) (+10ms) (2679/4055)
16:39:37   ▶ /_astro/shutterstock_371279323-1.D8DOBlY0_Z1eWOUT.jpg (reused cache entry) (+11ms) (2680/4055)
16:39:37   ▶ /_astro/tonsil-stones-causes-symptoms.BI4qHAt7_ZHgT2x.avif (reused cache entry) (+12ms) (2681/4055)
16:39:37   ▶ /_astro/shutterstock_1538855762-1.CgTG81hS_1CYTJ8.avif (reused cache entry) (+12ms) (2682/4055)
16:39:37   ▶ /_astro/107504097_603403186973724_2262707603960157141_o.CjIsXvzp_gUicX.avif (reused cache entry) (+13ms) (2683/4055)
16:39:37   ▶ /_astro/shutterstock_345988874-1.CATBjg0b_ZfGNfV.jpg (reused cache entry) (+13ms) (2684/4055)
16:39:37   ▶ /_astro/shutterstock_675761230-1.DHCNz0qN_Z1cYcxn.avif (reused cache entry) (+11ms) (2685/4055)
16:39:37   ▶ /_astro/shutterstock_1527451409-1.CGzpnWsk_1X4IU4.avif (reused cache entry) (+13ms) (2686/4055)
16:39:37   ▶ /_astro/shutterstock_554660845-1.Dy78ttkq_ZARCET.jpg (reused cache entry) (+12ms) (2687/4055)
16:39:37   ▶ /_astro/shutterstock_616331219-1.HXDecGlT_Z2w62Dj.jpg (reused cache entry) (+12ms) (2688/4055)
16:39:37   ▶ /_astro/shutterstock_48422968-1.DRjZl7uk_Z1QuusY.jpg (reused cache entry) (+11ms) (2689/4055)
16:39:37   ▶ /_astro/shutterstock_1514580746-1.BQFTu26H_1wzhQq.jpg (reused cache entry) (+14ms) (2690/4055)
16:39:37   ▶ /_astro/shutterstock_773757976-1._g8vYskO_X58Bk.jpg (reused cache entry) (+10ms) (2691/4055)
16:39:37   ▶ /_astro/shutterstock_371279323-1.D8DOBlY0_Z1W1oG9.jpg (reused cache entry) (+9ms) (2692/4055)
16:39:37   ▶ /_astro/tonsil-stones-causes-symptoms.BI4qHAt7_Z1tp8lT.avif (reused cache entry) (+8ms) (2693/4055)
16:39:37   ▶ /_astro/107504097_603403186973724_2262707603960157141_o.CjIsXvzp_Z1r5kiO.avif (reused cache entry) (+8ms) (2694/4055)
16:39:37   ▶ /_astro/shutterstock_1538855762-1.CgTG81hS_ZU9N7.jpg (reused cache entry) (+9ms) (2695/4055)
16:39:37   ▶ /_astro/shutterstock_345988874-1.CATBjg0b_1II2PW.jpg (reused cache entry) (+8ms) (2696/4055)
16:39:37   ▶ /_astro/shutterstock_675761230-1.DHCNz0qN_k5525.avif (reused cache entry) (+8ms) (2697/4055)
16:39:37   ▶ /_astro/shutterstock_554660845-1.Dy78ttkq_VbDTy.jpg (reused cache entry) (+6ms) (2698/4055)
16:39:37   ▶ /_astro/shutterstock_1527451409-1.CGzpnWsk_Z12UDgH.jpg (reused cache entry) (+8ms) (2699/4055)
16:39:37   ▶ /_astro/shutterstock_616331219-1.HXDecGlT_ZY1K3Q.jpg (reused cache entry) (+7ms) (2700/4055)
16:39:37   ▶ /_astro/shutterstock_48422968-1.DRjZl7uk_1u48gT.jpg (reused cache entry) (+7ms) (2701/4055)
16:39:37   ▶ /_astro/shutterstock_1514580746-1.BQFTu26H_Z1mFVTy.jpg (reused cache entry) (+6ms) (2702/4055)
16:39:37   ▶ /_astro/shutterstock_773757976-1._g8vYskO_2v9qbM.jpg (reused cache entry) (+6ms) (2703/4055)
16:39:37   ▶ /_astro/shutterstock_371279323-1.D8DOBlY0_ZoW76G.jpg (reused cache entry) (+6ms) (2704/4055)
16:39:37   ▶ /_astro/107504097_603403186973724_2262707603960157141_o.CjIsXvzp_Z20kwao.avif (reused cache entry) (+5ms) (2705/4055)
16:39:37   ▶ /_astro/tonsil-stones-causes-symptoms.BI4qHAt7_1EeXcm.jpg (reused cache entry) (+6ms) (2706/4055)
16:39:37   ▶ /_astro/shutterstock_1538855762-1.CgTG81hS_Z21Pjlr.jpg (reused cache entry) (+6ms) (2707/4055)
16:39:37   ▶ /_astro/shutterstock_675761230-1.DHCNz0qN_ZtubbY.jpg (reused cache entry) (+5ms) (2708/4055)
16:39:37   ▶ /_astro/shutterstock_345988874-1.CATBjg0b_1WMt5A.jpg (reused cache entry) (+7ms) (2709/4055)
16:39:37   ▶ /_astro/shutterstock_1527451409-1.CGzpnWsk_180fLf.jpg (reused cache entry) (+6ms) (2710/4055)
16:39:37   ▶ /_astro/shutterstock_1676006977-1-768x512-1.BtyAS2MQ_Zlbbc0.avif (reused cache entry) (+6ms) (2711/4055)
16:39:37   ▶ /_astro/can-teeth-whitening-damage-gums.B5Ny0oOc_Z2nYJyQ.avif (reused cache entry) (+7ms) (2712/4055)
16:39:37   ▶ /_astro/shutterstock_48422968-1.DRjZl7uk_ZsqOnQ.avif (reused cache entry) (+7ms) (2713/4055)
16:39:37   ▶ /_astro/burning-mouth-syndrome-symptoms-.ZtL34cRG_Z6QDhF.avif (reused cache entry) (+6ms) (2714/4055)
16:39:37   ▶ /_astro/shutterstock_1514580746-1.BQFTu26H_2mHyRu.jpg (reused cache entry) (+7ms) (2715/4055)
16:39:37   ▶ /_astro/why-you-bite-your-cheek-.BoZUxtMV_1F8yKn.avif (reused cache entry) (+6ms) (2716/4055)
16:39:37   ▶ /_astro/tonsil-stones-causes-symptoms.BI4qHAt7_Z128Td1.jpg (reused cache entry) (+6ms) (2717/4055)
16:39:37   ▶ /_astro/shutterstock_1538855762-1.CgTG81hS_ZvcCsv.jpg (reused cache entry) (+6ms) (2718/4055)
16:39:37   ▶ /_astro/107504097_603403186973724_2262707603960157141_o.CjIsXvzp_1yp4fQ.jpg (reused cache entry) (+8ms) (2719/4055)
16:39:37   ▶ /_astro/shutterstock_675761230-1.DHCNz0qN_Z56Y8o.jpg (reused cache entry) (+6ms) (2720/4055)
16:39:37   ▶ /_astro/shutterstock_345988874-1.CATBjg0b_QLN3b.avif (reused cache entry) (+6ms) (2721/4055)
16:39:37   ▶ /_astro/can-teeth-whitening-damage-gums.B5Ny0oOc_qOIbw.avif (reused cache entry) (+5ms) (2722/4055)
16:39:37   ▶ /_astro/shutterstock_48422968-1.DRjZl7uk_ZnaoaI.avif (reused cache entry) (+5ms) (2723/4055)
16:39:37   ▶ /_astro/shutterstock_1676006977-1-768x512-1.BtyAS2MQ_1OG1Wp.avif (reused cache entry) (+6ms) (2724/4055)
16:39:37   ▶ /_astro/shutterstock_1527451409-1.CGzpnWsk_ZcMmfD.jpg (reused cache entry) (+7ms) (2725/4055)
16:39:37   ▶ /_astro/burning-mouth-syndrome-symptoms-.ZtL34cRG_248rl6.avif (reused cache entry) (+6ms) (2726/4055)
16:39:37   ▶ /_astro/why-you-bite-your-cheek-.BoZUxtMV_KPYP3.avif (reused cache entry) (+6ms) (2727/4055)
16:39:37   ▶ /_astro/tonsil-stones-causes-symptoms.BI4qHAt7_Z1Nh8wn.jpg (reused cache entry) (+5ms) (2728/4055)
16:39:37   ▶ /_astro/shutterstock_1514580746-1.BQFTu26H_2pdnMg.jpg (reused cache entry) (+7ms) (2729/4055)
16:39:37   ▶ /_astro/shutterstock_1538855762-1.CgTG81hS_ZummvN.jpg (reused cache entry) (+6ms) (2730/4055)
16:39:37   ▶ /_astro/shutterstock_345988874-1.CATBjg0b_Z1buOl9.avif (reused cache entry) (+6ms) (2731/4055)
16:39:37   ▶ /_astro/107504097_603403186973724_2262707603960157141_o.CjIsXvzp_1gHmy2.jpg (reused cache entry) (+7ms) (2732/4055)
16:39:37   ▶ /_astro/shutterstock_675761230-1.DHCNz0qN_ZMaxSD.jpg (reused cache entry) (+7ms) (2733/4055)
16:39:37   ▶ /_astro/shutterstock_48422968-1.DRjZl7uk_27vQv3.avif (reused cache entry) (+5ms) (2734/4055)
16:39:37   ▶ /_astro/can-teeth-whitening-damage-gums.B5Ny0oOc_1BfeHP.avif (reused cache entry) (+6ms) (2735/4055)
16:39:37   ▶ /_astro/shutterstock_1676006977-1-768x512-1.BtyAS2MQ_1ISuiA.avif (reused cache entry) (+7ms) (2736/4055)
16:39:37   ▶ /_astro/burning-mouth-syndrome-symptoms-.ZtL34cRG_Ja5k6.avif (reused cache entry) (+6ms) (2737/4055)
16:39:37   ▶ /_astro/why-you-bite-your-cheek-.BoZUxtMV_Z5hj8a.avif (reused cache entry) (+6ms) (2738/4055)
16:39:37   ▶ /_astro/shutterstock_1514580746-1.BQFTu26H_9Q0wf.avif (reused cache entry) (+6ms) (2739/4055)
16:39:37   ▶ /_astro/tonsil-stones-causes-symptoms.BI4qHAt7_YNoDn.avif (reused cache entry) (+7ms) (2740/4055)
16:39:37   ▶ /_astro/shutterstock_1527451409-1.CGzpnWsk_ZahxkR.jpg (reused cache entry) (+9ms) (2741/4055)
16:39:37   ▶ /_astro/straighten-your-teeth-with-clear-aligners.sU8wwlYU_Z2jQ7Fr.avif (reused cache entry) (+6ms) (2742/4055)
16:39:37   ▶ /_astro/shutterstock_345988874-1.CATBjg0b_Z1Syo6o.avif (reused cache entry) (+6ms) (2743/4055)
16:39:37   ▶ /_astro/shutterstock_48422968-1.DRjZl7uk_6rXVT.avif (reused cache entry) (+6ms) (2744/4055)
16:39:37   ▶ /_astro/shutterstock_675761230-1.DHCNz0qN_JSIFO.jpg (reused cache entry) (+7ms) (2745/4055)
16:39:37   ▶ /_astro/107504097_603403186973724_2262707603960157141_o.CjIsXvzp_ZrifWK.jpg (reused cache entry) (+8ms) (2746/4055)
16:39:37   ▶ /_astro/can-teeth-whitening-damage-gums.B5Ny0oOc_Z7EtPM.jpg (reused cache entry) (+7ms) (2747/4055)
16:39:37   ▶ /_astro/shutterstock_1676006977-1-768x512-1.BtyAS2MQ_Z29bP0h.jpg (reused cache entry) (+6ms) (2748/4055)
16:39:37   ▶ /_astro/burning-mouth-syndrome-symptoms-.ZtL34cRG_Z10lFlI.jpg (reused cache entry) (+7ms) (2749/4055)
16:39:37   ▶ /_astro/shutterstock_1514580746-1.BQFTu26H_gAmlr.avif (reused cache entry) (+6ms) (2750/4055)
16:39:37   ▶ /_astro/tonsil-stones-causes-symptoms.BI4qHAt7_ZxWX5t.avif (reused cache entry) (+6ms) (2751/4055)
16:39:37   ▶ /_astro/why-you-bite-your-cheek-.BoZUxtMV_Zr6Ior.jpg (reused cache entry) (+8ms) (2752/4055)
16:39:37   ▶ /_astro/shutterstock_1527451409-1.CGzpnWsk_1tjhu8.avif (reused cache entry) (+6ms) (2753/4055)
16:39:37   ▶ /_astro/shutterstock_345988874-1.CATBjg0b_Zlu6vV.avif (reused cache entry) (+6ms) (2754/4055)
16:39:37   ▶ /_astro/straighten-your-teeth-with-clear-aligners.sU8wwlYU_Z1Outg7.avif (reused cache entry) (+6ms) (2755/4055)
16:39:37   ▶ /_astro/shutterstock_48422968-1.DRjZl7uk_Z2CaJ7.jpg (reused cache entry) (+6ms) (2756/4055)
16:39:37   ▶ /_astro/dont-replace-a-missing-tooth.DJcneQeF_1Fctcq.avif (reused cache entry) (+5ms) (2757/4055)
16:39:37   ▶ /_astro/can-teeth-whitening-damage-gums.B5Ny0oOc_Z2n29Tl.jpg (reused cache entry) (+6ms) (2758/4055)
16:39:37   ▶ /_astro/shutterstock_1676006977-1-768x512-1.BtyAS2MQ_1Fn98.jpg (reused cache entry) (+6ms) (2759/4055)
16:39:37   ▶ /_astro/burning-mouth-syndrome-symptoms-.ZtL34cRG_1aDph3.jpg (reused cache entry) (+6ms) (2760/4055)
16:39:37   ▶ /_astro/shutterstock_1514580746-1.BQFTu26H_1Me3en.avif (reused cache entry) (+6ms) (2761/4055)
16:39:37   ▶ /_astro/tonsil-stones-causes-symptoms.BI4qHAt7_ZR2iuu.avif (reused cache entry) (+6ms) (2762/4055)
16:39:37   ▶ /_astro/107504097_603403186973724_2262707603960157141_o.CjIsXvzp_Z10xrOk.jpg (reused cache entry) (+8ms) (2763/4055)
16:39:37   ▶ /_astro/why-you-bite-your-cheek-.BoZUxtMV_Z1loijL.jpg (reused cache entry) (+6ms) (2764/4055)
16:39:37   ▶ /_astro/shutterstock_1527451409-1.CGzpnWsk_Z2iTyLG.avif (reused cache entry) (+7ms) (2765/4055)
16:39:37   ▶ /_astro/straighten-your-teeth-with-clear-aligners.sU8wwlYU_Z2mJc42.avif (reused cache entry) (+7ms) (2766/4055)
16:39:37   ▶ /_astro/shutterstock_48422968-1.DRjZl7uk_Z2upGkx.jpg (reused cache entry) (+7ms) (2767/4055)
16:39:37   ▶ /_astro/shutterstock_345988874-1.CATBjg0b_Z1gztcK.jpg (reused cache entry) (+8ms) (2768/4055)
16:39:37   ▶ /_astro/dont-replace-a-missing-tooth.DJcneQeF_24JxeB.avif (reused cache entry) (+8ms) (2769/4055)
16:39:37   ▶ /_astro/can-teeth-whitening-damage-gums.B5Ny0oOc_Z1cBDn2.jpg (reused cache entry) (+8ms) (2770/4055)
16:39:37   ▶ /_astro/shutterstock_1676006977-1-768x512-1.BtyAS2MQ_Z479uG.jpg (reused cache entry) (+8ms) (2771/4055)
16:39:37   ▶ /_astro/burning-mouth-syndrome-symptoms-.ZtL34cRG_Z9jVIW.jpg (reused cache entry) (+8ms) (2772/4055)
16:39:37   ▶ /_astro/shutterstock_1514580746-1.BQFTu26H_1N4jb5.avif (reused cache entry) (+8ms) (2773/4055)
16:39:37   ▶ /_astro/tonsil-stones-causes-symptoms.BI4qHAt7_EVosT.jpg (reused cache entry) (+7ms) (2774/4055)
16:39:37   ▶ /_astro/107504097_603403186973724_2262707603960157141_o.CjIsXvzp_C9Awj.avif (reused cache entry) (+8ms) (2775/4055)
16:39:37   ▶ /_astro/shutterstock_1527451409-1.CGzpnWsk_ZMgRSK.avif (reused cache entry) (+6ms) (2776/4055)
16:39:37   ▶ /_astro/why-you-bite-your-cheek-.BoZUxtMV_Z2cwBhY.jpg (reused cache entry) (+7ms) (2777/4055)
16:39:37   ▶ /_astro/straighten-your-teeth-with-clear-aligners.sU8wwlYU_ZkKr6g.jpg (reused cache entry) (+6ms) (2778/4055)
16:39:37   ▶ /_astro/shutterstock_48422968-1.DRjZl7uk_gyle.jpg (reused cache entry) (+6ms) (2779/4055)
16:39:37   ▶ /_astro/dont-replace-a-missing-tooth.DJcneQeF_1iaVEL.avif (reused cache entry) (+5ms) (2780/4055)
16:39:37   ▶ /_astro/can-teeth-whitening-damage-gums.B5Ny0oOc_Z11e77K.avif (reused cache entry) (+5ms) (2781/4055)
16:39:37   ▶ /_astro/shutterstock_345988874-1.CATBjg0b_ZKGaGp.jpg (reused cache entry) (+7ms) (2782/4055)
16:39:37   ▶ /_astro/shutterstock_1676006977-1-768x512-1.BtyAS2MQ_tEYtH.avif (reused cache entry) (+5ms) (2783/4055)
16:39:37   ▶ /_astro/burning-mouth-syndrome-symptoms-.ZtL34cRG_Z1DuX7d.avif (reused cache entry) (+6ms) (2784/4055)
16:39:37   ▶ /_astro/107504097_603403186973724_2262707603960157141_o.CjIsXvzp_1Stw73.avif (reused cache entry) (+5ms) (2785/4055)
16:39:37   ▶ /_astro/tonsil-stones-causes-symptoms.BI4qHAt7_ZROXfW.jpg (reused cache entry) (+7ms) (2786/4055)
16:39:37   ▶ /_astro/shutterstock_1514580746-1.BQFTu26H_1774q.jpg (reused cache entry) (+8ms) (2787/4055)
16:39:37   ▶ /_astro/shutterstock_1527451409-1.CGzpnWsk_ZLqBW3.avif (reused cache entry) (+6ms) (2788/4055)
16:39:37   ▶ /_astro/why-you-bite-your-cheek-.BoZUxtMV_Z1gWull.avif (reused cache entry) (+7ms) (2789/4055)
16:39:37   ▶ /_astro/straighten-your-teeth-with-clear-aligners.sU8wwlYU_9Acj4.jpg (reused cache entry) (+6ms) (2790/4055)
16:39:37   ▶ /_astro/shutterstock_48422968-1.DRjZl7uk_Z20MjcU.jpg (reused cache entry) (+7ms) (2791/4055)
16:39:37   ▶ /_astro/can-teeth-whitening-damage-gums.B5Ny0oOc_ZlEeLy.avif (reused cache entry) (+7ms) (2792/4055)
16:39:37   ▶ /_astro/shutterstock_345988874-1.CATBjg0b_Z1sJJrE.jpg (reused cache entry) (+7ms) (2793/4055)
16:39:37   ▶ /_astro/shutterstock_1676006977-1-768x512-1.BtyAS2MQ_Z19yOcI.avif (reused cache entry) (+7ms) (2794/4055)
16:39:37   ▶ /_astro/dont-replace-a-missing-tooth.DJcneQeF_2jzVRW.jpg (reused cache entry) (+8ms) (2795/4055)
16:39:37   ▶ /_astro/burning-mouth-syndrome-symptoms-.ZtL34cRG_Z2ehVoH.avif (reused cache entry) (+6ms) (2796/4055)
16:39:37   ▶ /_astro/107504097_603403186973724_2262707603960157141_o.CjIsXvzp_2c8EqV.avif (reused cache entry) (+7ms) (2797/4055)
16:39:37   ▶ /_astro/tonsil-stones-causes-symptoms.BI4qHAt7_Z1bTiEX.jpg (reused cache entry) (+6ms) (2798/4055)
16:39:37   ▶ /_astro/shutterstock_1514580746-1.BQFTu26H_Z1QKTTu.jpg (reused cache entry) (+5ms) (2799/4055)
16:39:37   ▶ /_astro/shutterstock_1527451409-1.CGzpnWsk_1kzo2j.jpg (reused cache entry) (+5ms) (2800/4055)
16:39:37   ▶ /_astro/why-you-bite-your-cheek-.BoZUxtMV_ZIcuYI.avif (reused cache entry) (+6ms) (2801/4055)
16:39:37   ▶ /_astro/vaping-and-oral-health.D2iX6zzs_2heVL1.avif (reused cache entry) (+4ms) (2802/4055)
16:39:37   ▶ /_astro/can-teeth-whitening-damage-gums.B5Ny0oOc_j8R68.avif (reused cache entry) (+4ms) (2803/4055)
16:39:37   ▶ /_astro/straighten-your-teeth-with-clear-aligners.sU8wwlYU_ZnDvtQ.jpg (reused cache entry) (+6ms) (2804/4055)
16:39:37   ▶ /_astro/shutterstock_1676006977-1-768x512-1.BtyAS2MQ_1Ptx9S.avif (reused cache entry) (+4ms) (2805/4055)
16:39:37   ▶ /_astro/shutterstock_345988874-1.CATBjg0b_4jx7N.jpg (reused cache entry) (+5ms) (2806/4055)
16:39:37   ▶ /_astro/burning-mouth-syndrome-symptoms-.ZtL34cRG_1dvJHI.avif (reused cache entry) (+4ms) (2807/4055)
16:39:37   ▶ /_astro/dont-replace-a-missing-tooth.DJcneQeF_Z2m47SN.jpg (reused cache entry) (+5ms) (2808/4055)
16:39:37   ▶ /_astro/3-ways-to-prevent-a-poor-bite.Cq4jKxMc_VAvaS.avif (reused cache entry) (+4ms) (2809/4055)
16:39:37   ▶ /_astro/shutterstock_1514580746-1.BQFTu26H_Zl8e1y.jpg (reused cache entry) (+6ms) (2810/4055)
16:39:37   ▶ /_astro/why-you-bite-your-cheek-.BoZUxtMV_1LtJG3.avif (reused cache entry) (+5ms) (2811/4055)
16:39:37   ▶ /_astro/107504097_603403186973724_2262707603960157141_o.CjIsXvzp_1A4W3V.avif (reused cache entry) (+7ms) (2812/4055)
16:39:37   ▶ /_astro/shutterstock_1527451409-1.CGzpnWsk_CUhLj.jpg (reused cache entry) (+6ms) (2813/4055)
16:39:37   ▶ /_astro/vaping-and-oral-health.D2iX6zzs_ZQIq7v.avif (reused cache entry) (+6ms) (2814/4055)
16:39:37   ▶ /_astro/straighten-your-teeth-with-clear-aligners.sU8wwlYU_ZEiFnp.avif (reused cache entry) (+6ms) (2815/4055)
16:39:37   ▶ /_astro/can-teeth-whitening-damage-gums.B5Ny0oOc_1f68Aj.jpg (reused cache entry) (+7ms) (2816/4055)
16:39:37   ▶ /_astro/burning-mouth-syndrome-symptoms-.ZtL34cRG_2feqGv.avif (reused cache entry) (+7ms) (2817/4055)
16:39:37   ▶ /_astro/shutterstock_1676006977-1-768x512-1.BtyAS2MQ_Z1jkEjz.jpg (reused cache entry) (+8ms) (2818/4055)
16:39:37   ▶ /_astro/s-b-vonlanthen-FaiZNiofP-U-unsplash-1-768x513-1.0g7g2daq_GRo3m.avif (reused cache entry) (+8ms) (2819/4055)
16:39:37   ▶ /_astro/3-ways-to-prevent-a-poor-bite.Cq4jKxMc_Z2vFihN.avif (reused cache entry) (+7ms) (2820/4055)
16:39:37   ▶ /_astro/dont-replace-a-missing-tooth.DJcneQeF_1Vypli.jpg (reused cache entry) (+7ms) (2821/4055)
16:39:37   ▶ /_astro/shutterstock_1514580746-1.BQFTu26H_ZkhX4Q.jpg (reused cache entry) (+5ms) (2822/4055)
16:39:37   ▶ /_astro/why-you-bite-your-cheek-.BoZUxtMV_1FYliL.jpg (reused cache entry) (+6ms) (2823/4055)
16:39:37   ▶ /_astro/shutterstock_1527451409-1.CGzpnWsk_29xXEf.jpg (reused cache entry) (+5ms) (2824/4055)
16:39:37   ▶ /_astro/vaping-and-oral-health.D2iX6zzs_1TAvR2.avif (reused cache entry) (+5ms) (2825/4055)
16:39:37   ▶ /_astro/107504097_603403186973724_2262707603960157141_o.CjIsXvzp_1BVERn.jpg (reused cache entry) (+6ms) (2826/4055)
16:39:37   ▶ /_astro/straighten-your-teeth-with-clear-aligners.sU8wwlYU_Z1tfTeC.avif (reused cache entry) (+6ms) (2827/4055)
16:39:37   ▶ /_astro/can-teeth-whitening-damage-gums.B5Ny0oOc_1TF0Vv.jpg (reused cache entry) (+5ms) (2828/4055)
16:39:37   ▶ /_astro/shutterstock_1676006977-1-768x512-1.BtyAS2MQ_27BEMV.jpg (reused cache entry) (+4ms) (2829/4055)
16:39:37   ▶ /_astro/burning-mouth-syndrome-symptoms-.ZtL34cRG_Z2x00bg.jpg (reused cache entry) (+5ms) (2830/4055)
16:39:37   ▶ /_astro/dont-replace-a-missing-tooth.DJcneQeF_Z1tXYO.avif (reused cache entry) (+4ms) (2831/4055)
16:39:37   ▶ /_astro/3-ways-to-prevent-a-poor-bite.Cq4jKxMc_1MnBcL.avif (reused cache entry) (+5ms) (2832/4055)
16:39:37   ▶ /_astro/s-b-vonlanthen-FaiZNiofP-U-unsplash-1-768x513-1.0g7g2daq_Z2ikVe3.avif (reused cache entry) (+5ms) (2833/4055)
16:39:37   ▶ /_astro/Is-periodontal-disease-contagious.DwP8qmat_Z1L36Bn.avif (reused cache entry) (+5ms) (2834/4055)
16:39:37   ▶ /_astro/why-you-bite-your-cheek-.BoZUxtMV_2eJkEo.jpg (reused cache entry) (+5ms) (2835/4055)
16:39:37   ▶ /_astro/vaping-and-oral-health.D2iX6zzs_1IwXA1.jpg (reused cache entry) (+5ms) (2836/4055)
16:39:37   ▶ /_astro/straighten-your-teeth-with-clear-aligners.sU8wwlYU_C6XfB.avif (reused cache entry) (+5ms) (2837/4055)
16:39:37   ▶ /_astro/107504097_603403186973724_2262707603960157141_o.CjIsXvzp_Z2bUxlO.jpg (reused cache entry) (+7ms) (2838/4055)
16:39:37   ▶ /_astro/can-teeth-whitening-damage-gums.B5Ny0oOc_Z2uI0YJ.jpg (reused cache entry) (+6ms) (2839/4055)
16:39:37   ▶ /_astro/shutterstock_1527451409-1.CGzpnWsk_2aoeAW.jpg (reused cache entry) (+8ms) (2840/4055)
16:39:37   ▶ /_astro/shutterstock_1676006977-1-768x512-1.BtyAS2MQ_2sSlB.jpg (reused cache entry) (+7ms) (2841/4055)
16:39:38   ▶ /_astro/burning-mouth-syndrome-symptoms-.ZtL34cRG_1Wpalb.jpg (reused cache entry) (+7ms) (2842/4055)
16:39:38   ▶ /_astro/dont-replace-a-missing-tooth.DJcneQeF_160vow.avif (reused cache entry) (+6ms) (2843/4055)
16:39:38   ▶ /_astro/3-ways-to-prevent-a-poor-bite.Cq4jKxMc_BIv0p.jpg (reused cache entry) (+6ms) (2844/4055)
16:39:38   ▶ /_astro/s-b-vonlanthen-FaiZNiofP-U-unsplash-1-768x513-1.0g7g2daq_13Pz46.avif (reused cache entry) (+7ms) (2845/4055)
16:39:38   ▶ /_astro/vaping-and-oral-health.D2iX6zzs_Z1pqoiv.jpg (reused cache entry) (+6ms) (2846/4055)
16:39:38   ▶ /_astro/why-you-bite-your-cheek-.BoZUxtMV_ZkKxsL.jpg (reused cache entry) (+7ms) (2847/4055)
16:39:38   ▶ /_astro/Is-periodontal-disease-contagious.DwP8qmat_Z1YjVg0.avif (reused cache entry) (+8ms) (2848/4055)
16:39:38   ▶ /_astro/straighten-your-teeth-with-clear-aligners.sU8wwlYU_1jM0bL.jpg (reused cache entry) (+6ms) (2849/4055)
16:39:38   ▶ /_astro/tips-for-picking-the-right-toothpaste.k-YeuXiI_Kp2rP.avif (reused cache entry) (+5ms) (2850/4055)
16:39:38   ▶ /_astro/107504097_603403186973724_2262707603960157141_o.CjIsXvzp_Z1Sgp1V.jpg (reused cache entry) (+5ms) (2851/4055)
16:39:38   ▶ /_astro/why-do-my-gums-feel-itchy.D-Mkcy3e_sjsJb.avif (reused cache entry) (+6ms) (2852/4055)
16:39:38   ▶ /_astro/dont-replace-a-missing-tooth.DJcneQeF_2ipPaN.avif (reused cache entry) (+5ms) (2853/4055)
16:39:38   ▶ /_astro/burning-mouth-syndrome-symptoms-.ZtL34cRG_k1HDF.jpg (reused cache entry) (+6ms) (2854/4055)
16:39:38   ▶ /_astro/3-ways-to-prevent-a-poor-bite.Cq4jKxMc_2eDPlE.jpg (reused cache entry) (+6ms) (2855/4055)
16:39:38   ▶ /_astro/spatablet.BPfBZXyG_1oNTco.avif (reused cache entry) (+8ms) (2856/4055)
16:39:38   ▶ /_astro/vaping-and-oral-health.D2iX6zzs_1lSxG2.jpg (reused cache entry) (+7ms) (2857/4055)
16:39:38   ▶ /_astro/Brushing-your-tongue-is-important.B80BUmVY_ZOPzD6.avif (reused cache entry) (+7ms) (2858/4055)
16:39:38   ▶ /_astro/s-b-vonlanthen-FaiZNiofP-U-unsplash-1-768x513-1.0g7g2daq_1GEsoq.jpg (reused cache entry) (+8ms) (2859/4055)
16:39:38   ▶ /_astro/Is-periodontal-disease-contagious.DwP8qmat_AJMSi.avif (reused cache entry) (+7ms) (2860/4055)
16:39:38   ▶ /_astro/tips-for-picking-the-right-toothpaste.k-YeuXiI_1KAVfs.avif (reused cache entry) (+7ms) (2861/4055)
16:39:38   ▶ /_astro/straighten-your-teeth-with-clear-aligners.sU8wwlYU_uOLky.jpg (reused cache entry) (+9ms) (2862/4055)
16:39:38   ▶ /_astro/why-do-my-gums-feel-itchy.D-Mkcy3e_Z27d2Qt.avif (reused cache entry) (+9ms) (2863/4055)
16:39:38   ▶ /_astro/107504097_603403186973724_2262707603960157141_o.CjIsXvzp_Z2uk7oV.jpg (reused cache entry) (+10ms) (2864/4055)
16:39:38   ▶ /_astro/dont-replace-a-missing-tooth.DJcneQeF_BStFH.jpg (reused cache entry) (+9ms) (2865/4055)
16:39:38   ▶ /_astro/burning-mouth-syndrome-symptoms-.ZtL34cRG_1lJoCs.jpg (reused cache entry) (+8ms) (2866/4055)
16:39:38   ▶ /_astro/3-ways-to-prevent-a-poor-bite.Cq4jKxMc_1svB2i.jpg (reused cache entry) (+8ms) (2867/4055)
16:39:38   ▶ /_astro/Brushing-your-tongue-is-important.B80BUmVY_Z137phI.avif (reused cache entry) (+7ms) (2868/4055)
16:39:38   ▶ /_astro/vaping-and-oral-health.D2iX6zzs_ZxqId2.avif (reused cache entry) (+7ms) (2869/4055)
16:39:38   ▶ /_astro/spatablet.BPfBZXyG_MXi7g.avif (reused cache entry) (+9ms) (2870/4055)
16:39:38   ▶ /_astro/s-b-vonlanthen-FaiZNiofP-U-unsplash-1-768x513-1.0g7g2daq_Z1ixQRY.jpg (reused cache entry) (+7ms) (2871/4055)
16:39:38   ▶ /_astro/tips-for-picking-the-right-toothpaste.k-YeuXiI_Z1My37S.avif (reused cache entry) (+7ms) (2872/4055)
16:39:38   ▶ /_astro/why-do-my-gums-feel-itchy.D-Mkcy3e_Z7MbJA.avif (reused cache entry) (+4ms) (2873/4055)
16:39:38   ▶ /_astro/straighten-your-teeth-with-clear-aligners.sU8wwlYU_Z2sYtY9.jpg (reused cache entry) (+5ms) (2874/4055)
16:39:38   ▶ /_astro/Is-periodontal-disease-contagious.DwP8qmat_12RHeH.jpg (reused cache entry) (+8ms) (2875/4055)
16:39:38   ▶ /_astro/hao-shaw-G4SOKpR-Uoc-unsplash-1-768x512-1.CD8SYaCo_thaE9.avif (reused cache entry) (+5ms) (2876/4055)
16:39:38   ▶ /_astro/dont-replace-a-missing-tooth.DJcneQeF_1JnY53.jpg (reused cache entry) (+5ms) (2877/4055)
16:39:38   ▶ /_astro/3-ways-to-prevent-a-poor-bite.Cq4jKxMc_ZNzYAS.avif (reused cache entry) (+5ms) (2878/4055)
16:39:38   ▶ /_astro/umanoide-KeVKEs1_RDU-unsplash-1-705x529-1.jiBMsBLK_Z1awwxC.avif (reused cache entry) (+6ms) (2879/4055)
16:39:38   ▶ /_astro/Brushing-your-tongue-is-important.B80BUmVY_1wWjQz.avif (reused cache entry) (+5ms) (2880/4055)
16:39:38   ▶ /_astro/vaping-and-oral-health.D2iX6zzs_Z1J547j.avif (reused cache entry) (+5ms) (2881/4055)
16:39:38   ▶ /_astro/spatablet.BPfBZXyG_Z16pHiF.avif (reused cache entry) (+6ms) (2882/4055)
16:39:38   ▶ /_astro/tips-for-picking-the-right-toothpaste.k-YeuXiI_1H1cfE.jpg (reused cache entry) (+5ms) (2883/4055)
16:39:38   ▶ /_astro/s-b-vonlanthen-FaiZNiofP-U-unsplash-1-768x513-1.0g7g2daq_23CDpa.jpg (reused cache entry) (+6ms) (2884/4055)
16:39:38   ▶ /_astro/why-do-my-gums-feel-itchy.D-Mkcy3e_S87nU.jpg (reused cache entry) (+5ms) (2885/4055)
16:39:38   ▶ /_astro/daniel-frank-wKbWAMlHgNo-unsplash-1-scaled-1.BIJPweHJ_Z43J4I.avif (reused cache entry) (+6ms) (2886/4055)
16:39:38   ▶ /_astro/hao-shaw-G4SOKpR-Uoc-unsplash-1-768x512-1.CD8SYaCo_1II0sI.avif (reused cache entry) (+6ms) (2887/4055)
16:39:38   ▶ /_astro/dont-replace-a-missing-tooth.DJcneQeF_Z28nOWB.jpg (reused cache entry) (+6ms) (2888/4055)
16:39:38   ▶ /_astro/3-ways-to-prevent-a-poor-bite.Cq4jKxMc_Z2mmmkJ.avif (reused cache entry) (+6ms) (2889/4055)
16:39:38   ▶ /_astro/umanoide-KeVKEs1_RDU-unsplash-1-705x529-1.jiBMsBLK_ZFaS8i.avif (reused cache entry) (+5ms) (2890/4055)
16:39:38   ▶ /_astro/Is-periodontal-disease-contagious.DwP8qmat_OARA5.jpg (reused cache entry) (+8ms) (2891/4055)
16:39:38   ▶ /_astro/vaping-and-oral-health.D2iX6zzs_Z1oYBio.avif (reused cache entry) (+5ms) (2892/4055)
16:39:38   ▶ /_astro/Brushing-your-tongue-is-important.B80BUmVY_1Y5ecY.jpg (reused cache entry) (+6ms) (2893/4055)
16:39:38   ▶ /_astro/tips-for-picking-the-right-toothpaste.k-YeuXiI_Z2mY2KE.jpg (reused cache entry) (+5ms) (2894/4055)
16:39:38   ▶ /_astro/spatablet.BPfBZXyG_1PWgPI.avif (reused cache entry) (+6ms) (2895/4055)
16:39:38   ▶ /_astro/s-b-vonlanthen-FaiZNiofP-U-unsplash-1-768x513-1.0g7g2daq_Z19omAi.avif (reused cache entry) (+6ms) (2896/4055)
16:39:38   ▶ /_astro/daniel-frank-wKbWAMlHgNo-unsplash-1-scaled-1.BIJPweHJ_Z22RgaU.avif (reused cache entry) (+4ms) (2897/4055)
16:39:38   ▶ /_astro/why-do-my-gums-feel-itchy.D-Mkcy3e_Z1GoocJ.jpg (reused cache entry) (+6ms) (2898/4055)
16:39:38   ▶ /_astro/hao-shaw-G4SOKpR-Uoc-unsplash-1-768x512-1.CD8SYaCo_1bthEN.avif (reused cache entry) (+5ms) (2899/4055)
16:39:38   ▶ /_astro/3-ways-to-prevent-a-poor-bite.Cq4jKxMc_2oKr4b.avif (reused cache entry) (+4ms) (2900/4055)
16:39:38   ▶ /_astro/umanoide-KeVKEs1_RDU-unsplash-1-705x529-1.jiBMsBLK_Z1dpAVd.avif (reused cache entry) (+5ms) (2901/4055)
16:39:38   ▶ /_astro/luis-machado-nCGl8FrGHb0-unsplash-1-scaled-1.mRSuwKb5_PF7jc.avif (reused cache entry) (+5ms) (2902/4055)
16:39:38   ▶ /_astro/Brushing-your-tongue-is-important.B80BUmVY_1KNoym.jpg (reused cache entry) (+5ms) (2903/4055)
16:39:38   ▶ /_astro/Is-periodontal-disease-contagious.DwP8qmat_Z1Evw4y.jpg (reused cache entry) (+6ms) (2904/4055)
16:39:38   ▶ /_astro/vaping-and-oral-health.D2iX6zzs_Z168Go2.jpg (reused cache entry) (+6ms) (2905/4055)
16:39:38   ▶ /_astro/tips-for-picking-the-right-toothpaste.k-YeuXiI_ZPVSk4.jpg (reused cache entry) (+5ms) (2906/4055)
16:39:38   ▶ /_astro/s-b-vonlanthen-FaiZNiofP-U-unsplash-1-768x513-1.0g7g2daq_ZFLHjX.avif (reused cache entry) (+6ms) (2907/4055)
16:39:38   ▶ /_astro/daniel-frank-wKbWAMlHgNo-unsplash-1-scaled-1.BIJPweHJ_1oQqEY.avif (reused cache entry) (+6ms) (2908/4055)
16:39:38   ▶ /_astro/spatablet.BPfBZXyG_Z1QCzCP.avif (reused cache entry) (+7ms) (2909/4055)
16:39:38   ▶ /_astro/why-do-my-gums-feel-itchy.D-Mkcy3e_i1rT9.jpg (reused cache entry) (+7ms) (2910/4055)
16:39:38   ▶ /_astro/3-ways-to-prevent-a-poor-bite.Cq4jKxMc_Z18rYLm.jpg (reused cache entry) (+7ms) (2911/4055)
16:39:38   ▶ /_astro/luis-machado-nCGl8FrGHb0-unsplash-1-scaled-1.mRSuwKb5_u1yiI.avif (reused cache entry) (+7ms) (2912/4055)
16:39:38   ▶ /_astro/hao-shaw-G4SOKpR-Uoc-unsplash-1-768x512-1.CD8SYaCo_2smQek.jpg (reused cache entry) (+8ms) (2913/4055)
16:39:38   ▶ /_astro/umanoide-KeVKEs1_RDU-unsplash-1-705x529-1.jiBMsBLK_Ny91y.jpg (reused cache entry) (+7ms) (2914/4055)
16:39:38   ▶ /_astro/Brushing-your-tongue-is-important.B80BUmVY_ZIj06h.jpg (reused cache entry) (+6ms) (2915/4055)
16:39:38   ▶ /_astro/vaping-and-oral-health.D2iX6zzs_Z2hM2ij.jpg (reused cache entry) (+6ms) (2916/4055)
16:39:38   ▶ /_astro/tips-for-picking-the-right-toothpaste.k-YeuXiI_t0TUb.avif (reused cache entry) (+6ms) (2917/4055)
16:39:38   ▶ /_astro/Is-periodontal-disease-contagious.DwP8qmat_Z1wAzdA.avif (reused cache entry) (+7ms) (2918/4055)
16:39:38   ▶ /_astro/s-b-vonlanthen-FaiZNiofP-U-unsplash-1-768x513-1.0g7g2daq_Zn7z05.avif (reused cache entry) (+6ms) (2919/4055)
16:39:38   ▶ /_astro/daniel-frank-wKbWAMlHgNo-unsplash-1-scaled-1.BIJPweHJ_8G187.avif (reused cache entry) (+6ms) (2920/4055)
16:39:38   ▶ /_astro/why-do-my-gums-feel-itchy.D-Mkcy3e_1k6ims.avif (reused cache entry) (+6ms) (2921/4055)
16:39:38   ▶ /_astro/3-ways-to-prevent-a-poor-bite.Cq4jKxMc_2nWLiI.jpg (reused cache entry) (+5ms) (2922/4055)
16:39:38   ▶ /_astro/luis-machado-nCGl8FrGHb0-unsplash-1-scaled-1.mRSuwKb5_Z18qREj.avif (reused cache entry) (+5ms) (2923/4055)
16:39:38   ▶ /_astro/hao-shaw-G4SOKpR-Uoc-unsplash-1-768x512-1.CD8SYaCo_Z1mnrL2.jpg (reused cache entry) (+7ms) (2924/4055)
16:39:38   ▶ /_astro/Brushing-your-tongue-is-important.B80BUmVY_ZAo3fj.avif (reused cache entry) (+7ms) (2925/4055)
16:39:38   ▶ /_astro/tips-for-picking-the-right-toothpaste.k-YeuXiI_Z1uSlEy.avif (reused cache entry) (+9ms) (2926/4055)
16:39:38   ▶ /_astro/umanoide-KeVKEs1_RDU-unsplash-1-705x529-1.jiBMsBLK_1iTMqS.jpg (reused cache entry) (+11ms) (2927/4055)
16:39:38   ▶ /_astro/vaping-and-oral-health.D2iX6zzs_Z1WGzto.jpg (reused cache entry) (+10ms) (2928/4055)
16:39:38   ▶ /_astro/Is-periodontal-disease-contagious.DwP8qmat_1VCSyk.avif (reused cache entry) (+11ms) (2929/4055)
16:39:38   ▶ /_astro/spatablet.BPfBZXyG_2mF067.jpg (reused cache entry) (+15ms) (2930/4055)
16:39:38   ▶ /_astro/daniel-frank-wKbWAMlHgNo-unsplash-1-scaled-1.BIJPweHJ_PPrxS.avif (reused cache entry) (+11ms) (2931/4055)
16:39:38   ▶ /_astro/why-do-my-gums-feel-itchy.D-Mkcy3e_2rYIvY.avif (reused cache entry) (+10ms) (2932/4055)
16:39:38   ▶ /_astro/s-b-vonlanthen-FaiZNiofP-U-unsplash-1-768x513-1.0g7g2daq_Z9Bife.jpg (reused cache entry) (+12ms) (2933/4055)
16:39:38   ▶ /_astro/3-ways-to-prevent-a-poor-bite.Cq4jKxMc_24SqSH.jpg (reused cache entry) (+10ms) (2934/4055)
16:39:38   ▶ /_astro/luis-machado-nCGl8FrGHb0-unsplash-1-scaled-1.mRSuwKb5_Z2oBicb.avif (reused cache entry) (+11ms) (2935/4055)
16:39:38   ▶ /_astro/Brushing-your-tongue-is-important.B80BUmVY_Z2clIhk.avif (reused cache entry) (+8ms) (2936/4055)
16:39:38   ▶ /_astro/tips-for-picking-the-right-toothpaste.k-YeuXiI_kl4m0.avif (reused cache entry) (+5ms) (2937/4055)
16:39:38   ▶ /_astro/hao-shaw-G4SOKpR-Uoc-unsplash-1-768x512-1.CD8SYaCo_Z1TCayW.jpg (reused cache entry) (+9ms) (2938/4055)
16:39:38   ▶ /_astro/umanoide-KeVKEs1_RDU-unsplash-1-705x529-1.jiBMsBLK_KF4CX.jpg (reused cache entry) (+6ms) (2939/4055)
16:39:38   ▶ /_astro/Is-periodontal-disease-contagious.DwP8qmat_Z2vmdD2.avif (reused cache entry) (+5ms) (2940/4055)
16:39:38   ▶ /_astro/matthew-poetker-nWZs_SnBDmg-unsplash-1-scaled-1.Wkyh28ZO_Z2VQxe.avif (reused cache entry) (+7ms) (2941/4055)
16:39:38   ▶ /_astro/why-do-my-gums-feel-itchy.D-Mkcy3e_1JV9KJ.avif (reused cache entry) (+5ms) (2942/4055)
16:39:38   ▶ /_astro/spatablet.BPfBZXyG_Ztb1Ff.jpg (reused cache entry) (+6ms) (2943/4055)
16:39:38   ▶ /_astro/daniel-frank-wKbWAMlHgNo-unsplash-1-scaled-1.BIJPweHJ_2lbaoG.avif (reused cache entry) (+6ms) (2944/4055)
16:39:38   ▶ /_astro/Electric-vs-Regular-Toothbrush-1.BRFVN6wZ_ZdiGLR.avif (reused cache entry) (+5ms) (2945/4055)
16:39:38   ▶ /_astro/luis-machado-nCGl8FrGHb0-unsplash-1-scaled-1.mRSuwKb5_Z1Mtctf.avif (reused cache entry) (+6ms) (2946/4055)
16:39:38   ▶ /_astro/s-b-vonlanthen-FaiZNiofP-U-unsplash-1-768x513-1.0g7g2daq_j0m16.jpg (reused cache entry) (+8ms) (2947/4055)
16:39:38   ▶ /_astro/Brushing-your-tongue-is-important.B80BUmVY_Z1z9GEK.avif (reused cache entry) (+8ms) (2948/4055)
16:39:38   ▶ /_astro/umanoide-KeVKEs1_RDU-unsplash-1-705x529-1.jiBMsBLK_1mjlAD.avif (reused cache entry) (+7ms) (2949/4055)
16:39:38   ▶ /_astro/tips-for-picking-the-right-toothpaste.k-YeuXiI_1pC4I0.jpg (reused cache entry) (+9ms) (2950/4055)
16:39:38   ▶ /_astro/Is-periodontal-disease-contagious.DwP8qmat_1hkeCu.jpg (reused cache entry) (+8ms) (2951/4055)
16:39:38   ▶ /_astro/hao-shaw-G4SOKpR-Uoc-unsplash-1-768x512-1.CD8SYaCo_IhAQA.avif (reused cache entry) (+10ms) (2952/4055)
16:39:38   ▶ /_astro/matthew-poetker-nWZs_SnBDmg-unsplash-1-scaled-1.Wkyh28ZO_TjwNV.avif (reused cache entry) (+8ms) (2953/4055)
16:39:38   ▶ /_astro/why-do-my-gums-feel-itchy.D-Mkcy3e_1JTW1c.jpg (reused cache entry) (+9ms) (2954/4055)
16:39:38   ▶ /_astro/Electric-vs-Regular-Toothbrush-1.BRFVN6wZ_Z1DJQAL.avif (reused cache entry) (+8ms) (2955/4055)
16:39:38   ▶ /_astro/spatablet.BPfBZXyG_Z2nz26b.jpg (reused cache entry) (+9ms) (2956/4055)
16:39:38   ▶ /_astro/luis-machado-nCGl8FrGHb0-unsplash-1-scaled-1.mRSuwKb5_Zi8tCr.avif (reused cache entry) (+7ms) (2957/4055)
16:39:38   ▶ /_astro/Brushing-your-tongue-is-important.B80BUmVY_2dwKAL.jpg (reused cache entry) (+6ms) (2958/4055)
16:39:38   ▶ /_astro/s-b-vonlanthen-FaiZNiofP-U-unsplash-1-768x513-1.0g7g2daq_BEukY.jpg (reused cache entry) (+8ms) (2959/4055)
16:39:38   ▶ /_astro/umanoide-KeVKEs1_RDU-unsplash-1-705x529-1.jiBMsBLK_ZjVj6N.avif (reused cache entry) (+6ms) (2960/4055)
16:39:38   ▶ /_astro/daniel-frank-wKbWAMlHgNo-unsplash-1-scaled-1.BIJPweHJ_jaAHH.jpg (reused cache entry) (+11ms) (2961/4055)
16:39:38   ▶ /_astro/tips-for-picking-the-right-toothpaste.k-YeuXiI_ZyhbQJ.jpg (reused cache entry) (+7ms) (2962/4055)
16:39:38   ▶ /_astro/hao-shaw-G4SOKpR-Uoc-unsplash-1-768x512-1.CD8SYaCo_24Wzud.avif (reused cache entry) (+6ms) (2963/4055)
16:39:38   ▶ /_astro/matthew-poetker-nWZs_SnBDmg-unsplash-1-scaled-1.Wkyh28ZO_y9C6T.avif (reused cache entry) (+6ms) (2964/4055)
16:39:38   ▶ /_astro/why-do-my-gums-feel-itchy.D-Mkcy3e_Z2cnKDd.jpg (reused cache entry) (+6ms) (2965/4055)
16:39:38   ▶ /_astro/Is-periodontal-disease-contagious.DwP8qmat_ZjCqow.jpg (reused cache entry) (+7ms) (2966/4055)
16:39:38   ▶ /_astro/Electric-vs-Regular-Toothbrush-1.BRFVN6wZ_VjRxw.avif (reused cache entry) (+6ms) (2967/4055)
16:39:38   ▶ /_astro/Brushing-your-tongue-is-important.B80BUmVY_Bz5yK.jpg (reused cache entry) (+5ms) (2968/4055)
16:39:38   ▶ /_astro/spatablet.BPfBZXyG_yMW3d.jpg (reused cache entry) (+7ms) (2969/4055)
16:39:38   ▶ /_astro/women-smiling-while-laying-on-lawn-field.BQ-DbDMY_ZpJfxY.avif (reused cache entry) (+5ms) (2970/4055)
16:39:38   ▶ /_astro/umanoide-KeVKEs1_RDU-unsplash-1-705x529-1.jiBMsBLK_1TD5Cy.avif (reused cache entry) (+6ms) (2971/4055)
16:39:38   ▶ /_astro/tips-for-picking-the-right-toothpaste.k-YeuXiI_1gWe9O.jpg (reused cache entry) (+7ms) (2972/4055)
16:39:38   ▶ /_astro/hao-shaw-G4SOKpR-Uoc-unsplash-1-768x512-1.CD8SYaCo_ZSQFOu.avif (reused cache entry) (+7ms) (2973/4055)
16:39:38   ▶ /_astro/daniel-frank-wKbWAMlHgNo-unsplash-1-scaled-1.BIJPweHJ_ZGQvsP.jpg (reused cache entry) (+10ms) (2974/4055)
16:39:38   ▶ /_astro/matthew-poetker-nWZs_SnBDmg-unsplash-1-scaled-1.Wkyh28ZO_1jX2E2.avif (reused cache entry) (+8ms) (2975/4055)
16:39:38   ▶ /_astro/luis-machado-nCGl8FrGHb0-unsplash-1-scaled-1.mRSuwKb5_1dTs6C.jpg (reused cache entry) (+12ms) (2976/4055)
16:39:38   ▶ /_astro/Is-periodontal-disease-contagious.DwP8qmat_iyAd3.jpg (reused cache entry) (+8ms) (2977/4055)
16:39:38   ▶ /_astro/Electric-vs-Regular-Toothbrush-1.BRFVN6wZ_ZpEBiJ.avif (reused cache entry) (+9ms) (2978/4055)
16:39:38   ▶ /_astro/why-do-my-gums-feel-itchy.D-Mkcy3e_2aJNpt.jpg (reused cache entry) (+10ms) (2979/4055)
16:39:38   ▶ /_astro/Brushing-your-tongue-is-important.B80BUmVY_1eL7bk.jpg (reused cache entry) (+9ms) (2980/4055)
16:39:38   ▶ /_astro/closeup-photography-of-woman-smiling-1.ZNkxOzN-_2alF5J.avif (reused cache entry) (+7ms) (2981/4055)
16:39:38   ▶ /_astro/women-smiling-while-laying-on-lawn-field.BQ-DbDMY_1wYg08.avif (reused cache entry) (+10ms) (2982/4055)
16:39:38   ▶ /_astro/umanoide-KeVKEs1_RDU-unsplash-1-705x529-1.jiBMsBLK_Z1IM6D7.jpg (reused cache entry) (+9ms) (2983/4055)
16:39:38   ▶ /_astro/hao-shaw-G4SOKpR-Uoc-unsplash-1-768x512-1.CD8SYaCo_Z2mNQna.jpg (reused cache entry) (+9ms) (2984/4055)
16:39:38   ▶ /_astro/spatablet.BPfBZXyG_ZSLtJ7.jpg (reused cache entry) (+14ms) (2985/4055)
16:39:38   ▶ /_astro/matthew-poetker-nWZs_SnBDmg-unsplash-1-scaled-1.Wkyh28ZO_Z20fssO.avif (reused cache entry) (+9ms) (2986/4055)
16:39:38   ▶ /_astro/daniel-frank-wKbWAMlHgNo-unsplash-1-scaled-1.BIJPweHJ_Z2kjWqR.jpg (reused cache entry) (+9ms) (2987/4055)
16:39:38   ▶ /_astro/Symptoms-of-TMJ-disorder.Ckx1Qzdh_Z2jv4F6.avif (reused cache entry) (+8ms) (2988/4055)
16:39:38   ▶ /_astro/Benefits-of-Flossing-Your-Teeth.BV-GYnpJ_Z1JKJWc.avif (reused cache entry) (+7ms) (2989/4055)
16:39:38   ▶ /_astro/luis-machado-nCGl8FrGHb0-unsplash-1-scaled-1.mRSuwKb5_1P2j0N.jpg (reused cache entry) (+11ms) (2990/4055)
16:39:38   ▶ /_astro/person-wearing-silver-colored-ring-while-holding-denture-1.FYfPFinS_Z1EQk4p.avif (reused cache entry) (+8ms) (2991/4055)
16:39:38   ▶ /_astro/closeup-photography-of-woman-smiling-1.ZNkxOzN-_o1wT1.avif (reused cache entry) (+8ms) (2992/4055)
16:39:38   ▶ /_astro/Electric-vs-Regular-Toothbrush-1.BRFVN6wZ_Z2tz1JI.jpg (reused cache entry) (+10ms) (2993/4055)
16:39:38   ▶ /_astro/women-smiling-while-laying-on-lawn-field.BQ-DbDMY_YJxcd.avif (reused cache entry) (+8ms) (2994/4055)
16:39:38   ▶ /_astro/umanoide-KeVKEs1_RDU-unsplash-1-705x529-1.jiBMsBLK_1E9msn.jpg (reused cache entry) (+8ms) (2995/4055)
16:39:38   ▶ /_astro/hao-shaw-G4SOKpR-Uoc-unsplash-1-768x512-1.CD8SYaCo_Z118RJx.jpg (reused cache entry) (+7ms) (2996/4055)
16:39:38   ▶ /_astro/matthew-poetker-nWZs_SnBDmg-unsplash-1-scaled-1.Wkyh28ZO_Z1p6yQT.avif (reused cache entry) (+8ms) (2997/4055)
16:39:38   ▶ /_astro/Symptoms-of-TMJ-disorder.Ckx1Qzdh_Lz0dR.avif (reused cache entry) (+7ms) (2998/4055)
16:39:38   ▶ /_astro/spatablet.BPfBZXyG_uCMGn.avif (reused cache entry) (+9ms) (2999/4055)
16:39:38   ▶ /_astro/daniel-frank-wKbWAMlHgNo-unsplash-1-scaled-1.BIJPweHJ_1tGKPc.jpg (reused cache entry) (+9ms) (3000/4055)
16:39:38   ▶ /_astro/Benefits-of-Flossing-Your-Teeth.BV-GYnpJ_ZX52RU.avif (reused cache entry) (+8ms) (3001/4055)
16:39:38   ▶ /_astro/person-wearing-silver-colored-ring-while-holding-denture-1.FYfPFinS_21DRrx.avif (reused cache entry) (+7ms) (3002/4055)
16:39:38   ▶ /_astro/luis-machado-nCGl8FrGHb0-unsplash-1-scaled-1.mRSuwKb5_cyR2L.jpg (reused cache entry) (+8ms) (3003/4055)
16:39:38   ▶ /_astro/closeup-photography-of-woman-smiling-1.ZNkxOzN-_Z2ftBJp.avif (reused cache entry) (+8ms) (3004/4055)
16:39:38   ▶ /_astro/Electric-vs-Regular-Toothbrush-1.BRFVN6wZ_1aaWfj.jpg (reused cache entry) (+7ms) (3005/4055)
16:39:38   ▶ /_astro/umanoide-KeVKEs1_RDU-unsplash-1-705x529-1.jiBMsBLK_Z1bsmBc.jpg (reused cache entry) (+8ms) (3006/4055)
16:39:38   ▶ /_astro/hao-shaw-G4SOKpR-Uoc-unsplash-1-768x512-1.CD8SYaCo_15dYJG.jpg (reused cache entry) (+8ms) (3007/4055)
16:39:38   ▶ /_astro/women-smiling-while-laying-on-lawn-field.BQ-DbDMY_1ylq1c.jpg (reused cache entry) (+9ms) (3008/4055)
16:39:38   ▶ /_astro/matthew-poetker-nWZs_SnBDmg-unsplash-1-scaled-1.Wkyh28ZO_2hCQpR.jpg (reused cache entry) (+8ms) (3009/4055)
16:39:38   ▶ /_astro/spatablet.BPfBZXyG_ZQQ2Op.avif (reused cache entry) (+8ms) (3010/4055)
16:39:38   ▶ /_astro/Symptoms-of-TMJ-disorder.Ckx1Qzdh_DqKY1.jpg (reused cache entry) (+8ms) (3011/4055)
16:39:38   ▶ /_astro/person-wearing-silver-colored-ring-while-holding-denture-1.FYfPFinS_9BRF5.avif (reused cache entry) (+7ms) (3012/4055)
16:39:38   ▶ /_astro/Benefits-of-Flossing-Your-Teeth.BV-GYnpJ_vyuKR.jpg (reused cache entry) (+8ms) (3013/4055)
16:39:38   ▶ /_astro/daniel-frank-wKbWAMlHgNo-unsplash-1-scaled-1.BIJPweHJ_1PCvSW.jpg (reused cache entry) (+9ms) (3014/4055)
16:39:38   ▶ /_astro/luis-machado-nCGl8FrGHb0-unsplash-1-scaled-1.mRSuwKb5_Z13Axu6.jpg (reused cache entry) (+8ms) (3015/4055)
16:39:38   ▶ /_astro/closeup-photography-of-woman-smiling-1.ZNkxOzN-_ZSo35C.avif (reused cache entry) (+8ms) (3016/4055)
16:39:38   ▶ /_astro/Wisdom-Tooth-Pain.BPstnuaz_ZOBmkG.avif (reused cache entry) (+6ms) (3017/4055)
16:39:38   ▶ /_astro/Electric-vs-Regular-Toothbrush-1.BRFVN6wZ_Z1jVrpk.jpg (reused cache entry) (+9ms) (3018/4055)
16:39:38   ▶ /_astro/Healthy-Smiles-This-Halloween-1.CNPi-dY9_Z2sqorf.avif (reused cache entry) (+7ms) (3019/4055)
16:39:38   ▶ /_astro/matthew-poetker-nWZs_SnBDmg-unsplash-1-scaled-1.Wkyh28ZO_Z2wYk1E.jpg (reused cache entry) (+7ms) (3020/4055)
16:39:38   ▶ /_astro/women-smiling-while-laying-on-lawn-field.BQ-DbDMY_Z1y7ceC.jpg (reused cache entry) (+8ms) (3021/4055)
16:39:38   ▶ /_astro/Symptoms-of-TMJ-disorder.Ckx1Qzdh_Z1kFhUW.jpg (reused cache entry) (+7ms) (3022/4055)
16:39:38   ▶ /_astro/spatablet.BPfBZXyG_1OsL8u.avif (reused cache entry) (+8ms) (3023/4055)
16:39:38   ▶ /_astro/person-wearing-silver-colored-ring-while-holding-denture-1.FYfPFinS_13tE0F.avif (reused cache entry) (+7ms) (3024/4055)
16:39:38   ▶ /_astro/Benefits-of-Flossing-Your-Teeth.BV-GYnpJ_1ifcP9.jpg (reused cache entry) (+7ms) (3025/4055)
16:39:38   ▶ /_astro/Wisdom-Tooth-Pain.BPstnuaz_RyGNN.avif (reused cache entry) (+5ms) (3026/4055)
16:39:38   ▶ /_astro/daniel-frank-wKbWAMlHgNo-unsplash-1-scaled-1.BIJPweHJ_Z2lLCBO.jpg (reused cache entry) (+10ms) (3027/4055)
16:39:38   ▶ /_astro/luis-machado-nCGl8FrGHb0-unsplash-1-scaled-1.mRSuwKb5_ZMG88b.jpg (reused cache entry) (+10ms) (3028/4055)
16:39:38   ▶ /_astro/closeup-photography-of-woman-smiling-1.ZNkxOzN-_ZuPNjO.jpg (reused cache entry) (+9ms) (3029/4055)
16:39:38   ▶ /_astro/Electric-vs-Regular-Toothbrush-1.BRFVN6wZ_2ogcxl.jpg (reused cache entry) (+8ms) (3030/4055)
16:39:38   ▶ /_astro/Symptoms-of-TMJ-disorder.Ckx1Qzdh_Z2dCUV4.avif (reused cache entry) (+7ms) (3031/4055)
16:39:38   ▶ /_astro/Healthy-Smiles-This-Halloween-1.CNPi-dY9_11FkAY.avif (reused cache entry) (+10ms) (3032/4055)
16:39:38   ▶ /_astro/matthew-poetker-nWZs_SnBDmg-unsplash-1-scaled-1.Wkyh28ZO_2c2T5f.jpg (reused cache entry) (+9ms) (3033/4055)
16:39:38   ▶ /_astro/women-smiling-while-laying-on-lawn-field.BQ-DbDMY_Z26lU2x.jpg (reused cache entry) (+10ms) (3034/4055)
16:39:38   ▶ /_astro/spatablet.BPfBZXyG_Z1Y90Br.avif (reused cache entry) (+9ms) (3035/4055)
16:39:38   ▶ /_astro/Benefits-of-Flossing-Your-Teeth.BV-GYnpJ_ZBljz9.avif (reused cache entry) (+9ms) (3036/4055)
16:39:38   ▶ /_astro/person-wearing-silver-colored-ring-while-holding-denture-1.FYfPFinS_1bhehj.jpg (reused cache entry) (+9ms) (3037/4055)
16:39:38   ▶ /_astro/Wisdom-Tooth-Pain.BPstnuaz_2sY40C.jpg (reused cache entry) (+9ms) (3038/4055)
16:39:38   ▶ /_astro/daniel-frank-wKbWAMlHgNo-unsplash-1-scaled-1.BIJPweHJ_1DH1kX.avif (reused cache entry) (+7ms) (3039/4055)
16:39:38   ▶ /_astro/Electric-vs-Regular-Toothbrush-1.BRFVN6wZ_1Iruy9.avif (reused cache entry) (+7ms) (3040/4055)
16:39:38   ▶ /_astro/Symptoms-of-TMJ-disorder.Ckx1Qzdh_ZHtuAT.avif (reused cache entry) (+6ms) (3041/4055)
16:39:38   ▶ /_astro/closeup-photography-of-woman-smiling-1.ZNkxOzN-_Z2haVvx.jpg (reused cache entry) (+8ms) (3042/4055)
16:39:38   ▶ /_astro/luis-machado-nCGl8FrGHb0-unsplash-1-scaled-1.mRSuwKb5_55Q9Y.jpg (reused cache entry) (+9ms) (3043/4055)
16:39:38   ▶ /_astro/Healthy-Smiles-This-Halloween-1.CNPi-dY9_2c5Q8i.avif (reused cache entry) (+7ms) (3044/4055)
16:39:38   ▶ /_astro/women-smiling-while-laying-on-lawn-field.BQ-DbDMY_ZIhGrD.avif (reused cache entry) (+7ms) (3045/4055)
16:39:38   ▶ /_astro/Benefits-of-Flossing-Your-Teeth.BV-GYnpJ_Z1Kz0Q0.avif (reused cache entry) (+6ms) (3046/4055)
16:39:38   ▶ /_astro/matthew-poetker-nWZs_SnBDmg-unsplash-1-scaled-1.Wkyh28ZO_Z27kOby.jpg (reused cache entry) (+9ms) (3047/4055)
16:39:38   ▶ /_astro/spatablet.BPfBZXyG_jlNz1.avif (reused cache entry) (+8ms) (3048/4055)
16:39:38   ▶ /_astro/daniel-frank-wKbWAMlHgNo-unsplash-1-scaled-1.BIJPweHJ_Z1OFUKS.avif (reused cache entry) (+6ms) (3049/4055)
16:39:38   ▶ /_astro/person-wearing-silver-colored-ring-while-holding-denture-1.FYfPFinS_ZcoH0F.jpg (reused cache entry) (+8ms) (3050/4055)
16:39:38   ▶ /_astro/Wisdom-Tooth-Pain.BPstnuaz_ZT20DO.jpg (reused cache entry) (+8ms) (3051/4055)
16:39:38   ▶ /_astro/Electric-vs-Regular-Toothbrush-1.BRFVN6wZ_2hcXdy.avif (reused cache entry) (+7ms) (3052/4055)
16:39:38   ▶ /_astro/Symptoms-of-TMJ-disorder.Ckx1Qzdh_Z1kiJeV.avif (reused cache entry) (+7ms) (3053/4055)
16:39:38   ▶ /_astro/closeup-photography-of-woman-smiling-1.ZNkxOzN-_9v2DX.jpg (reused cache entry) (+7ms) (3054/4055)
16:39:38   ▶ /_astro/luis-machado-nCGl8FrGHb0-unsplash-1-scaled-1.mRSuwKb5_ZYBCGa.avif (reused cache entry) (+7ms) (3055/4055)
16:39:38   ▶ /_astro/Healthy-Smiles-This-Halloween-1.CNPi-dY9_Zc68Ib.jpg (reused cache entry) (+7ms) (3056/4055)
16:39:38   ▶ /_astro/women-smiling-while-laying-on-lawn-field.BQ-DbDMY_1SdP1C.avif (reused cache entry) (+6ms) (3057/4055)
16:39:38   ▶ /_astro/Benefits-of-Flossing-Your-Teeth.BV-GYnpJ_Z15KSXj.avif (reused cache entry) (+6ms) (3058/4055)
16:39:38   ▶ /_astro/daniel-frank-wKbWAMlHgNo-unsplash-1-scaled-1.BIJPweHJ_Z1U6usK.avif (reused cache entry) (+6ms) (3059/4055)
16:39:38   ▶ /_astro/person-wearing-silver-colored-ring-while-holding-denture-1.FYfPFinS_Z24qGM8.jpg (reused cache entry) (+6ms) (3060/4055)
16:39:38   ▶ /_astro/matthew-poetker-nWZs_SnBDmg-unsplash-1-scaled-1.Wkyh28ZO_Z25Ehuu.jpg (reused cache entry) (+8ms) (3061/4055)
16:39:38   ▶ /_astro/Wisdom-Tooth-Pain.BPstnuaz_ZCmz9W.avif (reused cache entry) (+6ms) (3062/4055)
16:39:38   ▶ /_astro/Electric-vs-Regular-Toothbrush-1.BRFVN6wZ_Z2aM8XN.avif (reused cache entry) (+7ms) (3063/4055)
16:39:38   ▶ /_astro/spatablet.BPfBZXyG_1stSA6.jpg (reused cache entry) (+9ms) (3064/4055)
16:39:38   ▶ /_astro/Symptoms-of-TMJ-disorder.Ckx1Qzdh_ZdQ7th.avif (reused cache entry) (+7ms) (3065/4055)
16:39:38   ▶ /_astro/luis-machado-nCGl8FrGHb0-unsplash-1-scaled-1.mRSuwKb5_HcSHK.avif (reused cache entry) (+6ms) (3066/4055)
16:39:38   ▶ /_astro/closeup-photography-of-woman-smiling-1.ZNkxOzN-_1vABiK.jpg (reused cache entry) (+7ms) (3067/4055)
16:39:38   ▶ /_astro/Benefits-of-Flossing-Your-Teeth.BV-GYnpJ_1DXV8U.jpg (reused cache entry) (+6ms) (3068/4055)
16:39:38   ▶ /_astro/women-smiling-while-laying-on-lawn-field.BQ-DbDMY_Z15Aqi5.avif (reused cache entry) (+7ms) (3069/4055)
16:39:38   ▶ /_astro/daniel-frank-wKbWAMlHgNo-unsplash-1-scaled-1.BIJPweHJ_ZefolP.avif (reused cache entry) (+6ms) (3070/4055)
16:39:38   ▶ /_astro/Healthy-Smiles-This-Halloween-1.CNPi-dY9_Z1MbxtS.jpg (reused cache entry) (+9ms) (3071/4055)
16:39:38   ▶ /_astro/person-wearing-silver-colored-ring-while-holding-denture-1.FYfPFinS_Z1ayUrx.jpg (reused cache entry) (+6ms) (3072/4055)
16:39:38   ▶ /_astro/Electric-vs-Regular-Toothbrush-1.BRFVN6wZ_Z3MV8i.avif (reused cache entry) (+5ms) (3073/4055)
16:39:38   ▶ /_astro/Wisdom-Tooth-Pain.BPstnuaz_Z1iaQ1o.avif (reused cache entry) (+6ms) (3074/4055)
16:39:38   ▶ /_astro/spatablet.BPfBZXyG_Z290mBU.jpg (reused cache entry) (+6ms) (3075/4055)
16:39:38   ▶ /_astro/luis-machado-nCGl8FrGHb0-unsplash-1-scaled-1.mRSuwKb5_BMk0S.avif (reused cache entry) (+7ms) (3076/4055)
16:39:38   ▶ /_astro/matthew-poetker-nWZs_SnBDmg-unsplash-1-scaled-1.Wkyh28ZO_Ut96c.jpg (reused cache entry) (+9ms) (3077/4055)
16:39:38   ▶ /_astro/Symptoms-of-TMJ-disorder.Ckx1Qzdh_JiTI3.jpg (reused cache entry) (+8ms) (3078/4055)
16:39:38   ▶ /_astro/Benefits-of-Flossing-Your-Teeth.BV-GYnpJ_uKeR4.jpg (reused cache entry) (+7ms) (3079/4055)
16:39:38   ▶ /_astro/closeup-photography-of-woman-smiling-1.ZNkxOzN-_JpgTT.avif (reused cache entry) (+8ms) (3080/4055)
16:39:38   ▶ /_astro/women-smiling-while-laying-on-lawn-field.BQ-DbDMY_1fMY7x.jpg (reused cache entry) (+7ms) (3081/4055)
16:39:38   ▶ /_astro/daniel-frank-wKbWAMlHgNo-unsplash-1-scaled-1.BIJPweHJ_XC0Rm.avif (reused cache entry) (+7ms) (3082/4055)
16:39:38   ▶ /_astro/person-wearing-silver-colored-ring-while-holding-denture-1.FYfPFinS_2q8yJj.avif (reused cache entry) (+7ms) (3083/4055)
16:39:38   ▶ /_astro/Healthy-Smiles-This-Halloween-1.CNPi-dY9_ZBL1Wz.jpg (reused cache entry) (+8ms) (3084/4055)
16:39:38   ▶ /_astro/Wisdom-Tooth-Pain.BPstnuaz_Z1ceDCF.avif (reused cache entry) (+7ms) (3085/4055)
16:39:38   ▶ /_astro/Electric-vs-Regular-Toothbrush-1.BRFVN6wZ_Z2qfKH8.jpg (reused cache entry) (+8ms) (3086/4055)
16:39:38   ▶ /_astro/Symptoms-of-TMJ-disorder.Ckx1Qzdh_2fsl3d.jpg (reused cache entry) (+6ms) (3087/4055)
16:39:38   ▶ /_astro/luis-machado-nCGl8FrGHb0-unsplash-1-scaled-1.mRSuwKb5_2iDq7N.avif (reused cache entry) (+7ms) (3088/4055)
16:39:38   ▶ /_astro/spatablet.BPfBZXyG_xjrkY.jpg (reused cache entry) (+8ms) (3089/4055)
16:39:38   ▶ /_astro/matthew-poetker-nWZs_SnBDmg-unsplash-1-scaled-1.Wkyh28ZO_1O7Hq7.avif (reused cache entry) (+7ms) (3090/4055)
16:39:38   ▶ /_astro/closeup-photography-of-woman-smiling-1.ZNkxOzN-_aNAiJ.avif (reused cache entry) (+6ms) (3091/4055)
16:39:38   ▶ /_astro/women-smiling-while-laying-on-lawn-field.BQ-DbDMY_Z1cRCd8.jpg (reused cache entry) (+6ms) (3092/4055)
16:39:38   ▶ /_astro/Benefits-of-Flossing-Your-Teeth.BV-GYnpJ_1aylJK.jpg (reused cache entry) (+9ms) (3093/4055)
16:39:38   ▶ /_astro/daniel-frank-wKbWAMlHgNo-unsplash-1-scaled-1.BIJPweHJ_1OXRts.avif (reused cache entry) (+7ms) (3094/4055)
16:39:38   ▶ /_astro/person-wearing-silver-colored-ring-while-holding-denture-1.FYfPFinS_wCMlJ.avif (reused cache entry) (+7ms) (3095/4055)
16:39:38   ▶ /_astro/Healthy-Smiles-This-Halloween-1.CNPi-dY9_Z2cUFsj.avif (reused cache entry) (+6ms) (3096/4055)
16:39:38   ▶ /_astro/Electric-vs-Regular-Toothbrush-1.BRFVN6wZ_VDfH.jpg (reused cache entry) (+7ms) (3097/4055)
16:39:38   ▶ /_astro/Wisdom-Tooth-Pain.BPstnuaz_Z2oXhCz.jpg (reused cache entry) (+9ms) (3098/4055)
16:39:38   ▶ /_astro/luis-machado-nCGl8FrGHb0-unsplash-1-scaled-1.mRSuwKb5_Z1EGD9L.avif (reused cache entry) (+7ms) (3099/4055)
16:39:38   ▶ /_astro/Symptoms-of-TMJ-disorder.Ckx1Qzdh_1CD6pb.jpg (reused cache entry) (+7ms) (3100/4055)
16:39:38   ▶ /_astro/closeup-photography-of-woman-smiling-1.ZNkxOzN-_Z6J0k.avif (reused cache entry) (+8ms) (3101/4055)
16:39:38   ▶ /_astro/matthew-poetker-nWZs_SnBDmg-unsplash-1-scaled-1.Wkyh28ZO_Z2qmETe.avif (reused cache entry) (+10ms) (3102/4055)
16:39:38   ▶ /_astro/spatablet.BPfBZXyG_1NSNoY.jpg (reused cache entry) (+11ms) (3103/4055)
16:39:38   ▶ /_astro/person-wearing-silver-colored-ring-while-holding-denture-1.FYfPFinS_9J9sA.avif (reused cache entry) (+8ms) (3104/4055)
16:39:38   ▶ /_astro/women-smiling-while-laying-on-lawn-field.BQ-DbDMY_Sufh6.jpg (reused cache entry) (+10ms) (3105/4055)
16:39:38   ▶ /_astro/woman-wearing-invisalign.1QOXVaSk_ZD1Edj.avif (reused cache entry) (+10ms) (3106/4055)
16:39:38   ▶ /_astro/Electric-vs-Regular-Toothbrush-1.BRFVN6wZ_D8ERh.jpg (reused cache entry) (+8ms) (3107/4055)
16:39:38   ▶ /_astro/Healthy-Smiles-This-Halloween-1.CNPi-dY9_ebmCT.avif (reused cache entry) (+10ms) (3108/4055)
16:39:38   ▶ /_astro/Wisdom-Tooth-Pain.BPstnuaz_20pzjU.jpg (reused cache entry) (+8ms) (3109/4055)
16:39:38   ▶ /_astro/luis-machado-nCGl8FrGHb0-unsplash-1-scaled-1.mRSuwKb5_ZNkLxF.avif (reused cache entry) (+8ms) (3110/4055)
16:39:38   ▶ /_astro/Symptoms-of-TMJ-disorder.Ckx1Qzdh_Z2l6pD6.jpg (reused cache entry) (+9ms) (3111/4055)
16:39:38   ▶ /_astro/closeup-photography-of-woman-smiling-1.ZNkxOzN-_77v2c.avif (reused cache entry) (+8ms) (3112/4055)
16:39:38   ▶ /_astro/matthew-poetker-nWZs_SnBDmg-unsplash-1-scaled-1.Wkyh28ZO_Z28vU5e.avif (reused cache entry) (+7ms) (3113/4055)
16:39:38   ▶ /_astro/daniel-frank-wKbWAMlHgNo-unsplash-1-scaled-1.BIJPweHJ_Z2qH37T.jpg (reused cache entry) (+14ms) (3114/4055)
16:39:38   ▶ /_astro/person-wearing-silver-colored-ring-while-holding-denture-1.FYfPFinS_BYHtc.avif (reused cache entry) (+7ms) (3115/4055)
16:39:38   ▶ /_astro/woman-wearing-invisalign.1QOXVaSk_ZKjQyt.avif (reused cache entry) (+6ms) (3116/4055)
16:39:38   ▶ /_astro/smiling-woman-standing-beside-plant-1.C9TghpMh_3loSB.avif (reused cache entry) (+7ms) (3117/4055)
16:39:38   ▶ /_astro/Electric-vs-Regular-Toothbrush-1.BRFVN6wZ_Z2k4g69.jpg (reused cache entry) (+7ms) (3118/4055)
16:39:38   ▶ /_astro/Healthy-Smiles-This-Halloween-1.CNPi-dY9_16IjPK.avif (reused cache entry) (+7ms) (3119/4055)
16:39:38   ▶ /_astro/Wisdom-Tooth-Pain.BPstnuaz_26lLHD.jpg (reused cache entry) (+6ms) (3120/4055)
16:39:38   ▶ /_astro/spatablet.BPfBZXyG_1hcTsJ.jpg (reused cache entry) (+10ms) (3121/4055)
16:39:38   ▶ /_astro/Travel-Tips-for-Your-Teeth-1.luRuikr8_ZhPw8v.avif (reused cache entry) (+6ms) (3122/4055)
16:39:38   ▶ /_astro/matthew-poetker-nWZs_SnBDmg-unsplash-1-scaled-1.Wkyh28ZO_5YiIH.avif (reused cache entry) (+5ms) (3123/4055)
16:39:38   ▶ /_astro/luis-machado-nCGl8FrGHb0-unsplash-1-scaled-1.mRSuwKb5_aqDT.jpg (reused cache entry) (+8ms) (3124/4055)
16:39:38   ▶ /_astro/closeup-photography-of-woman-smiling-1.ZNkxOzN-_ZOJlXq.jpg (reused cache entry) (+6ms) (3125/4055)
16:39:38   ▶ /_astro/daniel-frank-wKbWAMlHgNo-unsplash-1-scaled-1.BIJPweHJ_ZtFb3N.jpg (reused cache entry) (+7ms) (3126/4055)
16:39:38   ▶ /_astro/smiling-woman-standing-beside-plant-1.C9TghpMh_ZhjeCu.avif (reused cache entry) (+5ms) (3127/4055)
16:39:38   ▶ /_astro/woman-wearing-invisalign.1QOXVaSk_Z1BsawG.avif (reused cache entry) (+6ms) (3128/4055)
16:39:38   ▶ /_astro/person-wearing-silver-colored-ring-while-holding-denture-1.FYfPFinS_ZB5yW9.jpg (reused cache entry) (+7ms) (3129/4055)
16:39:38   ▶ /_astro/kid-brushing-her-teeth-1.lP4eQaZQ_ZYXf4Y.avif (reused cache entry) (+6ms) (3130/4055)
16:39:38   ▶ /_astro/Healthy-Smiles-This-Halloween-1.CNPi-dY9_3ozfK.jpg (reused cache entry) (+6ms) (3131/4055)
16:39:38   ▶ /_astro/TD_April2018Blog_BadBreath-1080x675-1024x640-1.XkUJHgKF_1z45ps.avif (reused cache entry) (+6ms) (3132/4055)
16:39:38   ▶ /_astro/Toothpicks.C1KZda4Y_Z17ieyu.avif (reused cache entry) (+6ms) (3133/4055)
16:39:38   ▶ /_astro/matthew-poetker-nWZs_SnBDmg-unsplash-1-scaled-1.Wkyh28ZO_Z1etHBT.avif (reused cache entry) (+5ms) (3134/4055)
16:39:38   ▶ /_astro/Travel-Tips-for-Your-Teeth-1.luRuikr8_RN8g2.avif (reused cache entry) (+6ms) (3135/4055)
16:39:38   ▶ /_astro/luis-machado-nCGl8FrGHb0-unsplash-1-scaled-1.mRSuwKb5_23dDpP.jpg (reused cache entry) (+6ms) (3136/4055)
16:39:38   ▶ /_astro/closeup-photography-of-woman-smiling-1.ZNkxOzN-_Z2unS6O.jpg (reused cache entry) (+7ms) (3137/4055)
16:39:38   ▶ /_astro/daniel-frank-wKbWAMlHgNo-unsplash-1-scaled-1.BIJPweHJ_Zz5JKF.jpg (reused cache entry) (+7ms) (3138/4055)
16:39:38   ▶ /_astro/smiling-woman-standing-beside-plant-1.C9TghpMh_ZMy7bI.avif (reused cache entry) (+7ms) (3139/4055)
16:39:38   ▶ /_astro/person-wearing-silver-colored-ring-while-holding-denture-1.FYfPFinS_Z1GpM6t.jpg (reused cache entry) (+7ms) (3140/4055)
16:39:38   ▶ /_astro/woman-wearing-invisalign.1QOXVaSk_2jUbqN.jpg (reused cache entry) (+8ms) (3141/4055)
16:39:38   ▶ /_astro/kid-brushing-her-teeth-1.lP4eQaZQ_2gp7S1.avif (reused cache entry) (+7ms) (3142/4055)
16:39:38   ▶ /_astro/Healthy-Smiles-This-Halloween-1.CNPi-dY9_2uvClX.jpg (reused cache entry) (+8ms) (3143/4055)
16:39:38   ▶ /_astro/TD_April2018Blog_BadBreath-1080x675-1024x640-1.XkUJHgKF_1hmnHD.avif (reused cache entry) (+8ms) (3144/4055)
16:39:38   ▶ /_astro/matthew-poetker-nWZs_SnBDmg-unsplash-1-scaled-1.Wkyh28ZO_Ty6gi.avif (reused cache entry) (+7ms) (3145/4055)
16:39:38   ▶ /_astro/Toothpicks.C1KZda4Y_Z2ahdhW.avif (reused cache entry) (+8ms) (3146/4055)
16:39:38   ▶ /_astro/Travel-Tips-for-Your-Teeth-1.luRuikr8_6ESVF.avif (reused cache entry) (+8ms) (3147/4055)
16:39:38   ▶ /_astro/luis-machado-nCGl8FrGHb0-unsplash-1-scaled-1.mRSuwKb5_1WN4HX.jpg (reused cache entry) (+9ms) (3148/4055)
16:39:38   ▶ /_astro/closeup-photography-of-woman-smiling-1.ZNkxOzN-_2oRUo3.jpg (reused cache entry) (+9ms) (3149/4055)
16:39:38   ▶ /_astro/daniel-frank-wKbWAMlHgNo-unsplash-1-scaled-1.BIJPweHJ_16Kllf.jpg (reused cache entry) (+9ms) (3150/4055)
16:39:38   ▶ /_astro/smiling-woman-standing-beside-plant-1.C9TghpMh_Z1aWtcA.jpg (reused cache entry) (+9ms) (3151/4055)
16:39:38   ▶ /_astro/person-wearing-silver-colored-ring-while-holding-denture-1.FYfPFinS_Z24jpYC.jpg (reused cache entry) (+8ms) (3152/4055)
16:39:38   ▶ /_astro/woman-wearing-invisalign.1QOXVaSk_2cBY5D.jpg (reused cache entry) (+9ms) (3153/4055)
16:39:38   ▶ /_astro/kid-brushing-her-teeth-1.lP4eQaZQ_ZOm9O2.avif (reused cache entry) (+9ms) (3154/4055)
16:39:38   ▶ /_astro/Healthy-Smiles-This-Halloween-1.CNPi-dY9_Z1H8yf7.jpg (reused cache entry) (+10ms) (3155/4055)
16:39:38   ▶ /_astro/TD_April2018Blog_BadBreath-1080x675-1024x640-1.XkUJHgKF_ZqDeN9.avif (reused cache entry) (+9ms) (3156/4055)
16:39:38   ▶ /_astro/Toothpicks.C1KZda4Y_10vU63.avif (reused cache entry) (+9ms) (3157/4055)
16:39:38   ▶ /_astro/matthew-poetker-nWZs_SnBDmg-unsplash-1-scaled-1.Wkyh28ZO_1IHSor.jpg (reused cache entry) (+10ms) (3158/4055)
16:39:38   ▶ /_astro/Travel-Tips-for-Your-Teeth-1.luRuikr8_CcE0h.avif (reused cache entry) (+9ms) (3159/4055)
16:39:38   ▶ /_astro/luis-machado-nCGl8FrGHb0-unsplash-1-scaled-1.mRSuwKb5_Z1qwWY3.jpg (reused cache entry) (+8ms) (3160/4055)
16:39:38   ▶ /_astro/closeup-photography-of-woman-smiling-1.ZNkxOzN-_2w7aqz.jpg (reused cache entry) (+7ms) (3161/4055)
16:39:38   ▶ /_astro/smiling-woman-standing-beside-plant-1.C9TghpMh_Z1vC7IG.jpg (reused cache entry) (+7ms) (3162/4055)
16:39:38   ▶ /_astro/person-wearing-silver-colored-ring-while-holding-denture-1.FYfPFinS_Z1B3QY1.jpg (reused cache entry) (+7ms) (3163/4055)
16:39:38   ▶ /_astro/daniel-frank-wKbWAMlHgNo-unsplash-1-scaled-1.BIJPweHJ_1Xp5dq.jpg (reused cache entry) (+9ms) (3164/4055)
16:39:38   ▶ /_astro/woman-wearing-invisalign.1QOXVaSk_1ltF7q.jpg (reused cache entry) (+7ms) (3165/4055)
16:39:38   ▶ /_astro/broken-cigarette-1.BIWEOL8B_ZKD88l.avif (reused cache entry) (+6ms) (3166/4055)
16:39:38   ▶ /_astro/kid-brushing-her-teeth-1.lP4eQaZQ_ZAhIzo.avif (reused cache entry) (+7ms) (3167/4055)
16:39:38   ▶ /_astro/matthew-poetker-nWZs_SnBDmg-unsplash-1-scaled-1.Wkyh28ZO_ZMtnUS.jpg (reused cache entry) (+10ms) (3168/4055)
16:39:38   ▶ /_astro/TD_April2018Blog_BadBreath-1080x675-1024x640-1.XkUJHgKF_ZYSqEI.avif (reused cache entry) (+12ms) (3169/4055)
16:39:38   ▶ /_astro/Toothpicks.C1KZda4Y_Z2orym0.jpg (reused cache entry) (+13ms) (3170/4055)
16:39:38   ▶ /_astro/Travel-Tips-for-Your-Teeth-1.luRuikr8_ZdnjOn.jpg (reused cache entry) (+13ms) (3171/4055)
16:39:38   ▶ /_astro/Bad-Breath-1.i3oDUo46_Z1IXDLw.avif (reused cache entry) (+12ms) (3172/4055)
16:39:38   ▶ /_astro/luis-machado-nCGl8FrGHb0-unsplash-1-scaled-1.mRSuwKb5_ZETyNH.jpg (reused cache entry) (+14ms) (3173/4055)
16:39:38   ▶ /_astro/smiling-woman-standing-beside-plant-1.C9TghpMh_Z21R0hU.jpg (reused cache entry) (+12ms) (3174/4055)
16:39:38   ▶ /_astro/broken-cigarette-1.BIWEOL8B_Z2jt4Wp.avif (reused cache entry) (+13ms) (3175/4055)
16:39:38   ▶ /_astro/woman-wearing-invisalign.1QOXVaSk_Z1KJYgC.avif (reused cache entry) (+14ms) (3176/4055)
16:39:38   ▶ /_astro/Home-whitening-vs.-In-Office-Whitening-1.4Wwo6OsA_2DpnX.avif (reused cache entry) (+15ms) (3177/4055)
16:39:38   ▶ /_astro/matthew-poetker-nWZs_SnBDmg-unsplash-1-scaled-1.Wkyh28ZO_ZuCD6S.jpg (reused cache entry) (+10ms) (3178/4055)
16:39:38   ▶ /_astro/daniel-frank-wKbWAMlHgNo-unsplash-1-scaled-1.BIJPweHJ_Z2fqbYp.jpg (reused cache entry) (+20ms) (3179/4055)
16:39:38   ▶ /_astro/kid-brushing-her-teeth-1.lP4eQaZQ_Zz9Aqf.jpg (reused cache entry) (+19ms) (3180/4055)
16:39:38   ▶ /_astro/TD_April2018Blog_BadBreath-1080x675-1024x640-1.XkUJHgKF_Z2vkY3p.jpg (reused cache entry) (+13ms) (3181/4055)
16:39:38   ▶ /_astro/Toothpicks.C1KZda4Y_1CKAIt.jpg (reused cache entry) (+19ms) (3182/4055)
16:39:38   ▶ /_astro/Bad-Breath-1.i3oDUo46_Z2vWUp.avif (reused cache entry) (+18ms) (3183/4055)
16:39:38   ▶ /_astro/Travel-Tips-for-Your-Teeth-1.luRuikr8_xV85y.jpg (reused cache entry) (+19ms) (3184/4055)
16:39:38   ▶ /_astro/smiling-woman-standing-beside-plant-1.C9TghpMh_sLBXh.avif (reused cache entry) (+18ms) (3185/4055)
16:39:38   ▶ /_astro/broken-cigarette-1.BIWEOL8B_Z1ofx6g.avif (reused cache entry) (+16ms) (3186/4055)
16:39:38   ▶ /_astro/woman-wearing-invisalign.1QOXVaSk_Z2fnmof.avif (reused cache entry) (+16ms) (3187/4055)
16:39:38   ▶ /_astro/luis-machado-nCGl8FrGHb0-unsplash-1-scaled-1.mRSuwKb5_brhMo.jpg (reused cache entry) (+20ms) (3188/4055)
16:39:38   ▶ /_astro/Home-whitening-vs.-In-Office-Whitening-1.4Wwo6OsA_11Rohl.avif (reused cache entry) (+17ms) (3189/4055)
16:39:38   ▶ /_astro/matthew-poetker-nWZs_SnBDmg-unsplash-1-scaled-1.Wkyh28ZO_1IRzH3.jpg (reused cache entry) (+15ms) (3190/4055)
16:39:38   ▶ /_astro/kid-brushing-her-teeth-1.lP4eQaZQ_Z2nXmhb.jpg (reused cache entry) (+13ms) (3191/4055)
16:39:38   ▶ /_astro/TD_April2018Blog_BadBreath-1080x675-1024x640-1.XkUJHgKF_2h9s3H.jpg (reused cache entry) (+14ms) (3192/4055)
16:39:38   ▶ /_astro/poor-dental-health-lead-to-liver-cancer-1.KYATHU1q_21JStS.avif (reused cache entry) (+15ms) (3193/4055)
16:39:38   ▶ /_astro/Bad-Breath-1.i3oDUo46_Z2kGvRL.jpg (reused cache entry) (+8ms) (3194/4055)
16:39:38   ▶ /_astro/smiling-woman-standing-beside-plant-1.C9TghpMh_2gxgG.avif (reused cache entry) (+8ms) (3195/4055)
16:39:38   ▶ /_astro/Toothpicks.C1KZda4Y_ZgCoGs.jpg (reused cache entry) (+9ms) (3196/4055)
16:39:38   ▶ /_astro/Travel-Tips-for-Your-Teeth-1.luRuikr8_Zdc6dN.jpg (reused cache entry) (+8ms) (3197/4055)
16:39:38   ▶ /_astro/woman-wearing-invisalign.1QOXVaSk_fiShw.avif (reused cache entry) (+8ms) (3198/4055)
16:39:38   ▶ /_astro/Home-whitening-vs.-In-Office-Whitening-1.4Wwo6OsA_tCFtq.avif (reused cache entry) (+8ms) (3199/4055)
16:39:38   ▶ /_astro/healthygums-1.BZyH2woA_Z1GBAnv.avif (reused cache entry) (+9ms) (3200/4055)
16:39:38   ▶ /_astro/broken-cigarette-1.BIWEOL8B_2wWicX.jpg (reused cache entry) (+10ms) (3201/4055)
16:39:38   ▶ /_astro/matthew-poetker-nWZs_SnBDmg-unsplash-1-scaled-1.Wkyh28ZO_Z1jSwDz.jpg (reused cache entry) (+8ms) (3202/4055)
16:39:38   ▶ /_astro/kid-brushing-her-teeth-1.lP4eQaZQ_Zoxvai.jpg (reused cache entry) (+7ms) (3203/4055)
16:39:38   ▶ /_astro/poor-dental-health-lead-to-liver-cancer-1.KYATHU1q_oG8QW.avif (reused cache entry) (+7ms) (3204/4055)
16:39:38   ▶ /_astro/TD_April2018Blog_BadBreath-1080x675-1024x640-1.XkUJHgKF_y8OwU.jpg (reused cache entry) (+8ms) (3205/4055)
16:39:38   ▶ /_astro/Bad-Breath-1.i3oDUo46_ZDeP1E.jpg (reused cache entry) (+7ms) (3206/4055)
16:39:38   ▶ /_astro/smiling-woman-standing-beside-plant-1.C9TghpMh_ZS8bDq.avif (reused cache entry) (+7ms) (3207/4055)
16:39:38   ▶ /_astro/Toothpicks.C1KZda4Y_7MBMh.avif (reused cache entry) (+7ms) (3208/4055)
16:39:38   ▶ /_astro/woman-wearing-invisalign.1QOXVaSk_1cbQnu.jpg (reused cache entry) (+7ms) (3209/4055)
16:39:38   ▶ /_astro/healthygums-1.BZyH2woA_Z1kecyy.avif (reused cache entry) (+6ms) (3210/4055)
16:39:38   ▶ /_astro/Travel-Tips-for-Your-Teeth-1.luRuikr8_ikDON.jpg (reused cache entry) (+10ms) (3211/4055)
16:39:38   ▶ /_astro/Home-whitening-vs.-In-Office-Whitening-1.4Wwo6OsA_21J5X9.jpg (reused cache entry) (+8ms) (3212/4055)
16:39:38   ▶ /_astro/broken-cigarette-1.BIWEOL8B_Y7lnT.jpg (reused cache entry) (+8ms) (3213/4055)
16:39:38   ▶ /_astro/matthew-poetker-nWZs_SnBDmg-unsplash-1-scaled-1.Wkyh28ZO_O9heC.jpg (reused cache entry) (+8ms) (3214/4055)
16:39:38   ▶ /_astro/kid-brushing-her-teeth-1.lP4eQaZQ_Zat4UE.jpg (reused cache entry) (+8ms) (3215/4055)
16:39:38   ▶ /_astro/poor-dental-health-lead-to-liver-cancer-1.KYATHU1q_Z8xyUX.avif (reused cache entry) (+7ms) (3216/4055)
16:39:38   ▶ /_astro/TD_April2018Blog_BadBreath-1080x675-1024x640-1.XkUJHgKF_Z6mjE.jpg (reused cache entry) (+7ms) (3217/4055)
16:39:38   ▶ /_astro/Bad-Breath-1.i3oDUo46_ZDVQkE.avif (reused cache entry) (+7ms) (3218/4055)
16:39:38   ▶ /_astro/Toothpicks.C1KZda4Y_1f5zzj.avif (reused cache entry) (+7ms) (3219/4055)
16:39:38   ▶ /_astro/smiling-woman-standing-beside-plant-1.C9TghpMh_ZKwg7U.jpg (reused cache entry) (+8ms) (3220/4055)
16:39:38   ▶ /_astro/woman-wearing-invisalign.1QOXVaSk_HytfR.jpg (reused cache entry) (+7ms) (3221/4055)
16:39:38   ▶ /_astro/healthygums-1.BZyH2woA_2uzMcA.avif (reused cache entry) (+7ms) (3222/4055)
16:39:38   ▶ /_astro/Travel-Tips-for-Your-Teeth-1.luRuikr8_1iS3Nc.avif (reused cache entry) (+7ms) (3223/4055)
16:39:38   ▶ /_astro/Home-whitening-vs.-In-Office-Whitening-1.4Wwo6OsA_Z24e3Wp.jpg (reused cache entry) (+8ms) (3224/4055)
16:39:38   ▶ /_astro/broken-cigarette-1.BIWEOL8B_1TkSf3.jpg (reused cache entry) (+7ms) (3225/4055)
16:39:38   ▶ /_astro/Spoon-Of-Coconut-Oil-1.Bz4c2X6e_ZISyC3.avif (reused cache entry) (+6ms) (3226/4055)
16:39:38   ▶ /_astro/kid-brushing-her-teeth-1.lP4eQaZQ_1S1s5r.avif (reused cache entry) (+6ms) (3227/4055)
16:39:38   ▶ /_astro/TD_April2018Blog_BadBreath-1080x675-1024x640-1.XkUJHgKF_2grIro.avif (reused cache entry) (+6ms) (3228/4055)
16:39:38   ▶ /_astro/Bad-Breath-1.i3oDUo46_Z2lUoCY.avif (reused cache entry) (+6ms) (3229/4055)
16:39:38   ▶ /_astro/Toothpicks.C1KZda4Y_Z18LJgI.avif (reused cache entry) (+8ms) (3230/4055)
16:39:38   ▶ /_astro/smiling-woman-standing-beside-plant-1.C9TghpMh_Z1c2kOv.jpg (reused cache entry) (+9ms) (3231/4055)
16:39:38   ▶ /_astro/woman-wearing-invisalign.1QOXVaSk_Z1QVoRi.jpg (reused cache entry) (+9ms) (3232/4055)
16:39:38   ▶ /_astro/poor-dental-health-lead-to-liver-cancer-1.KYATHU1q_Z1N6Yin.avif (reused cache entry) (+12ms) (3233/4055)
16:39:38   ▶ /_astro/healthygums-1.BZyH2woA_2fO0VG.avif (reused cache entry) (+10ms) (3234/4055)
16:39:38   ▶ /_astro/Travel-Tips-for-Your-Teeth-1.luRuikr8_1274d6.avif (reused cache entry) (+9ms) (3235/4055)
16:39:38   ▶ /_astro/broken-cigarette-1.BIWEOL8B_Z20wy3j.avif (reused cache entry) (+9ms) (3236/4055)
16:39:38   ▶ /_astro/Home-whitening-vs.-In-Office-Whitening-1.4Wwo6OsA_2sIm3B.jpg (reused cache entry) (+9ms) (3237/4055)
16:39:38   ▶ /_astro/Spoon-Of-Coconut-Oil-1.Bz4c2X6e_Z1Xrymv.avif (reused cache entry) (+10ms) (3238/4055)
16:39:38   ▶ /_astro/kid-brushing-her-teeth-1.lP4eQaZQ_1KpKrx.avif (reused cache entry) (+9ms) (3239/4055)
16:39:38   ▶ /_astro/TD_April2018Blog_BadBreath-1080x675-1024x640-1.XkUJHgKF_Z2bgwcd.avif (reused cache entry) (+8ms) (3240/4055)
16:39:38   ▶ /_astro/Bad-Breath-1.i3oDUo46_Z1fEIqT.jpg (reused cache entry) (+9ms) (3241/4055)
16:39:38   ▶ /_astro/Toothpicks.C1KZda4Y_Z19lH0e.jpg (reused cache entry) (+7ms) (3242/4055)
16:39:38   ▶ /_astro/smiling-woman-standing-beside-plant-1.C9TghpMh_Z27r4JC.jpg (reused cache entry) (+7ms) (3243/4055)
16:39:38   ▶ /_astro/dentists-watching-x-ray-1.C0VC6gIF_Z30Edl.avif (reused cache entry) (+7ms) (3244/4055)
16:39:38   ▶ /_astro/Travel-Tips-for-Your-Teeth-1.luRuikr8_I2IN5.avif (reused cache entry) (+6ms) (3245/4055)
16:39:38   ▶ /_astro/poor-dental-health-lead-to-liver-cancer-1.KYATHU1q_Z14lyJR.jpg (reused cache entry) (+9ms) (3246/4055)
16:39:38   ▶ /_astro/healthygums-1.BZyH2woA_Zs3Gsi.jpg (reused cache entry) (+8ms) (3247/4055)
16:39:38   ▶ /_astro/broken-cigarette-1.BIWEOL8B_zXv1k.avif (reused cache entry) (+7ms) (3248/4055)
16:39:38   ▶ /_astro/kid-brushing-her-teeth-1.lP4eQaZQ_13mbGi.avif (reused cache entry) (+7ms) (3249/4055)
16:39:38   ▶ /_astro/Home-whitening-vs.-In-Office-Whitening-1.4Wwo6OsA_1dLEYb.avif (reused cache entry) (+8ms) (3250/4055)
16:39:38   ▶ /_astro/TD_April2018Blog_BadBreath-1080x675-1024x640-1.XkUJHgKF_Z1RBnRk.avif (reused cache entry) (+8ms) (3251/4055)
16:39:38   ▶ /_astro/Spoon-Of-Coconut-Oil-1.Bz4c2X6e_2fBgtd.avif (reused cache entry) (+9ms) (3252/4055)
16:39:38   ▶ /_astro/Bad-Breath-1.i3oDUo46_27xR4H.jpg (reused cache entry) (+9ms) (3253/4055)
16:39:38   ▶ /_astro/Toothpicks.C1KZda4Y_Z23Jdc.jpg (reused cache entry) (+9ms) (3254/4055)
16:39:38   ▶ /_astro/Missing-Teeth-1-scaled.B4J-j1kf_Z2l9twT.avif (reused cache entry) (+8ms) (3255/4055)
16:39:38   ▶ /_astro/dentists-watching-x-ray-1.C0VC6gIF_24cQOU.avif (reused cache entry) (+8ms) (3256/4055)
16:39:38   ▶ /_astro/Travel-Tips-for-Your-Teeth-1.luRuikr8_1MohyG.avif (reused cache entry) (+7ms) (3257/4055)
16:39:38   ▶ /_astro/broken-cigarette-1.BIWEOL8B_9IOuH.avif (reused cache entry) (+7ms) (3258/4055)
16:39:38   ▶ /_astro/healthygums-1.BZyH2woA_Z5FiDl.jpg (reused cache entry) (+7ms) (3259/4055)
16:39:38   ▶ /_astro/poor-dental-health-lead-to-liver-cancer-1.KYATHU1q_2nLOr8.jpg (reused cache entry) (+8ms) (3260/4055)
16:39:38   ▶ /_astro/kid-brushing-her-teeth-1.lP4eQaZQ_Z2tKExb.avif (reused cache entry) (+7ms) (3261/4055)
16:39:38   ▶ /_astro/TD_April2018Blog_BadBreath-1080x675-1024x640-1.XkUJHgKF_Z2tF6fk.avif (reused cache entry) (+8ms) (3262/4055)
16:39:38   ▶ /_astro/Home-whitening-vs.-In-Office-Whitening-1.4Wwo6OsA_1n6XiP.avif (reused cache entry) (+9ms) (3263/4055)
16:39:38   ▶ /_astro/white-and-blue-toothbrush-with-blue-toothpaste-1.kojrqoST_18FDs4.avif (reused cache entry) (+7ms) (3264/4055)
16:39:38   ▶ /_astro/Spoon-Of-Coconut-Oil-1.Bz4c2X6e_vXKpa.avif (reused cache entry) (+8ms) (3265/4055)
16:39:38   ▶ /_astro/Missing-Teeth-1-scaled.B4J-j1kf_Z1cqbbO.avif (reused cache entry) (+7ms) (3266/4055)
16:39:38   ▶ /_astro/dentists-watching-x-ray-1.C0VC6gIF_IpeN2.avif (reused cache entry) (+7ms) (3267/4055)
16:39:38   ▶ /_astro/Toothpicks.C1KZda4Y_Z2pV44e.jpg (reused cache entry) (+8ms) (3268/4055)
16:39:38   ▶ /_astro/broken-cigarette-1.BIWEOL8B_Z1dmdHD.avif (reused cache entry) (+6ms) (3269/4055)
16:39:38   ▶ /_astro/Travel-Tips-for-Your-Teeth-1.luRuikr8_1nlg7k.jpg (reused cache entry) (+7ms) (3270/4055)
16:39:38   ▶ /_astro/kid-brushing-her-teeth-1.lP4eQaZQ_ZfkOau.jpg (reused cache entry) (+7ms) (3271/4055)
16:39:38   ▶ /_astro/TD_April2018Blog_BadBreath-1080x675-1024x640-1.XkUJHgKF_Z2qv4z7.jpg (reused cache entry) (+5ms) (3272/4055)
16:39:38   ▶ /_astro/healthygums-1.BZyH2woA_Z1l3rG8.jpg (reused cache entry) (+8ms) (3273/4055)
16:39:38   ▶ /_astro/poor-dental-health-lead-to-liver-cancer-1.KYATHU1q_1Px6Dd.jpg (reused cache entry) (+9ms) (3274/4055)
16:39:38   ▶ /_astro/Home-whitening-vs.-In-Office-Whitening-1.4Wwo6OsA_Z1AHi0R.avif (reused cache entry) (+6ms) (3275/4055)
16:39:38   ▶ /_astro/white-and-blue-toothbrush-with-blue-toothpaste-1.kojrqoST_Z6VYli.avif (reused cache entry) (+6ms) (3276/4055)
16:39:38   ▶ /_astro/Missing-Teeth-1-scaled.B4J-j1kf_Z23yua2.avif (reused cache entry) (+6ms) (3277/4055)
16:39:38   ▶ /_astro/broken-cigarette-1.BIWEOL8B_1i3Ri0.jpg (reused cache entry) (+5ms) (3278/4055)
16:39:38   ▶ /_astro/iStock-609685270.BDYbo86i_1njEho.avif (reused cache entry) (+6ms) (3279/4055)
16:39:38   ▶ /_astro/dentists-watching-x-ray-1.C0VC6gIF_KU3HN.avif (reused cache entry) (+7ms) (3280/4055)
16:39:38   ▶ /_astro/Spoon-Of-Coconut-Oil-1.Bz4c2X6e_2e3h24.jpg (reused cache entry) (+9ms) (3281/4055)
16:39:38   ▶ /_astro/Travel-Tips-for-Your-Teeth-1.luRuikr8_Hf42C.jpg (reused cache entry) (+7ms) (3282/4055)
16:39:38   ▶ /_astro/kid-brushing-her-teeth-1.lP4eQaZQ_2bep6h.jpg (reused cache entry) (+6ms) (3283/4055)
16:39:38   ▶ /_astro/TD_April2018Blog_BadBreath-1080x675-1024x640-1.XkUJHgKF_Z1btrQ9.jpg (reused cache entry) (+7ms) (3284/4055)
16:39:38   ▶ /_astro/Home-whitening-vs.-In-Office-Whitening-1.4Wwo6OsA_1LqrLb.avif (reused cache entry) (+6ms) (3285/4055)
16:39:38   ▶ /_astro/white-and-blue-toothbrush-with-blue-toothpaste-1.kojrqoST_Zs6T3k.avif (reused cache entry) (+7ms) (3286/4055)
16:39:38   ▶ /_astro/Missing-Teeth-1-scaled.B4J-j1kf_1i08zQ.avif (reused cache entry) (+7ms) (3287/4055)
16:39:38   ▶ /_astro/healthygums-1.BZyH2woA_Z1zOdW2.jpg (reused cache entry) (+9ms) (3288/4055)
16:39:38   ▶ /_astro/broken-cigarette-1.BIWEOL8B_Z1bCcri.jpg (reused cache entry) (+7ms) (3289/4055)
16:39:38   ▶ /_astro/iStock-609685270.BDYbo86i_Z2uEWYD.avif (reused cache entry) (+7ms) (3290/4055)
16:39:38   ▶ /_astro/poor-dental-health-lead-to-liver-cancer-1.KYATHU1q_aXGgN.jpg (reused cache entry) (+10ms) (3291/4055)
16:39:38   ▶ /_astro/kid-brushing-her-teeth-1.lP4eQaZQ_1taPl2.jpg (reused cache entry) (+6ms) (3292/4055)
16:39:38   ▶ /_astro/Travel-Tips-for-Your-Teeth-1.luRuikr8_oaICB.jpg (reused cache entry) (+7ms) (3293/4055)
16:39:38   ▶ /_astro/Spoon-Of-Coconut-Oil-1.Bz4c2X6e_YuhhB.jpg (reused cache entry) (+8ms) (3294/4055)
16:39:38   ▶ /_astro/dentists-watching-x-ray-1.C0VC6gIF_Z2bmVth.jpg (reused cache entry) (+9ms) (3295/4055)
16:39:38   ▶ /_astro/TD_April2018Blog_BadBreath-1080x675-1024x640-1.XkUJHgKF_ZROjwg.jpg (reused cache entry) (+8ms) (3296/4055)
16:39:38   ▶ /_astro/white-and-blue-toothbrush-with-blue-toothpaste-1.kojrqoST_iGvtN.avif (reused cache entry) (+7ms) (3297/4055)
16:39:38   ▶ /_astro/Missing-Teeth-1-scaled.B4J-j1kf_oIbPa.avif (reused cache entry) (+6ms) (3298/4055)
16:39:38   ▶ /_astro/Home-whitening-vs.-In-Office-Whitening-1.4Wwo6OsA_1Jh42y.jpg (reused cache entry) (+8ms) (3299/4055)
16:39:38   ▶ /_astro/iStock-609685270.BDYbo86i_Z1zrq8u.avif (reused cache entry) (+6ms) (3300/4055)
16:39:38   ▶ /_astro/broken-cigarette-1.BIWEOL8B_Z1BQRWU.jpg (reused cache entry) (+8ms) (3301/4055)
16:39:38   ▶ /_astro/healthygums-1.BZyH2woA_1CyuOJ.avif (reused cache entry) (+9ms) (3302/4055)
16:39:38   ▶ /_astro/kid-brushing-her-teeth-1.lP4eQaZQ_Z23W0Sr.jpg (reused cache entry) (+6ms) (3303/4055)
16:39:38   ▶ /_astro/poor-dental-health-lead-to-liver-cancer-1.KYATHU1q_LnWor.avif (reused cache entry) (+8ms) (3304/4055)
16:39:38   ▶ /_astro/Travel-Tips-for-Your-Teeth-1.luRuikr8_1swhod.jpg (reused cache entry) (+6ms) (3305/4055)
16:39:38   ▶ /_astro/dentists-watching-x-ray-1.C0VC6gIF_Z49pq1.jpg (reused cache entry) (+6ms) (3306/4055)
16:39:38   ▶ /_astro/Spoon-Of-Coconut-Oil-1.Bz4c2X6e_8lXjo.jpg (reused cache entry) (+7ms) (3307/4055)
16:39:38   ▶ /_astro/TD_April2018Blog_BadBreath-1080x675-1024x640-1.XkUJHgKF_Z1tS1Tg.jpg (reused cache entry) (+5ms) (3308/4055)
16:39:38   ▶ /_astro/white-and-blue-toothbrush-with-blue-toothpaste-1.kojrqoST_Z2iCdnw.jpg (reused cache entry) (+5ms) (3309/4055)
16:39:38   ▶ /_astro/Home-whitening-vs.-In-Office-Whitening-1.4Wwo6OsA_Z1HYtUU.jpg (reused cache entry) (+5ms) (3310/4055)
16:39:38   ▶ /_astro/Missing-Teeth-1-scaled.B4J-j1kf_1rpSfA.avif (reused cache entry) (+6ms) (3311/4055)
16:39:38   ▶ /_astro/iStock-609685270.BDYbo86i_22zIva.avif (reused cache entry) (+5ms) (3312/4055)
16:39:38   ▶ /_astro/broken-cigarette-1.BIWEOL8B_25ecCF.jpg (reused cache entry) (+5ms) (3313/4055)
16:39:38   ▶ /_astro/healthygums-1.BZyH2woA_Z1D1JtF.avif (reused cache entry) (+5ms) (3314/4055)
16:39:38   ▶ /_astro/poor-dental-health-lead-to-liver-cancer-1.KYATHU1q_JUHSr.avif (reused cache entry) (+5ms) (3315/4055)
16:39:38   ▶ /_astro/zahnreinigung_dental_repairs_treat_teeth_brushing_teeth_catching_teeth_dentist_dental_instruments_dentist_equipment-579991.DR0-94sp_SLnNu.avif (reused cache entry) (+6ms) (3316/4055)
16:39:38   ▶ /_astro/care-chair-clean-305568-scaled.D6xaq-Zw_ZeekLc.avif (reused cache entry) (+5ms) (3317/4055)
16:39:38   ▶ /_astro/Screen-Shot-2018-12-28-at-1.07.33-PM.C4q_b7pT_p6nIo.avif (reused cache entry) (+5ms) (3318/4055)
16:39:38   ▶ /_astro/dentists-watching-x-ray-1.C0VC6gIF_Z1oW2rT.jpg (reused cache entry) (+6ms) (3319/4055)
16:39:38   ▶ /_astro/white-and-blue-toothbrush-with-blue-toothpaste-1.kojrqoST_1vVhC3.jpg (reused cache entry) (+6ms) (3320/4055)
16:39:38   ▶ /_astro/Home-whitening-vs.-In-Office-Whitening-1.4Wwo6OsA_nnnyj.jpg (reused cache entry) (+6ms) (3321/4055)
16:39:38   ▶ /_astro/Spoon-Of-Coconut-Oil-1.Bz4c2X6e_Z1AgwJE.jpg (reused cache entry) (+8ms) (3322/4055)
16:39:38   ▶ /_astro/iStock-609685270.BDYbo86i_y1wX0.avif (reused cache entry) (+7ms) (3323/4055)
16:39:38   ▶ /_astro/healthygums-1.BZyH2woA_g2hG0.avif (reused cache entry) (+7ms) (3324/4055)
16:39:38   ▶ /_astro/Missing-Teeth-1-scaled.B4J-j1kf_AFn16.jpg (reused cache entry) (+8ms) (3325/4055)
16:39:38   ▶ /_astro/baylee-gramling-OTTKWktB8zU-unsplash-1-scaled.DUVM1T_N_Z1B5YH5.avif (reused cache entry) (+8ms) (3326/4055)
16:39:38   ▶ /_astro/poor-dental-health-lead-to-liver-cancer-1.KYATHU1q_Z2dSxqg.avif (reused cache entry) (+7ms) (3327/4055)
16:39:38   ▶ /_astro/care-chair-clean-305568-scaled.D6xaq-Zw_aw9wl.avif (reused cache entry) (+8ms) (3328/4055)
16:39:38   ▶ /_astro/zahnreinigung_dental_repairs_treat_teeth_brushing_teeth_catching_teeth_dentist_dental_instruments_dentist_equipment-579991.DR0-94sp_Z2exAFU.avif (reused cache entry) (+9ms) (3329/4055)
16:39:38   ▶ /_astro/dentists-watching-x-ray-1.C0VC6gIF_Z1mrdx8.jpg (reused cache entry) (+9ms) (3330/4055)
16:39:38   ▶ /_astro/white-and-blue-toothbrush-with-blue-toothpaste-1.kojrqoST_1aLmU1.jpg (reused cache entry) (+9ms) (3331/4055)
16:39:38   ▶ /_astro/Screen-Shot-2018-12-28-at-1.07.33-PM.C4q_b7pT_1HCKqT.png (reused cache entry) (+10ms) (3332/4055)
16:39:38   ▶ /_astro/Home-whitening-vs.-In-Office-Whitening-1.4Wwo6OsA_Z1jF0sz.jpg (reused cache entry) (+8ms) (3333/4055)
16:39:38   ▶ /_astro/Spoon-Of-Coconut-Oil-1.Bz4c2X6e_12j3ug.avif (reused cache entry) (+8ms) (3334/4055)
16:39:38   ▶ /_astro/healthygums-1.BZyH2woA_Z1KU3e1.avif (reused cache entry) (+7ms) (3335/4055)
16:39:38   ▶ /_astro/Missing-Teeth-1-scaled.B4J-j1kf_1KvEsi.jpg (reused cache entry) (+7ms) (3336/4055)
16:39:38   ▶ /_astro/baylee-gramling-OTTKWktB8zU-unsplash-1-scaled.DUVM1T_N_ZQna8z.avif (reused cache entry) (+8ms) (3337/4055)
16:39:38   ▶ /_astro/poor-dental-health-lead-to-liver-cancer-1.KYATHU1q_19fclM.avif (reused cache entry) (+7ms) (3338/4055)
16:39:38   ▶ /_astro/care-chair-clean-305568-scaled.D6xaq-Zw_Z19rctE.avif (reused cache entry) (+6ms) (3339/4055)
16:39:38   ▶ /_astro/iStock-609685270.BDYbo86i_ZT9zAi.jpg (reused cache entry) (+11ms) (3340/4055)
16:39:38   ▶ /_astro/zahnreinigung_dental_repairs_treat_teeth_brushing_teeth_catching_teeth_dentist_dental_instruments_dentist_equipment-579991.DR0-94sp_1kKxim.avif (reused cache entry) (+7ms) (3341/4055)
16:39:38   ▶ /_astro/Screen-Shot-2018-12-28-at-1.07.33-PM.C4q_b7pT_2gfdXI.avif (reused cache entry) (+5ms) (3342/4055)
16:39:38   ▶ /_astro/dentists-watching-x-ray-1.C0VC6gIF_1NAtyw.avif (reused cache entry) (+6ms) (3343/4055)
16:39:38   ▶ /_astro/Spoon-Of-Coconut-Oil-1.Bz4c2X6e_1BG4BE.avif (reused cache entry) (+5ms) (3344/4055)
16:39:38   ▶ /_astro/teethwhiteningGeio.Dd-BsjBu_1Uotaz.avif (reused cache entry) (+7ms) (3345/4055)
16:39:38   ▶ /_astro/white-and-blue-toothbrush-with-blue-toothpaste-1.kojrqoST_1VzMs9.jpg (reused cache entry) (+8ms) (3346/4055)
16:39:38   ▶ /_astro/healthygums-1.BZyH2woA_ZDMJ98.jpg (reused cache entry) (+6ms) (3347/4055)
16:39:38   ▶ /_astro/Missing-Teeth-1-scaled.B4J-j1kf_Tnlu5.jpg (reused cache entry) (+6ms) (3348/4055)
16:39:38   ▶ /_astro/baylee-gramling-OTTKWktB8zU-unsplash-1-scaled.DUVM1T_N_2uNl9z.avif (reused cache entry) (+6ms) (3349/4055)
16:39:38   ▶ /_astro/care-chair-clean-305568-scaled.D6xaq-Zw_aTIE0.avif (reused cache entry) (+6ms) (3350/4055)
16:39:38   ▶ /_astro/iStock-609685270.BDYbo86i_MUslF.jpg (reused cache entry) (+6ms) (3351/4055)
16:39:38   ▶ /_astro/poor-dental-health-lead-to-liver-cancer-1.KYATHU1q_Z2jHuPj.jpg (reused cache entry) (+7ms) (3352/4055)
16:39:38   ▶ /_astro/Screen-Shot-2018-12-28-at-1.07.33-PM.C4q_b7pT_Z22QBnh.avif (reused cache entry) (+5ms) (3353/4055)
16:39:38   ▶ /_astro/Spoon-Of-Coconut-Oil-1.Bz4c2X6e_ZWNNvv.avif (reused cache entry) (+6ms) (3354/4055)
16:39:38   ▶ /_astro/dentists-watching-x-ray-1.C0VC6gIF_1z7SOY.avif (reused cache entry) (+7ms) (3355/4055)
16:39:38   ▶ /_astro/zahnreinigung_dental_repairs_treat_teeth_brushing_teeth_catching_teeth_dentist_dental_instruments_dentist_equipment-579991.DR0-94sp_2nPy4j.avif (reused cache entry) (+8ms) (3356/4055)
16:39:38   ▶ /_astro/teethwhiteningGeio.Dd-BsjBu_Z1biOWc.avif (reused cache entry) (+6ms) (3357/4055)
16:39:38   ▶ /_astro/white-and-blue-toothbrush-with-blue-toothpaste-1.kojrqoST_Z1YEn45.avif (reused cache entry) (+6ms) (3358/4055)
16:39:38   ▶ /_astro/healthygums-1.BZyH2woA_ZosPys.jpg (reused cache entry) (+7ms) (3359/4055)
16:39:38   ▶ /_astro/Missing-Teeth-1-scaled.B4J-j1kf_ZOf9yX.jpg (reused cache entry) (+7ms) (3360/4055)
16:39:38   ▶ /_astro/care-chair-clean-305568-scaled.D6xaq-Zw_oWuBM.avif (reused cache entry) (+6ms) (3361/4055)
16:39:38   ▶ /_astro/iStock-609685270.BDYbo86i_1I90cO.jpg (reused cache entry) (+6ms) (3362/4055)
16:39:38   ▶ /_astro/poor-dental-health-lead-to-liver-cancer-1.KYATHU1q_Z2laJlj.jpg (reused cache entry) (+7ms) (3363/4055)
16:39:38   ▶ /_astro/baylee-gramling-OTTKWktB8zU-unsplash-1-scaled.DUVM1T_N_1Vy9i0.avif (reused cache entry) (+8ms) (3364/4055)
16:39:38   ▶ /_astro/Spoon-Of-Coconut-Oil-1.Bz4c2X6e_26jrJh.avif (reused cache entry) (+6ms) (3365/4055)
16:39:38   ▶ /_astro/dentists-watching-x-ray-1.C0VC6gIF_Z1Yqy61.avif (reused cache entry) (+6ms) (3366/4055)
16:39:38   ▶ /_astro/Screen-Shot-2018-12-28-at-1.07.33-PM.C4q_b7pT_Z1vpx7H.png (reused cache entry) (+9ms) (3367/4055)
16:39:38   ▶ /_astro/teethwhiteningGeio.Dd-BsjBu_Z3Xefp.avif (reused cache entry) (+7ms) (3368/4055)
16:39:38   ▶ /_astro/white-and-blue-toothbrush-with-blue-toothpaste-1.kojrqoST_1CxVJt.avif (reused cache entry) (+7ms) (3369/4055)
16:39:38   ▶ /_astro/zahnreinigung_dental_repairs_treat_teeth_brushing_teeth_catching_teeth_dentist_dental_instruments_dentist_equipment-579991.DR0-94sp_Z1MstqW.jpg (reused cache entry) (+8ms) (3370/4055)
16:39:38   ▶ /_astro/healthygums-1.BZyH2woA_1uAbBd.jpg (reused cache entry) (+8ms) (3371/4055)
16:39:38   ▶ /_astro/care-chair-clean-305568-scaled.D6xaq-Zw_Dhu9k.avif (reused cache entry) (+7ms) (3372/4055)
16:39:38   ▶ /_astro/Missing-Teeth-1-scaled.B4J-j1kf_OwPtT.jpg (reused cache entry) (+9ms) (3373/4055)
16:39:38   ▶ /_astro/iStock-609685270.BDYbo86i_fY12x.jpg (reused cache entry) (+8ms) (3374/4055)
16:39:38   ▶ /_astro/poor-dental-health-lead-to-liver-cancer-1.KYATHU1q_ZeMQQ5.jpg (reused cache entry) (+8ms) (3375/4055)
16:39:38   ▶ /_astro/dentists-watching-x-ray-1.C0VC6gIF_Z1XAi9j.avif (reused cache entry) (+7ms) (3376/4055)
16:39:38   ▶ /_astro/Spoon-Of-Coconut-Oil-1.Bz4c2X6e_1s7H90.jpg (reused cache entry) (+8ms) (3377/4055)
16:39:38   ▶ /_astro/baylee-gramling-OTTKWktB8zU-unsplash-1-scaled.DUVM1T_N_ZAqtQU.avif (reused cache entry) (+9ms) (3378/4055)
16:39:38   ▶ /_astro/white-and-blue-toothbrush-with-blue-toothpaste-1.kojrqoST_1UoGyt.avif (reused cache entry) (+6ms) (3379/4055)
16:39:38   ▶ /_astro/teethwhiteningGeio.Dd-BsjBu_Z1CMRNK.avif (reused cache entry) (+7ms) (3380/4055)
16:39:38   ▶ /_astro/Screen-Shot-2018-12-28-at-1.07.33-PM.C4q_b7pT_ZJkeEL.png (reused cache entry) (+9ms) (3381/4055)
16:39:38   ▶ /_astro/zahnreinigung_dental_repairs_treat_teeth_brushing_teeth_catching_teeth_dentist_dental_instruments_dentist_equipment-579991.DR0-94sp_8f5de.jpg (reused cache entry) (+8ms) (3382/4055)
16:39:38   ▶ /_astro/healthygums-1.BZyH2woA_Zwm9iN.jpg (reused cache entry) (+6ms) (3383/4055)
16:39:38   ▶ /_astro/Missing-Teeth-1-scaled.B4J-j1kf_ZFVo0l.jpg (reused cache entry) (+8ms) (3384/4055)
16:39:38   ▶ /_astro/poor-dental-health-lead-to-liver-cancer-1.KYATHU1q_Z1VQfRX.jpg (reused cache entry) (+7ms) (3385/4055)
16:39:38   ▶ /_astro/iStock-609685270.BDYbo86i_1iy2pX.jpg (reused cache entry) (+8ms) (3386/4055)
16:39:38   ▶ /_astro/care-chair-clean-305568-scaled.D6xaq-Zw_GfwLs.jpg (reused cache entry) (+9ms) (3387/4055)
16:39:38   ▶ /_astro/white-and-blue-toothbrush-with-blue-toothpaste-1.kojrqoST_ZUhdqw.avif (reused cache entry) (+7ms) (3388/4055)
16:39:38   ▶ /_astro/Spoon-Of-Coconut-Oil-1.Bz4c2X6e_Zuydxa.jpg (reused cache entry) (+8ms) (3389/4055)
16:39:38   ▶ /_astro/dentists-watching-x-ray-1.C0VC6gIF_1EQA6H.jpg (reused cache entry) (+9ms) (3390/4055)
16:39:38   ▶ /_astro/baylee-gramling-OTTKWktB8zU-unsplash-1-scaled.DUVM1T_N_15oSuh.avif (reused cache entry) (+9ms) (3391/4055)
16:39:38   ▶ /_astro/Dental-Plaque-scaled.B726-XVU_8AMac.avif (reused cache entry) (+7ms) (3392/4055)
16:39:38   ▶ /_astro/teethwhiteningGeio.Dd-BsjBu_Z2pgabo.jpg (reused cache entry) (+8ms) (3393/4055)
16:39:38   ▶ /_astro/teeth-denture-on-top-of-blue-shelf-scaled.BQbGHbTl_ZY7WyX.avif (reused cache entry) (+7ms) (3394/4055)
16:39:38   ▶ /_astro/Missing-Teeth-1-scaled.B4J-j1kf_1ooqYg.avif (reused cache entry) (+5ms) (3395/4055)
16:39:38   ▶ /_astro/zahnreinigung_dental_repairs_treat_teeth_brushing_teeth_catching_teeth_dentist_dental_instruments_dentist_equipment-579991.DR0-94sp_Z1mCTBq.jpg (reused cache entry) (+8ms) (3396/4055)
16:39:38   ▶ /_astro/Cosmetic-Dentistry-Market.C9gc_OCD_1irYzj.avif (reused cache entry) (+5ms) (3397/4055)
16:39:38   ▶ /_astro/iStock-609685270.BDYbo86i_2tVlJs.avif (reused cache entry) (+5ms) (3398/4055)
16:39:38   ▶ /_astro/care-chair-clean-305568-scaled.D6xaq-Zw_ZHWRwH.jpg (reused cache entry) (+6ms) (3399/4055)
16:39:38   ▶ /_astro/white-and-blue-toothbrush-with-blue-toothpaste-1.kojrqoST_Z254c5K.jpg (reused cache entry) (+5ms) (3400/4055)
16:39:38   ▶ /_astro/dentists-watching-x-ray-1.C0VC6gIF_ZyenpW.jpg (reused cache entry) (+5ms) (3401/4055)
16:39:38   ▶ /_astro/Spoon-Of-Coconut-Oil-1.Bz4c2X6e_20828B.jpg (reused cache entry) (+6ms) (3402/4055)
16:39:38   ▶ /_astro/Dental-Plaque-scaled.B726-XVU_Z1YwOqQ.avif (reused cache entry) (+5ms) (3403/4055)
16:39:38   ▶ /_astro/teeth-denture-on-top-of-blue-shelf-scaled.BQbGHbTl_bCImQ.avif (reused cache entry) (+5ms) (3404/4055)
16:39:38   ▶ /_astro/teethwhiteningGeio.Dd-BsjBu_ZqLkue.jpg (reused cache entry) (+6ms) (3405/4055)
16:39:38   ▶ /_astro/Missing-Teeth-1-scaled.B4J-j1kf_2nHrMl.avif (reused cache entry) (+5ms) (3406/4055)
16:39:38   ▶ /_astro/zahnreinigung_dental_repairs_treat_teeth_brushing_teeth_catching_teeth_dentist_dental_instruments_dentist_equipment-579991.DR0-94sp_ZjxSPt.jpg (reused cache entry) (+5ms) (3407/4055)
16:39:38   ▶ /_astro/Cosmetic-Dentistry-Market.C9gc_OCD_Z5nDk9.avif (reused cache entry) (+6ms) (3408/4055)
16:39:38   ▶ /_astro/iStock-609685270.BDYbo86i_oLBY6.avif (reused cache entry) (+5ms) (3409/4055)
16:39:38   ▶ /_astro/white-and-blue-toothbrush-with-blue-toothpaste-1.kojrqoST_Z1NJU67.jpg (reused cache entry) (+5ms) (3410/4055)
16:39:38   ▶ /_astro/care-chair-clean-305568-scaled.D6xaq-Zw_Z22VexH.jpg (reused cache entry) (+5ms) (3411/4055)
16:39:38   ▶ /_astro/dentists-watching-x-ray-1.C0VC6gIF_WoirY.jpg (reused cache entry) (+7ms) (3412/4055)
16:39:38   ▶ /_astro/Dental-Plaque-scaled.B726-XVU_LM7xG.avif (reused cache entry) (+7ms) (3413/4055)
16:39:38   ▶ /_astro/Spoon-Of-Coconut-Oil-1.Bz4c2X6e_ZUPpx.jpg (reused cache entry) (+8ms) (3414/4055)
16:39:38   ▶ /_astro/teeth-denture-on-top-of-blue-shelf-scaled.BQbGHbTl_1zlw3l.avif (reused cache entry) (+7ms) (3415/4055)
16:39:38   ▶ /_astro/Missing-Teeth-1-scaled.B4J-j1kf_ZbMqkO.avif (reused cache entry) (+8ms) (3416/4055)
16:39:38   ▶ /_astro/baylee-gramling-OTTKWktB8zU-unsplash-1-scaled.DUVM1T_N_1Mhgg.jpg (reused cache entry) (+14ms) (3417/4055)
16:39:38   ▶ /_astro/zahnreinigung_dental_repairs_treat_teeth_brushing_teeth_catching_teeth_dentist_dental_instruments_dentist_equipment-579991.DR0-94sp_2QM98.avif (reused cache entry) (+8ms) (3418/4055)
16:39:38   ▶ /_astro/teethwhiteningGeio.Dd-BsjBu_Fygcy.jpg (reused cache entry) (+8ms) (3419/4055)
16:39:38   ▶ /_astro/Cosmetic-Dentistry-Market.C9gc_OCD_1T2cLJ.avif (reused cache entry) (+7ms) (3420/4055)
16:39:38   ▶ /_astro/iStock-609685270.BDYbo86i_uHOmO.avif (reused cache entry) (+7ms) (3421/4055)
16:39:38   ▶ /_astro/white-and-blue-toothbrush-with-blue-toothpaste-1.kojrqoST_Z1vTah7.jpg (reused cache entry) (+8ms) (3422/4055)
16:39:38   ▶ /_astro/dentists-watching-x-ray-1.C0VC6gIF_XeyoG.jpg (reused cache entry) (+6ms) (3423/4055)
16:39:38   ▶ /_astro/Dental-Plaque-scaled.B726-XVU_1p0vsn.avif (reused cache entry) (+5ms) (3424/4055)
16:39:38   ▶ /_astro/care-chair-clean-305568-scaled.D6xaq-Zw_ZHzip3.jpg (reused cache entry) (+9ms) (3425/4055)
16:39:38   ▶ /_astro/Screen-Shot-2018-12-10-at-12.21.14-PM.Ck7Vwpd7_ZAeC2f.avif (reused cache entry) (+5ms) (3426/4055)
16:39:38   ▶ /_astro/teeth-denture-on-top-of-blue-shelf-scaled.BQbGHbTl_ZpeJUC.avif (reused cache entry) (+6ms) (3427/4055)
16:39:38   ▶ /_astro/Missing-Teeth-1-scaled.B4J-j1kf_Z2cQiSX.avif (reused cache entry) (+5ms) (3428/4055)
16:39:38   ▶ /_astro/zahnreinigung_dental_repairs_treat_teeth_brushing_teeth_catching_teeth_dentist_dental_instruments_dentist_equipment-579991.DR0-94sp_1z7Kr3.avif (reused cache entry) (+5ms) (3429/4055)
16:39:38   ▶ /_astro/baylee-gramling-OTTKWktB8zU-unsplash-1-scaled.DUVM1T_N_8oTcu.jpg (reused cache entry) (+6ms) (3430/4055)
16:39:38   ▶ /_astro/iStock-609685270.BDYbo86i_Z1oy6JR.avif (reused cache entry) (+5ms) (3431/4055)
16:39:38   ▶ /_astro/teethwhiteningGeio.Dd-BsjBu_ZSgnlM.jpg (reused cache entry) (+6ms) (3432/4055)
16:39:38   ▶ /_astro/white-and-blue-toothbrush-with-blue-toothpaste-1.kojrqoST_HB3wO.jpg (reused cache entry) (+5ms) (3433/4055)
16:39:38   ▶ /_astro/invisalign-1.vNv4f_jq_Xr1LB.avif (reused cache entry) (+5ms) (3434/4055)
16:39:38   ▶ /_astro/Cosmetic-Dentistry-Market.C9gc_OCD_1IgDe3.jpg (reused cache entry) (+7ms) (3435/4055)
16:39:38   ▶ /_astro/Dental-Plaque-scaled.B726-XVU_1shvX6.avif (reused cache entry) (+5ms) (3436/4055)
16:39:38   ▶ /_astro/Screen-Shot-2018-12-10-at-12.21.14-PM.Ck7Vwpd7_1L9LOE.avif (reused cache entry) (+5ms) (3437/4055)
16:39:38   ▶ /_astro/Missing-Teeth-1-scaled.B4J-j1kf_Z1YJ6y6.avif (reused cache entry) (+5ms) (3438/4055)
16:39:38   ▶ /_astro/teeth-denture-on-top-of-blue-shelf-scaled.BQbGHbTl_Z1iCg23.avif (reused cache entry) (+5ms) (3439/4055)
16:39:38   ▶ /_astro/care-chair-clean-305568-scaled.D6xaq-Zw_Z1QiOl4.jpg (reused cache entry) (+6ms) (3440/4055)
16:39:38   ▶ /_astro/zahnreinigung_dental_repairs_treat_teeth_brushing_teeth_catching_teeth_dentist_dental_instruments_dentist_equipment-579991.DR0-94sp_Z28DH7r.avif (reused cache entry) (+5ms) (3441/4055)
16:39:38   ▶ /_astro/iStock-609685270.BDYbo86i_ZMPMml.avif (reused cache entry) (+5ms) (3442/4055)
16:39:38   ▶ /_astro/invisalign-1.vNv4f_jq_1jpika.avif (reused cache entry) (+4ms) (3443/4055)
16:39:38   ▶ /_astro/teethwhiteningGeio.Dd-BsjBu_Z46A3O.avif (reused cache entry) (+6ms) (3444/4055)
16:39:38   ▶ /_astro/baylee-gramling-OTTKWktB8zU-unsplash-1-scaled.DUVM1T_N_Z1zAIji.jpg (reused cache entry) (+7ms) (3445/4055)
16:39:38   ▶ /_astro/Cosmetic-Dentistry-Market.C9gc_OCD_kq0jA.jpg (reused cache entry) (+5ms) (3446/4055)
16:39:38   ▶ /_astro/cosmetic-dentistry-austin.vbLrmiq-_1xNPNl.avif (reused cache entry) (+6ms) (3447/4055)
16:39:38   ▶ /_astro/Dental-Plaque-scaled.B726-XVU_Z1CWPyi.avif (reused cache entry) (+5ms) (3448/4055)
16:39:38   ▶ /_astro/Missing-Teeth-1-scaled.B4J-j1kf_2a7kcN.avif (reused cache entry) (+5ms) (3449/4055)
16:39:38   ▶ /_astro/teeth-denture-on-top-of-blue-shelf-scaled.BQbGHbTl_Z27Q6CP.avif (reused cache entry) (+6ms) (3450/4055)
16:39:38   ▶ /_astro/zahnreinigung_dental_repairs_treat_teeth_brushing_teeth_catching_teeth_dentist_dental_instruments_dentist_equipment-579991.DR0-94sp_Zeau5h.avif (reused cache entry) (+6ms) (3451/4055)
16:39:38   ▶ /_astro/Screen-Shot-2018-12-10-at-12.21.14-PM.Ck7Vwpd7_ZQnesX.png (reused cache entry) (+9ms) (3452/4055)
16:39:38   ▶ /_astro/care-chair-clean-305568-scaled.D6xaq-Zw_1yLmGY.jpg (reused cache entry) (+8ms) (3453/4055)
16:39:38   ▶ /_astro/iStock-609685270.BDYbo86i_Z1PIhBv.jpg (reused cache entry) (+7ms) (3454/4055)
16:39:38   ▶ /_astro/invisalign-1.vNv4f_jq_Z2qfvVd.jpg (reused cache entry) (+6ms) (3455/4055)
16:39:38   ▶ /_astro/teethwhiteningGeio.Dd-BsjBu_Z2wR9k9.avif (reused cache entry) (+6ms) (3456/4055)
16:39:38   ▶ /_astro/cosmetic-dentistry-austin.vbLrmiq-_7h7nS.avif (reused cache entry) (+6ms) (3457/4055)
16:39:38   ▶ /_astro/Cosmetic-Dentistry-Market.C9gc_OCD_2jPQqt.jpg (reused cache entry) (+7ms) (3458/4055)
16:39:38   ▶ /_astro/baylee-gramling-OTTKWktB8zU-unsplash-1-scaled.DUVM1T_N_Z28PUaR.jpg (reused cache entry) (+8ms) (3459/4055)
16:39:38   ▶ /_astro/Missing-Teeth-1-scaled.B4J-j1kf_1Od5D0.jpg (reused cache entry) (+7ms) (3460/4055)
16:39:38   ▶ /_astro/Dental-Plaque-scaled.B726-XVU_Z1XDuYC.jpg (reused cache entry) (+9ms) (3461/4055)
16:39:38   ▶ /_astro/care-chair-clean-305568-scaled.D6xaq-Zw_1IL5M3.avif (reused cache entry) (+5ms) (3462/4055)
16:39:38   ▶ /_astro/teeth-denture-on-top-of-blue-shelf-scaled.BQbGHbTl_ZLtbxV.jpg (reused cache entry) (+11ms) (3463/4055)
16:39:38   ▶ /_astro/iStock-609685270.BDYbo86i_Z1mO5tw.jpg (reused cache entry) (+8ms) (3464/4055)
16:39:38   ▶ /_astro/zahnreinigung_dental_repairs_treat_teeth_brushing_teeth_catching_teeth_dentist_dental_instruments_dentist_equipment-579991.DR0-94sp_2qO3HC.jpg (reused cache entry) (+10ms) (3465/4055)
16:39:38   ▶ /_astro/Screen-Shot-2018-12-10-at-12.21.14-PM.Ck7Vwpd7_1v1anV.png (reused cache entry) (+9ms) (3466/4055)
16:39:38   ▶ /_astro/teethwhiteningGeio.Dd-BsjBu_Z1xldXT.avif (reused cache entry) (+9ms) (3467/4055)
16:39:38   ▶ /_astro/cosmetic-dentistry-austin.vbLrmiq-_1XCus5.jpg (reused cache entry) (+8ms) (3468/4055)
16:39:38   ▶ /_astro/invisalign-1.vNv4f_jq_Z25hfnE.jpg (reused cache entry) (+10ms) (3469/4055)
16:39:38   ▶ /_astro/Cosmetic-Dentistry-Market.C9gc_OCD_Z2b2GqI.avif (reused cache entry) (+9ms) (3470/4055)
16:39:38   ▶ /_astro/Missing-Teeth-1-scaled.B4J-j1kf_gs9Cw.jpg (reused cache entry) (+7ms) (3471/4055)
16:39:38   ▶ /_astro/care-chair-clean-305568-scaled.D6xaq-Zw_WhTAt.avif (reused cache entry) (+6ms) (3472/4055)
16:39:38   ▶ /_astro/Dental-Plaque-scaled.B726-XVU_2wWlc5.jpg (reused cache entry) (+7ms) (3473/4055)
16:39:38   ▶ /_astro/teeth-denture-on-top-of-blue-shelf-scaled.BQbGHbTl_VtvCJ.jpg (reused cache entry) (+4ms) (3474/4055)
16:39:38   ▶ /_astro/zahnreinigung_dental_repairs_treat_teeth_brushing_teeth_catching_teeth_dentist_dental_instruments_dentist_equipment-579991.DR0-94sp_Z18gGsJ.jpg (reused cache entry) (+5ms) (3475/4055)
16:39:38   ▶ /_astro/Screen-Shot-2018-12-10-at-12.21.14-PM.Ck7Vwpd7_Z1eFGE4.avif (reused cache entry) (+5ms) (3476/4055)
16:39:38   ▶ /_astro/iStock-609685270.BDYbo86i_Z1gRS5N.jpg (reused cache entry) (+5ms) (3477/4055)
16:39:38   ▶ /_astro/baylee-gramling-OTTKWktB8zU-unsplash-1-scaled.DUVM1T_N_Zdc94u.jpg (reused cache entry) (+12ms) (3478/4055)
16:39:38   ▶ /_astro/Cosmetic-Dentistry-Market.C9gc_OCD_ZAn0KC.avif (reused cache entry) (+4ms) (3479/4055)
16:39:38   ▶ /_astro/teethwhiteningGeio.Dd-BsjBu_Z1D6SL9.avif (reused cache entry) (+5ms) (3480/4055)
16:39:38   ▶ /_astro/invisalign-1.vNv4f_jq_BuQ4a.avif (reused cache entry) (+5ms) (3481/4055)
16:39:38   ▶ /_astro/cosmetic-dentistry-austin.vbLrmiq-_x5L2C.jpg (reused cache entry) (+6ms) (3482/4055)
16:39:38   ▶ /_astro/care-chair-clean-305568-scaled.D6xaq-Zw_Huok7.avif (reused cache entry) (+4ms) (3483/4055)
16:39:38   ▶ /_astro/Missing-Teeth-1-scaled.B4J-j1kf_Z2j2IuD.jpg (reused cache entry) (+5ms) (3484/4055)
16:39:38   ▶ /_astro/Dental-Plaque-scaled.B726-XVU_e59mG.jpg (reused cache entry) (+5ms) (3485/4055)
16:39:38   ▶ /_astro/teeth-denture-on-top-of-blue-shelf-scaled.BQbGHbTl_2kcjje.jpg (reused cache entry) (+5ms) (3486/4055)
16:39:38   ▶ /_astro/Screen-Shot-2018-12-10-at-12.21.14-PM.Ck7Vwpd7_Z1ukv5m.avif (reused cache entry) (+4ms) (3487/4055)
16:39:38   ▶ /_astro/zahnreinigung_dental_repairs_treat_teeth_brushing_teeth_catching_teeth_dentist_dental_instruments_dentist_equipment-579991.DR0-94sp_e8XLH.jpg (reused cache entry) (+4ms) (3488/4055)
16:39:38   ▶ /_astro/iStock-609685270.BDYbo86i_1T2jAr.jpg (reused cache entry) (+4ms) (3489/4055)
16:39:38   ▶ /_astro/Cosmetic-Dentistry-Market.C9gc_OCD_Z1iqzvR.avif (reused cache entry) (+5ms) (3490/4055)
16:39:38   ▶ /_astro/cosmetic-dentistry-austin.vbLrmiq-_Zf8DNT.avif (reused cache entry) (+4ms) (3491/4055)
16:39:38   ▶ /_astro/teethwhiteningGeio.Dd-BsjBu_Z2lzOVv.jpg (reused cache entry) (+5ms) (3492/4055)
16:39:38   ▶ /_astro/invisalign-1.vNv4f_jq_DLJDs.avif (reused cache entry) (+5ms) (3493/4055)
16:39:38   ▶ /_astro/care-chair-clean-305568-scaled.D6xaq-Zw_lC8RK.avif (reused cache entry) (+5ms) (3494/4055)
16:39:38   ▶ /_astro/Missing-Teeth-1-scaled.B4J-j1kf_K5wK9.jpg (reused cache entry) (+6ms) (3495/4055)
16:39:38   ▶ /_astro/baylee-gramling-OTTKWktB8zU-unsplash-1-scaled.DUVM1T_N_Z2lSXlj.jpg (reused cache entry) (+9ms) (3496/4055)
16:39:38   ▶ /_astro/Dental-Plaque-scaled.B726-XVU_Qixhn.jpg (reused cache entry) (+6ms) (3497/4055)
16:39:38   ▶ /_astro/teeth-denture-on-top-of-blue-shelf-scaled.BQbGHbTl_kB2kg.jpg (reused cache entry) (+6ms) (3498/4055)
16:39:38   ▶ /_astro/zahnreinigung_dental_repairs_treat_teeth_brushing_teeth_catching_teeth_dentist_dental_instruments_dentist_equipment-579991.DR0-94sp_28CbNR.jpg (reused cache entry) (+6ms) (3499/4055)
16:39:38   ▶ /_astro/iStock-609685270.BDYbo86i_Z3jhTn.jpg (reused cache entry) (+6ms) (3500/4055)
16:39:38   ▶ /_astro/Screen-Shot-2018-12-10-at-12.21.14-PM.Ck7Vwpd7_Z1uOj5M.png (reused cache entry) (+7ms) (3501/4055)
16:39:38   ▶ /_astro/Cosmetic-Dentistry-Market.C9gc_OCD_eCH3A.avif (reused cache entry) (+6ms) (3502/4055)
16:39:38   ▶ /_astro/cosmetic-dentistry-austin.vbLrmiq-_ZnHf2A.avif (reused cache entry) (+6ms) (3503/4055)
16:39:38   ▶ /_astro/teethwhiteningGeio.Dd-BsjBu_Z1MkDRb.jpg (reused cache entry) (+6ms) (3504/4055)
16:39:38   ▶ /_astro/invisalign-1.vNv4f_jq_2i0rah.jpg (reused cache entry) (+6ms) (3505/4055)
16:39:38   ▶ /_astro/care-chair-clean-305568-scaled.D6xaq-Zw_Znp8cn.avif (reused cache entry) (+6ms) (3506/4055)
16:39:38   ▶ /_astro/Missing-Teeth-1-scaled.B4J-j1kf_Z1yUrTm.jpg (reused cache entry) (+6ms) (3507/4055)
16:39:38   ▶ /_astro/baylee-gramling-OTTKWktB8zU-unsplash-1-scaled.DUVM1T_N_Z12B8cu.avif (reused cache entry) (+5ms) (3508/4055)
16:39:38   ▶ /_astro/Dental-Plaque-scaled.B726-XVU_ZoW7a6.jpg (reused cache entry) (+6ms) (3509/4055)
16:39:38   ▶ /_astro/implants.FTeBMdbW_Z150hYR.avif (reused cache entry) (+5ms) (3510/4055)
16:39:38   ▶ /_astro/toothbar_ShareImage_B.DKeZGxgm_Z2dgt1W.avif (reused cache entry) (+6ms) (3511/4055)
16:39:38   ▶ /_astro/teeth-denture-on-top-of-blue-shelf-scaled.BQbGHbTl_1DSFKE.jpg (reused cache entry) (+7ms) (3512/4055)
16:39:38   ▶ /_astro/Screen-Shot-2018-12-10-at-12.21.14-PM.Ck7Vwpd7_Z1Kt7w5.png (reused cache entry) (+6ms) (3513/4055)
16:39:38   ▶ /_astro/Cosmetic-Dentistry-Market.C9gc_OCD_Z1Ke2LY.jpg (reused cache entry) (+6ms) (3514/4055)
16:39:38   ▶ /_astro/cosmetic-dentistry-austin.vbLrmiq-_aEYOP.jpg (reused cache entry) (+6ms) (3515/4055)
16:39:38   ▶ /_astro/invisalign-1.vNv4f_jq_2khkJz.jpg (reused cache entry) (+6ms) (3516/4055)
16:39:38   ▶ /_astro/teethwhiteningGeio.Dd-BsjBu_ZMNIvV.jpg (reused cache entry) (+7ms) (3517/4055)
16:39:38   ▶ /_astro/care-chair-clean-305568-scaled.D6xaq-Zw_Z1Ai7JQ.avif (reused cache entry) (+6ms) (3518/4055)
16:39:38   ▶ /_astro/baylee-gramling-OTTKWktB8zU-unsplash-1-scaled.DUVM1T_N_Kb3Kv.avif (reused cache entry) (+6ms) (3519/4055)
16:39:38   ▶ /_astro/Missing-Teeth-1-scaled.B4J-j1kf_Z2ug9Wo.jpg (reused cache entry) (+7ms) (3520/4055)
16:39:38   ▶ /_astro/implants.FTeBMdbW_2lgYvg.avif (reused cache entry) (+6ms) (3521/4055)
16:39:38   ▶ /_astro/toothbar_ShareImage_B.DKeZGxgm_21kQWF.avif (reused cache entry) (+6ms) (3522/4055)
16:39:38   ▶ /_astro/Dental-Plaque-scaled.B726-XVU_1jY05O.jpg (reused cache entry) (+7ms) (3523/4055)
16:39:38   ▶ /_astro/1_shocking_diseases_dentists_vadimguzhva-760x506-1.BXVVx5ys_1y7zsD.avif (reused cache entry) (+5ms) (3524/4055)
16:39:38   ▶ /_astro/cosmetic-dentistry-austin.vbLrmiq-_26oB9.jpg (reused cache entry) (+5ms) (3525/4055)
16:39:38   ▶ /_astro/main-qimg-d7933d14cb6c8f73c313ca262b547358.BZrzjC-m_1XDn0X.avif (reused cache entry) (+5ms) (3526/4055)
16:39:38   ▶ /_astro/Cosmetic-Dentistry-Market.C9gc_OCD_Zaym6S.jpg (reused cache entry) (+7ms) (3527/4055)
16:39:38   ▶ /_astro/teethwhiteningGeio.Dd-BsjBu_ZSzojb.jpg (reused cache entry) (+8ms) (3528/4055)
16:39:38   ▶ /_astro/teeth-denture-on-top-of-blue-shelf-scaled.BQbGHbTl_Z1UckBN.jpg (reused cache entry) (+11ms) (3529/4055)
16:39:38   ▶ /_astro/baylee-gramling-OTTKWktB8zU-unsplash-1-scaled.DUVM1T_N_13Pc5o.avif (reused cache entry) (+7ms) (3530/4055)
16:39:38   ▶ /_astro/implants.FTeBMdbW_ZKBmRS.avif (reused cache entry) (+7ms) (3531/4055)
16:39:38   ▶ /_astro/AdobeStock_187242830__37___1778007828_95213-300x200.DYFem91g_RVbXQ.webp (reused cache entry) (+8ms) (3532/4055)
16:39:38   ▶ /_astro/toothbar_ShareImage_B.DKeZGxgm_ZhwjQI.avif (reused cache entry) (+7ms) (3533/4055)
16:39:38   ▶ /_astro/1_shocking_diseases_dentists_vadimguzhva-760x506-1.BXVVx5ys_1vO2sQ.avif (reused cache entry) (+7ms) (3534/4055)
16:39:38   ▶ /_astro/Dental-Plaque-scaled.B726-XVU_1AqOck.avif (reused cache entry) (+9ms) (3535/4055)
16:39:38   ▶ /_astro/care-chair-clean-305568-scaled.D6xaq-Zw_ZwueaN.jpg (reused cache entry) (+13ms) (3536/4055)
16:39:38   ▶ /_astro/woman-choosing-veneers.mz1AWJCW_TzO5l.webp (reused cache entry) (+9ms) (3537/4055)
16:39:38   ▶ /_astro/main-qimg-d7933d14cb6c8f73c313ca262b547358.BZrzjC-m_Z2m6Wqc.avif (reused cache entry) (+9ms) (3538/4055)
16:39:38   ▶ /_astro/Cosmetic-Dentistry-Market.C9gc_OCD_ZRBUR8.jpg (reused cache entry) (+9ms) (3539/4055)
16:39:38   ▶ /_astro/implants.FTeBMdbW_HeMX5.avif (reused cache entry) (+6ms) (3540/4055)
16:39:38   ▶ /_astro/teeth-denture-on-top-of-blue-shelf-scaled.BQbGHbTl_1f2qoX.avif (reused cache entry) (+8ms) (3541/4055)
16:39:38   ▶ /_astro/Invisalign-1-Small-1024x684.DjVt8Mrk_ZrnCIb.webp (reused cache entry) (+9ms) (3542/4055)
16:39:38   ▶ /_astro/baylee-gramling-OTTKWktB8zU-unsplash-1-scaled.DUVM1T_N_rLtHo.avif (reused cache entry) (+8ms) (3543/4055)
16:39:38   ▶ /_astro/1_shocking_diseases_dentists_vadimguzhva-760x506-1.BXVVx5ys_Z15mlsp.avif (reused cache entry) (+7ms) (3544/4055)
16:39:38   ▶ /_astro/toothbar_ShareImage_B.DKeZGxgm_kG42X.avif (reused cache entry) (+8ms) (3545/4055)
16:39:38   ▶ /_astro/shutterstock_1515575510.CZM8YFHf_NEqud.webp (reused cache entry) (+9ms) (3546/4055)
16:39:38   ▶ /_astro/Dental-Plaque-scaled.B726-XVU_2diFnh.avif (reused cache entry) (+6ms) (3547/4055)
16:39:38   ▶ /_astro/care-chair-clean-305568-scaled.D6xaq-Zw_3MRwq.jpg (reused cache entry) (+6ms) (3548/4055)
16:39:38   ▶ /_astro/toothbrush-and-tooth-paste-1.MW2YzlGW_Z2i8Jfx.webp (reused cache entry) (+6ms) (3549/4055)
16:39:38   ▶ /_astro/main-qimg-d7933d14cb6c8f73c313ca262b547358.BZrzjC-m_2u8L4l.jpg (reused cache entry) (+7ms) (3550/4055)
16:39:38   ▶ /_astro/Cosmetic-Dentistry-Market.C9gc_OCD_ErlHk.jpg (reused cache entry) (+7ms) (3551/4055)
16:39:38   ▶ /_astro/teeth-denture-on-top-of-blue-shelf-scaled.BQbGHbTl_ZOT29c.avif (reused cache entry) (+5ms) (3552/4055)
16:39:38   ▶ /_astro/implants.FTeBMdbW_vwP6N.jpg (reused cache entry) (+6ms) (3553/4055)
16:39:38   ▶ /_astro/chewing-ice-1.IMiHz9EN_o3eWA.webp (reused cache entry) (+6ms) (3554/4055)
16:39:38   ▶ /_astro/baylee-gramling-OTTKWktB8zU-unsplash-1-scaled.DUVM1T_N_Z1IsbM7.avif (reused cache entry) (+6ms) (3555/4055)
16:39:38   ▶ /_astro/1_shocking_diseases_dentists_vadimguzhva-760x506-1.BXVVx5ys_1sHKqX.jpg (reused cache entry) (+5ms) (3556/4055)
16:39:38   ▶ /_astro/Dental-Plaque-scaled.B726-XVU_Z2wN0BJ.avif (reused cache entry) (+5ms) (3557/4055)
16:39:38   ▶ /_astro/shutterstock_1256701261-1.BZMLbEFZ_2495Xl.webp (reused cache entry) (+5ms) (3558/4055)
16:39:38   ▶ /_astro/care-chair-clean-305568-scaled.D6xaq-Zw_ZaYCIV.jpg (reused cache entry) (+5ms) (3559/4055)
16:39:38   ▶ /_astro/shutterstock_1810201546.CV0o4Yxa_Z1MBNii.webp (reused cache entry) (+5ms) (3560/4055)
16:39:38   ▶ /_astro/main-qimg-d7933d14cb6c8f73c313ca262b547358.BZrzjC-m_Z1PBymO.jpg (reused cache entry) (+5ms) (3561/4055)
16:39:38   ▶ /_astro/logo.CYULZAsd_Z1byOPk.svg (reused cache entry) (+6ms) (3562/4055)
16:39:38   ▶ /_astro/toothbar_ShareImage_B.DKeZGxgm_ZiOWcK.png (reused cache entry) (+8ms) (3563/4055)
16:39:38   ▶ /_astro/teeth-denture-on-top-of-blue-shelf-scaled.BQbGHbTl_Z11DOG4.avif (reused cache entry) (+5ms) (3564/4055)
16:39:38   ▶ /_astro/implants.FTeBMdbW_Z18n1c0.jpg (reused cache entry) (+6ms) (3565/4055)
16:39:38   ▶ /_astro/1_shocking_diseases_dentists_vadimguzhva-760x506-1.BXVVx5ys_1qpdrb.jpg (reused cache entry) (+5ms) (3566/4055)
16:39:38   ▶ /_astro/Dental-Plaque-scaled.B726-XVU_1I9l0m.avif (reused cache entry) (+5ms) (3567/4055)
16:39:38   ▶ /_astro/baylee-gramling-OTTKWktB8zU-unsplash-1-scaled.DUVM1T_N_tKdmX.avif (reused cache entry) (+6ms) (3568/4055)
16:39:38   ▶ /_astro/care-chair-clean-305568-scaled.D6xaq-Zw_ZwQSbi.jpg (reused cache entry) (+5ms) (3569/4055)
16:39:38   ▶ /_astro/quiet-street.XSHPHwVz_1rrKCy.avif (reused cache entry) (+8ms) (3570/4055)
16:39:38   ▶ /_astro/castle.Cb20OytX_5jNzU.avif (reused cache entry) (+7ms) (3571/4055)
16:39:38   ▶ /_astro/main-qimg-d7933d14cb6c8f73c313ca262b547358.BZrzjC-m_rHKTl.avif (reused cache entry) (+5ms) (3572/4055)
16:39:38   ▶ /_astro/dunedin-cliff.txhlGVUZ_1qdT22.avif (reused cache entry) (+6ms) (3573/4055)
16:39:38   ▶ /_astro/768_Z1M0TYP.avif (reused cache entry) (+5ms) (3574/4055)
16:39:38   ▶ /_astro/teeth-denture-on-top-of-blue-shelf-scaled.BQbGHbTl_Z1zUSLq.avif (reused cache entry) (+5ms) (3575/4055)
16:39:38   ▶ /_astro/implants.FTeBMdbW_OUKdM.jpg (reused cache entry) (+5ms) (3576/4055)
16:39:38   ▶ /_astro/Dental-Plaque-scaled.B726-XVU_ZECaHv.avif (reused cache entry) (+4ms) (3577/4055)
16:39:38   ▶ /_astro/1_shocking_diseases_dentists_vadimguzhva-760x506-1.BXVVx5ys_Z1aLau5.jpg (reused cache entry) (+5ms) (3578/4055)
16:39:38   ▶ /_astro/toothbar_ShareImage_B.DKeZGxgm_Z19pK24.png (reused cache entry) (+7ms) (3579/4055)
16:39:38   ▶ /_astro/main-qimg-d7933d14cb6c8f73c313ca262b547358.BZrzjC-m_Z1J6riO.avif (reused cache entry) (+3ms) (3580/4055)
16:39:38   ▶ /_astro/quiet-street.XSHPHwVz_Z5fsOO.avif (reused cache entry) (+5ms) (3581/4055)
16:39:38   ▶ /_astro/care-chair-clean-305568-scaled.D6xaq-Zw_2qvFDH.jpg (reused cache entry) (+6ms) (3582/4055)
16:39:38   ▶ /_astro/dunedin-cliff.txhlGVUZ_Z2qxger.avif (reused cache entry) (+4ms) (3583/4055)
16:39:38   ▶ /_astro/teeth-denture-on-top-of-blue-shelf-scaled.BQbGHbTl_1F5BNB.avif (reused cache entry) (+6ms) (3584/4055)
16:39:38   ▶ /_astro/castle.Cb20OytX_2nAjes.avif (reused cache entry) (+8ms) (3585/4055)
16:39:38   ▶ /_astro/baylee-gramling-OTTKWktB8zU-unsplash-1-scaled.DUVM1T_N_ZEmMp4.jpg (reused cache entry) (+10ms) (3586/4055)
16:39:38   ▶ /_astro/768_Z2fbvTP.avif (reused cache entry) (+7ms) (3587/4055)
16:39:38   ▶ /_astro/1_shocking_diseases_dentists_vadimguzhva-760x506-1.BXVVx5ys_DM4XD.avif (reused cache entry) (+7ms) (3588/4055)
16:39:38   ▶ /_astro/implants.FTeBMdbW_2iLV4K.jpg (reused cache entry) (+8ms) (3589/4055)
16:39:38   ▶ /_astro/Dental-Plaque-scaled.B726-XVU_Zdp8jJ.avif (reused cache entry) (+8ms) (3590/4055)
16:39:38   ▶ /_astro/main-qimg-d7933d14cb6c8f73c313ca262b547358.BZrzjC-m_Zsf7AT.avif (reused cache entry) (+7ms) (3591/4055)
16:39:38   ▶ /_astro/quiet-street.XSHPHwVz_ZeXhoQ.avif (reused cache entry) (+7ms) (3592/4055)
16:39:38   ▶ /_astro/care-chair-clean-305568-scaled.D6xaq-Zw_1dCG6e.jpg (reused cache entry) (+8ms) (3593/4055)
16:39:38   ▶ /_astro/teeth-denture-on-top-of-blue-shelf-scaled.BQbGHbTl_1AwvGk.avif (reused cache entry) (+6ms) (3594/4055)
16:39:38   ▶ /_astro/dunedin-cliff.txhlGVUZ_L2rSi.avif (reused cache entry) (+8ms) (3595/4055)
16:39:38   ▶ /_astro/toothbar_ShareImage_B.DKeZGxgm_1BTbWt.png (reused cache entry) (+11ms) (3596/4055)
16:39:38   ▶ /_astro/1_shocking_diseases_dentists_vadimguzhva-760x506-1.BXVVx5ys_ZhDwAx.avif (reused cache entry) (+5ms) (3597/4055)
16:39:38   ▶ /_astro/baylee-gramling-OTTKWktB8zU-unsplash-1-scaled.DUVM1T_N_1JX86z.jpg (reused cache entry) (+7ms) (3598/4055)
16:39:38   ▶ /_astro/castle.Cb20OytX_NjDRO.avif (reused cache entry) (+7ms) (3599/4055)
16:39:38   ▶ /_astro/768_21piyC.avif (reused cache entry) (+7ms) (3600/4055)
16:39:38   ▶ /_astro/implants.FTeBMdbW_yTrYO.avif (reused cache entry) (+6ms) (3601/4055)
16:39:38   ▶ /_astro/main-qimg-d7933d14cb6c8f73c313ca262b547358.BZrzjC-m_Xd9WI.jpg (reused cache entry) (+5ms) (3602/4055)
16:39:38   ▶ /_astro/profile.Dck5cZ4v_Z1lTeUt.avif (reused cache entry) (+4ms) (3603/4055)
16:39:38   ▶ /_astro/quiet-street.XSHPHwVz_o6BqW.avif (reused cache entry) (+6ms) (3604/4055)
16:39:38   ▶ /_astro/Dental-Plaque-scaled.B726-XVU_ZgMNUR.jpg (reused cache entry) (+8ms) (3605/4055)
16:39:38   ▶ /_astro/teeth-denture-on-top-of-blue-shelf-scaled.BQbGHbTl_ZRCKBg.jpg (reused cache entry) (+5ms) (3606/4055)
16:39:38   ▶ /_astro/1_shocking_diseases_dentists_vadimguzhva-760x506-1.BXVVx5ys_1ETehp.avif (reused cache entry) (+6ms) (3607/4055)
16:39:38   ▶ /_astro/dunedin-cliff.txhlGVUZ_Z1INBKE.avif (reused cache entry) (+6ms) (3608/4055)
16:39:38   ▶ /_astro/baylee-gramling-OTTKWktB8zU-unsplash-1-scaled.DUVM1T_N_23Cgqs.jpg (reused cache entry) (+6ms) (3609/4055)
16:39:38   ▶ /_astro/implants.FTeBMdbW_Z1NaaeN.avif (reused cache entry) (+5ms) (3610/4055)
16:39:38   ▶ /_astro/castle.Cb20OytX_ZKW0sO.avif (reused cache entry) (+7ms) (3611/4055)
16:39:38   ▶ /_astro/768_1yopLc.avif (reused cache entry) (+6ms) (3612/4055)
16:39:38   ▶ /_astro/main-qimg-d7933d14cb6c8f73c313ca262b547358.BZrzjC-m_Z1dB3fr.jpg (reused cache entry) (+7ms) (3613/4055)
16:39:38   ▶ /_astro/profile.Dck5cZ4v_1UFle8.jpg (reused cache entry) (+7ms) (3614/4055)
16:39:38   ▶ /_astro/Dental-Plaque-scaled.B726-XVU_1EAHch.jpg (reused cache entry) (+6ms) (3615/4055)
16:39:38   ▶ /_astro/toothbar_ShareImage_B.DKeZGxgm_2f7zRa.png (reused cache entry) (+11ms) (3616/4055)
16:39:38   ▶ /_astro/teeth-denture-on-top-of-blue-shelf-scaled.BQbGHbTl_Z53eSj.jpg (reused cache entry) (+6ms) (3617/4055)
16:39:38   ▶ /_astro/1_shocking_diseases_dentists_vadimguzhva-760x506-1.BXVVx5ys_ynfVX.jpg (reused cache entry) (+6ms) (3618/4055)
16:39:38   ▶ /_astro/quiet-street.XSHPHwVz_1ur5l5.avif (reused cache entry) (+9ms) (3619/4055)
16:39:38   ▶ /_astro/baylee-gramling-OTTKWktB8zU-unsplash-1-scaled.DUVM1T_N_1ryy3s.jpg (reused cache entry) (+7ms) (3620/4055)
16:39:38   ▶ /_astro/implants.FTeBMdbW_Z19QwCa.avif (reused cache entry) (+6ms) (3621/4055)
16:39:38   ▶ /_astro/dunedin-cliff.txhlGVUZ_Z1Mt9VV.avif (reused cache entry) (+7ms) (3622/4055)
16:39:38   ▶ /_astro/profile.Dck5cZ4v_Z1uAuT.avif (reused cache entry) (+5ms) (3623/4055)
16:39:38   ▶ /_astro/castle.Cb20OytX_ZHUIOH.avif (reused cache entry) (+8ms) (3624/4055)
16:39:38   ▶ /_astro/main-qimg-d7933d14cb6c8f73c313ca262b547358.BZrzjC-m_3fgrt.jpg (reused cache entry) (+6ms) (3625/4055)
16:39:38   ▶ /_astro/768_ZQ3Cwn.avif (reused cache entry) (+8ms) (3626/4055)
16:39:38   ▶ /_astro/1_shocking_diseases_dentists_vadimguzhva-760x506-1.BXVVx5ys_Zn3lCd.jpg (reused cache entry) (+7ms) (3627/4055)
16:39:38   ▶ /_astro/teeth-denture-on-top-of-blue-shelf-scaled.BQbGHbTl_ZgN2qb.jpg (reused cache entry) (+8ms) (3628/4055)
16:39:38   ▶ /_astro/Dental-Plaque-scaled.B726-XVU_1YGa1c.jpg (reused cache entry) (+9ms) (3629/4055)
16:39:38   ▶ /_astro/toothbar_ShareImage_B.DKeZGxgm_1IRT6k.avif (reused cache entry) (+10ms) (3630/4055)
16:39:38   ▶ /_astro/implants.FTeBMdbW_Z1xnVBx.avif (reused cache entry) (+8ms) (3631/4055)
16:39:38   ▶ /_astro/baylee-gramling-OTTKWktB8zU-unsplash-1-scaled.DUVM1T_N_Z1ldPYG.jpg (reused cache entry) (+11ms) (3632/4055)
16:39:38   ▶ /_astro/quiet-street.XSHPHwVz_Z1xtBj0.avif (reused cache entry) (+11ms) (3633/4055)
16:39:38   ▶ /_astro/profile.Dck5cZ4v_Z1qzDLb.jpg (reused cache entry) (+9ms) (3634/4055)
16:39:38   ▶ /_astro/sunset.DuRdBenu_Z1vu8mo.avif (reused cache entry) (+10ms) (3635/4055)
16:39:38   ▶ /_astro/castle.Cb20OytX_ZrHGA.avif (reused cache entry) (+12ms) (3636/4055)
16:39:38   ▶ /_astro/dunedin-cliff.txhlGVUZ_2jifAC.jpg (reused cache entry) (+14ms) (3637/4055)
16:39:38   ▶ /_astro/1_shocking_diseases_dentists_vadimguzhva-760x506-1.BXVVx5ys_1zupfJ.jpg (reused cache entry) (+9ms) (3638/4055)
16:39:38   ▶ /_astro/toothbar_ShareImage_B.DKeZGxgm_18YdWR.avif (reused cache entry) (+9ms) (3639/4055)
16:39:38   ▶ /_astro/Dental-Plaque-scaled.B726-XVU_1armOm.jpg (reused cache entry) (+10ms) (3640/4055)
16:39:38   ▶ /_astro/teeth-denture-on-top-of-blue-shelf-scaled.BQbGHbTl_ZP56vx.jpg (reused cache entry) (+10ms) (3641/4055)
16:39:38   ▶ /_astro/implants.FTeBMdbW_ZHeQMG.jpg (reused cache entry) (+10ms) (3642/4055)
16:39:38   ▶ /_astro/baylee-gramling-OTTKWktB8zU-unsplash-1-scaled.DUVM1T_N_QYyao.jpg (reused cache entry) (+9ms) (3643/4055)
16:39:38   ▶ /_astro/quiet-street.XSHPHwVz_2b3LJo.avif (reused cache entry) (+9ms) (3644/4055)
16:39:38   ▶ /_astro/sunset.DuRdBenu_2oJYrr.avif (reused cache entry) (+8ms) (3645/4055)
16:39:38   ▶ /_astro/sheep.3ubwki29_Z2p5h3q.avif (reused cache entry) (+9ms) (3646/4055)
16:39:38   ▶ /_astro/768_Z2dEjw4.png (reused cache entry) (+20ms) (3647/4055)
16:39:38   ▶ /_astro/profile1.3Da2ia4z_27MMSO.avif (reused cache entry) (+8ms) (3648/4055)
16:39:38   ▶ /_astro/castle.Cb20OytX_1FIB8Y.avif (reused cache entry) (+10ms) (3649/4055)
16:39:38   ▶ /_astro/toothbar_ShareImage_B.DKeZGxgm_1t4FLM.avif (reused cache entry) (+8ms) (3650/4055)
16:39:38   ▶ /_astro/dunedin-cliff.txhlGVUZ_12fPqQ.jpg (reused cache entry) (+10ms) (3651/4055)
16:39:38   ▶ /_astro/Dental-Plaque-scaled.B726-XVU_Z2wQNPH.jpg (reused cache entry) (+8ms) (3652/4055)
16:39:38   ▶ /_astro/teeth-denture-on-top-of-blue-shelf-scaled.BQbGHbTl_ZrzzcC.jpg (reused cache entry) (+8ms) (3653/4055)
16:39:38   ▶ /_astro/implants.FTeBMdbW_ZcC288.jpg (reused cache entry) (+7ms) (3654/4055)
16:39:38   ▶ /_astro/profile2.CPtbMybO_QNpPt.avif (reused cache entry) (+7ms) (3655/4055)
16:39:38   ▶ /_astro/sunset.DuRdBenu_ZH8mVH.avif (reused cache entry) (+7ms) (3656/4055)
16:39:38   ▶ /_astro/quiet-street.XSHPHwVz_Z1sgXYY.avif (reused cache entry) (+8ms) (3657/4055)
16:39:38   ▶ /_astro/sheep.3ubwki29_2cD7Ib.avif (reused cache entry) (+8ms) (3658/4055)
16:39:38   ▶ /_astro/profile1.3Da2ia4z_ZVaGOl.jpg (reused cache entry) (+6ms) (3659/4055)
16:39:38   ▶ /_astro/castle.Cb20OytX_1NArAM.avif (reused cache entry) (+6ms) (3660/4055)
16:39:38   ▶ /_astro/toothbar_ShareImage_B.DKeZGxgm_DOSzW.avif (reused cache entry) (+7ms) (3661/4055)
16:39:38   ▶ /_astro/Dental-Plaque-scaled.B726-XVU_Z25DLrV.jpg (reused cache entry) (+6ms) (3662/4055)
16:39:38   ▶ /_astro/dunedin-cliff.txhlGVUZ_ZPlzfl.jpg (reused cache entry) (+8ms) (3663/4055)
16:39:38   ▶ /_astro/768_2omdmR.png (reused cache entry) (+10ms) (3664/4055)
16:39:38   ▶ /_astro/teeth-denture-on-top-of-blue-shelf-scaled.BQbGHbTl_Zw8FjT.jpg (reused cache entry) (+7ms) (3665/4055)
16:39:38   ▶ /_astro/implants.FTeBMdbW_qFAtv.jpg (reused cache entry) (+7ms) (3666/4055)
16:39:38   ▶ /_astro/sunset.DuRdBenu_KHMTg.avif (reused cache entry) (+7ms) (3667/4055)
16:39:38   ▶ /_astro/profile2.CPtbMybO_Z2ca4RG.jpg (reused cache entry) (+8ms) (3668/4055)
16:39:38   ▶ /_astro/sheep.3ubwki29_2kuXaY.avif (reused cache entry) (+7ms) (3669/4055)
16:39:38   ▶ /_astro/quiet-street.XSHPHwVz_Z2fp8bP.avif (reused cache entry) (+8ms) (3670/4055)
16:39:38   ▶ /_astro/profile3.CFgrGJnX_21vpo9.avif (reused cache entry) (+7ms) (3671/4055)
16:39:38   ▶ /_astro/profile4.hPOV2cWw_122Jcq.avif (reused cache entry) (+5ms) (3672/4055)
16:39:38   ▶ /_astro/castle.Cb20OytX_Z2aFpDL.avif (reused cache entry) (+7ms) (3673/4055)
16:39:38   ▶ /_astro/profile5.OBHKIg-k_Kk6HI.avif (reused cache entry) (+6ms) (3674/4055)
16:39:38   ▶ /_astro/dunedin-cliff.txhlGVUZ_1IYtTD.jpg (reused cache entry) (+6ms) (3675/4055)
16:39:38   ▶ /_astro/toothbar_ShareImage_B.DKeZGxgm_Z71EcM.png (reused cache entry) (+9ms) (3676/4055)
16:39:38   ▶ /_astro/implants.FTeBMdbW_39bu8.jpg (reused cache entry) (+6ms) (3677/4055)
16:39:38   ▶ /_astro/sunset.DuRdBenu_Z1U0bso.avif (reused cache entry) (+6ms) (3678/4055)
16:39:38   ▶ /_astro/profile2.CPtbMybO_aRxoa.avif (reused cache entry) (+7ms) (3679/4055)
16:39:38   ▶ /_astro/sheep.3ubwki29_Z1DKT4z.avif (reused cache entry) (+6ms) (3680/4055)
16:39:38   ▶ /_astro/quiet-street.XSHPHwVz_22DQqf.avif (reused cache entry) (+8ms) (3681/4055)
16:39:38   ▶ /_astro/profile3.CFgrGJnX_Z12s5k1.jpg (reused cache entry) (+7ms) (3682/4055)
16:39:38   ▶ /_astro/profile4.hPOV2cWw_Z21UKvJ.jpg (reused cache entry) (+7ms) (3683/4055)
16:39:38   ▶ /_astro/768_1zKT2o.png (reused cache entry) (+14ms) (3684/4055)
16:39:38   ▶ /_astro/profile5.OBHKIg-k_Z2iDo0r.jpg (reused cache entry) (+8ms) (3685/4055)
16:39:38   ▶ /_astro/700x600_2t8O2s.avif (reused cache entry) (+8ms) (3686/4055)
16:39:38   ▶ /_astro/castle.Cb20OytX_PruvH.avif (reused cache entry) (+10ms) (3687/4055)
16:39:38   ▶ /_astro/toothbar_ShareImage_B.DKeZGxgm_Z21Lo1R.png (reused cache entry) (+9ms) (3688/4055)
16:39:38   ▶ /_astro/dunedin-cliff.txhlGVUZ_ZVGN9p.jpg (reused cache entry) (+11ms) (3689/4055)
16:39:38   ▶ /_astro/profile2.CPtbMybO_oY1Th.jpg (reused cache entry) (+8ms) (3690/4055)
16:39:38   ▶ /_astro/580x420_Z1LcINa.avif (reused cache entry) (+7ms) (3691/4055)
16:39:38   ▶ /_astro/sunset.DuRdBenu_235xBH.jpg (reused cache entry) (+11ms) (3692/4055)
16:39:38   ▶ /_astro/sheep.3ubwki29_1N46W0.avif (reused cache entry) (+10ms) (3693/4055)
16:39:38   ▶ /_astro/680x666_1GUYMR.avif (reused cache entry) (+8ms) (3694/4055)
16:39:38   ▶ /_astro/quiet-street.XSHPHwVz_Z1LJNjn.avif (reused cache entry) (+9ms) (3695/4055)
16:39:38   ▶ /_astro/254x254_Z1lwCzf.avif (reused cache entry) (+5ms) (3696/4055)
16:39:38   ▶ /_astro/700x600_Z2p8tu6.png (reused cache entry) (+6ms) (3697/4055)
16:39:38   ▶ /_astro/toothbar_ShareImage_B.DKeZGxgm_Z1GFVcW.png (reused cache entry) (+6ms) (3698/4055)
16:39:38   ▶ /_astro/castle.Cb20OytX_Z1AIJ4W.avif (reused cache entry) (+7ms) (3699/4055)
16:39:38   ▶ /_astro/600x700_1Hbgc.avif (reused cache entry) (+6ms) (3700/4055)
16:39:38   ▶ /_astro/580x420_Z1zhSvM.png (reused cache entry) (+6ms) (3701/4055)
16:39:38   ▶ /_astro/dunedin-cliff.txhlGVUZ_lzXtF.avif (reused cache entry) (+7ms) (3702/4055)
16:39:38   ▶ /_astro/sunset.DuRdBenu_Z2rkEQn.jpg (reused cache entry) (+6ms) (3703/4055)
16:39:38   ▶ /_astro/680x666_Z2pniG0.avif (reused cache entry) (+6ms) (3704/4055)
16:39:38   ▶ /_astro/254x254_ZnDMfb.avif (reused cache entry) (+6ms) (3705/4055)
16:39:38   ▶ /_astro/sheep.3ubwki29_14OPn9.avif (reused cache entry) (+8ms) (3706/4055)
16:39:38   ▶ /_astro/255x300_1Upbu4.avif (reused cache entry) (+7ms) (3707/4055)
16:39:38   ▶ /_astro/quiet-street.XSHPHwVz_HkDOd.avif (reused cache entry) (+9ms) (3708/4055)
16:39:38   ▶ /_astro/600x700_YA1Ag.avif (reused cache entry) (+6ms) (3709/4055)
16:39:38   ▶ /_astro/420x480_ZNjbrU.avif (reused cache entry) (+6ms) (3710/4055)
16:39:38   ▶ /_astro/castle.Cb20OytX_ZXFSoY.avif (reused cache entry) (+8ms) (3711/4055)
16:39:38   ▶ /_astro/dunedin-cliff.txhlGVUZ_1mH4kQ.avif (reused cache entry) (+8ms) (3712/4055)
16:39:38   ▶ /_astro/680x666_Z2vDzGO.avif (reused cache entry) (+7ms) (3713/4055)
16:39:38   ▶ /_astro/toothbar_ShareImage_B.DKeZGxgm_Z2vUIoM.png (reused cache entry) (+11ms) (3714/4055)
16:39:38   ▶ /_astro/254x254_ZtU4g0.avif (reused cache entry) (+8ms) (3715/4055)
16:39:38   ▶ /_astro/sunset.DuRdBenu_Zt1SqA.jpg (reused cache entry) (+10ms) (3716/4055)
16:39:38   ▶ /_astro/255x300_27k1Lr.png (reused cache entry) (+7ms) (3717/4055)
16:39:38   ▶ /_astro/quiet-street.XSHPHwVz_1u4O1X.avif (reused cache entry) (+8ms) (3718/4055)
16:39:38   ▶ /_astro/600x700_SjJzr.avif (reused cache entry) (+11ms) (3719/4055)
16:39:38   ▶ /_astro/420x480_9yDR9.avif (reused cache entry) (+10ms) (3720/4055)
16:39:38   ▶ /_astro/sheep.3ubwki29_ZjYq3N.jpg (reused cache entry) (+13ms) (3721/4055)
16:39:38   ▶ /_astro/768_Z1NdJX3.png (reused cache entry) (+26ms) (3722/4055)
16:39:38   ▶ /_astro/680x666_ZpK9N7.avif (reused cache entry) (+8ms) (3723/4055)
16:39:38   ▶ /_astro/castle.Cb20OytX_Z8FmRP.avif (reused cache entry) (+10ms) (3724/4055)
16:39:38   ▶ /_astro/dunedin-cliff.txhlGVUZ_Z1ddmue.avif (reused cache entry) (+10ms) (3725/4055)
16:39:38   ▶ /_astro/738x600_Zrr6A2.avif (reused cache entry) (+8ms) (3726/4055)
16:39:38   ▶ /_astro/254x254_1qt505.avif (reused cache entry) (+9ms) (3727/4055)
16:39:38   ▶ /_astro/180x180_1INdJ6.avif (reused cache entry) (+8ms) (3728/4055)
16:39:38   ▶ /_astro/sunset.DuRdBenu_YOhpn.jpg (reused cache entry) (+9ms) (3729/4055)
16:39:38   ▶ /_astro/quiet-street.XSHPHwVz_ZcptAB.avif (reused cache entry) (+8ms) (3730/4055)
16:39:38   ▶ /_astro/600x700_Z1vLSdB.avif (reused cache entry) (+6ms) (3731/4055)
16:39:38   ▶ /_astro/420x480_3imQk.avif (reused cache entry) (+6ms) (3732/4055)
16:39:38   ▶ /_astro/sheep.3ubwki29_p1z3Q.jpg (reused cache entry) (+6ms) (3733/4055)
16:39:38   ▶ /_astro/680x666_ZFeYyS.avif (reused cache entry) (+6ms) (3734/4055)
16:39:38   ▶ /_astro/castle.Cb20OytX_2d343L.avif (reused cache entry) (+7ms) (3735/4055)
16:39:38   ▶ /_astro/738x600_vqIJ2.avif (reused cache entry) (+7ms) (3736/4055)
16:39:38   ▶ /_astro/dunedin-cliff.txhlGVUZ_xklNR.avif (reused cache entry) (+8ms) (3737/4055)
16:39:38   ▶ /_astro/254x254_1aYfej.avif (reused cache entry) (+8ms) (3738/4055)
16:39:38   ▶ /_astro/180x180_1UI41t.png (reused cache entry) (+7ms) (3739/4055)
16:39:38   ▶ /_astro/quiet-street.XSHPHwVz_Z1STMeb.avif (reused cache entry) (+7ms) (3740/4055)
16:39:38   ▶ /_astro/600x700_Z1LgHYn.avif (reused cache entry) (+6ms) (3741/4055)
16:39:38   ▶ /_astro/sunset.DuRdBenu_a5Ewe.jpg (reused cache entry) (+8ms) (3742/4055)
16:39:38   ▶ /_astro/420x480_Z21tHxu.avif (reused cache entry) (+7ms) (3743/4055)
16:39:38   ▶ /_astro/680x666_1SPP5f.png (reused cache entry) (+6ms) (3744/4055)
16:39:38   ▶ /_astro/sheep.3ubwki29_wSpvE.jpg (reused cache entry) (+7ms) (3745/4055)
16:39:38   ▶ /_astro/738x600_parId.avif (reused cache entry) (+7ms) (3746/4055)
16:39:38   ▶ /_astro/castle.Cb20OytX_K7uAV.avif (reused cache entry) (+8ms) (3747/4055)
16:39:38   ▶ /_astro/254x254_Z19BMhR.png (reused cache entry) (+6ms) (3748/4055)
16:39:38   ▶ /_astro/1440x700_y1sXA.avif (reused cache entry) (+6ms) (3749/4055)
16:39:38   ▶ /_astro/dunedin-cliff.txhlGVUZ_sfDvR.avif (reused cache entry) (+8ms) (3750/4055)
16:39:38   ▶ /_astro/600x700_dC1xz.png (reused cache entry) (+6ms) (3751/4055)
16:39:38   ▶ /_astro/sunset.DuRdBenu_ZjP8j7.avif (reused cache entry) (+5ms) (3752/4055)
16:39:38   ▶ /_astro/quiet-street.XSHPHwVz_mXFvk.avif (reused cache entry) (+6ms) (3753/4055)
16:39:38   ▶ /_astro/420x480_Z2gXxjg.avif (reused cache entry) (+6ms) (3754/4055)
16:39:38   ▶ /_astro/680x666_Z2dssoC.png (reused cache entry) (+7ms) (3755/4055)
16:39:38   ▶ /_astro/738x600_Z14TwiU.avif (reused cache entry) (+5ms) (3756/4055)
16:39:38   ▶ /_astro/sheep.3ubwki29_1CNG52.jpg (reused cache entry) (+8ms) (3757/4055)
16:39:38   ▶ /_astro/254x254_ZbIVWN.png (reused cache entry) (+5ms) (3758/4055)
16:39:38   ▶ /_astro/1440x700_Z13TH8G.avif (reused cache entry) (+4ms) (3759/4055)
16:39:38   ▶ /_astro/600x700_1buQRD.png (reused cache entry) (+5ms) (3760/4055)
16:39:38   ▶ /_astro/castle.Cb20OytX_9c6sR.avif (reused cache entry) (+7ms) (3761/4055)
16:39:38   ▶ /_astro/sunset.DuRdBenu_Z1fnEuE.avif (reused cache entry) (+6ms) (3762/4055)
16:39:38   ▶ /_astro/dunedin-cliff.txhlGVUZ_1mAiCY.avif (reused cache entry) (+8ms) (3763/4055)
16:39:38   ▶ /_astro/420x480_ZBolax.png (reused cache entry) (+10ms) (3764/4055)
16:39:38   ▶ /_astro/738x600_Z1kom4G.avif (reused cache entry) (+8ms) (3765/4055)
16:39:38   ▶ /_astro/680x666_Z2jIJpr.png (reused cache entry) (+8ms) (3766/4055)
16:39:38   ▶ /_astro/quiet-street.XSHPHwVz_Z1LT3Pd.avif (reused cache entry) (+11ms) (3767/4055)
16:39:38   ▶ /_astro/1440x700_Z1bwzrh.avif (reused cache entry) (+8ms) (3768/4055)
16:39:38   ▶ /_astro/254x254_Zi0dXC.png (reused cache entry) (+8ms) (3769/4055)
16:39:38   ▶ /_astro/600x700_15ezQO.png (reused cache entry) (+8ms) (3770/4055)
16:39:38   ▶ /_astro/castle.Cb20OytX_1gnff7.avif (reused cache entry) (+8ms) (3771/4055)
16:39:38   ▶ /_astro/sunset.DuRdBenu_Z17vO2Q.avif (reused cache entry) (+10ms) (3772/4055)
16:39:38   ▶ /_astro/sheep.3ubwki29_22aAs7.jpg (reused cache entry) (+12ms) (3773/4055)
16:39:38   ▶ /_astro/768_Qvkxj.png (reused cache entry) (+39ms) (3774/4055)
16:39:38   ▶ /_astro/420x480_ltu9w.png (reused cache entry) (+11ms) (3775/4055)
16:39:38   ▶ /_astro/dunedin-cliff.txhlGVUZ_I4nvO.jpg (reused cache entry) (+14ms) (3776/4055)
16:39:38   ▶ /_astro/738x600_ZfwgiE.png (reused cache entry) (+11ms) (3777/4055)
16:39:38   ▶ /_astro/1440x700_Z1YGwmH.avif (reused cache entry) (+11ms) (3778/4055)
16:39:38   ▶ /_astro/quiet-street.XSHPHwVz_Z256hfN.avif (reused cache entry) (+11ms) (3779/4055)
16:39:38   ▶ /_astro/680x666_xpKcD.png (reused cache entry) (+11ms) (3780/4055)
16:39:38   ▶ /_astro/254x254_2oE00P.png (reused cache entry) (+11ms) (3781/4055)
16:39:38   ▶ /_astro/600x700_ZxAXcQ.png (reused cache entry) (+11ms) (3782/4055)
16:39:38   ▶ /_astro/castle.Cb20OytX_pzdEY.avif (reused cache entry) (+12ms) (3783/4055)
16:39:38   ▶ /_astro/sunset.DuRdBenu_Z1Axtt.avif (reused cache entry) (+11ms) (3784/4055)
16:39:38   ▶ /_astro/400x400_26BCFU.avif (reused cache entry) (+5ms) (3785/4055)
16:39:38   ▶ /_astro/420x480_fdd8H.png (reused cache entry) (+5ms) (3786/4055)
16:39:38   ▶ /_astro/738x600_Hlz1p.png (reused cache entry) (+6ms) (3787/4055)
16:39:38   ▶ /_astro/dunedin-cliff.txhlGVUZ_ZTEaD1.jpg (reused cache entry) (+6ms) (3788/4055)
16:39:38   ▶ /_astro/sheep.3ubwki29_Z1Ugrra.jpg (reused cache entry) (+13ms) (3789/4055)
16:39:38   ▶ /_astro/1440x700_1kDlSY.avif (reused cache entry) (+6ms) (3790/4055)
16:39:38   ▶ /_astro/quiet-street.XSHPHwVz_2cWHmh.avif (reused cache entry) (+6ms) (3791/4055)
16:39:38   ▶ /_astro/254x254_29aaf4.png (reused cache entry) (+6ms) (3792/4055)
16:39:38   ▶ /_astro/680x666_hUUqR.png (reused cache entry) (+8ms) (3793/4055)
16:39:38   ▶ /_astro/castle.Cb20OytX_Z1aoBUN.avif (reused cache entry) (+5ms) (3794/4055)
16:39:38   ▶ /_astro/600x700_ZN5MXC.png (reused cache entry) (+7ms) (3795/4055)
16:39:38   ▶ /_astro/400x400_Z20GEMW.avif (reused cache entry) (+5ms) (3796/4055)
16:39:38   ▶ /_astro/sunset.DuRdBenu_1lkD6H.avif (reused cache entry) (+5ms) (3797/4055)
16:39:38   ▶ /_astro/420x480_Z13iMwJ.png (reused cache entry) (+5ms) (3798/4055)
16:39:38   ▶ /_astro/738x600_B5i0A.png (reused cache entry) (+4ms) (3799/4055)
16:39:38   ▶ /_astro/200x200_1Lk6JN.avif (reused cache entry) (+5ms) (3800/4055)
16:39:38   ▶ /_astro/dunedin-cliff.txhlGVUZ_1zBwkP.jpg (reused cache entry) (+5ms) (3801/4055)
16:39:38   ▶ /_astro/1440x700_1wcnYl.png (reused cache entry) (+5ms) (3802/4055)
16:39:38   ▶ /_astro/575x400_ZcTzRU.avif (reused cache entry) (+5ms) (3803/4055)
16:39:38   ▶ /_astro/600x400_2b5WvL.avif (reused cache entry) (+5ms) (3804/4055)
16:39:38   ▶ /_astro/quiet-street.XSHPHwVz_1pOyaq.avif (reused cache entry) (+7ms) (3805/4055)
16:39:38   ▶ /_astro/800x600_2vntrS.avif (reused cache entry) (+4ms) (3806/4055)
16:39:38   ▶ /_astro/400x400_Z26WVNL.avif (reused cache entry) (+4ms) (3807/4055)
16:39:38   ▶ /_astro/castle.Cb20OytX_Z1eErhY.avif (reused cache entry) (+5ms) (3808/4055)
16:39:38   ▶ /_astro/sunset.DuRdBenu_Z1AYs6C.jpg (reused cache entry) (+7ms) (3809/4055)
16:39:38   ▶ /_astro/738x600_Z6IBia.png (reused cache entry) (+8ms) (3810/4055)
16:39:38   ▶ /_astro/420x480_Z1iMCiv.png (reused cache entry) (+9ms) (3811/4055)
16:39:38   ▶ /_astro/200x200_1XeW2b.png (reused cache entry) (+9ms) (3812/4055)
16:39:38   ▶ /_astro/575x400_JXfr9.avif (reused cache entry) (+7ms) (3813/4055)
16:39:38   ▶ /_astro/1440x700_Z5IM7V.png (reused cache entry) (+8ms) (3814/4055)
16:39:38   ▶ /_astro/dunedin-cliff.txhlGVUZ_Z1J1Sa0.jpg (reused cache entry) (+8ms) (3815/4055)
16:39:38   ▶ /_astro/600x400_2n0MN9.png (reused cache entry) (+7ms) (3816/4055)
16:39:38   ▶ /_astro/800x600_Z1AUO1Y.avif (reused cache entry) (+7ms) (3817/4055)
16:39:38   ▶ /_astro/400x400_1W0j1x.avif (reused cache entry) (+7ms) (3818/4055)
16:39:38   ▶ /_astro/quiet-street.XSHPHwVz_ZEvv53.avif (reused cache entry) (+9ms) (3819/4055)
16:39:38   ▶ /_astro/sunset.DuRdBenu_KOXA7.jpg (reused cache entry) (+5ms) (3820/4055)
16:39:38   ▶ /_astro/460x330_FQuSJ.avif (reused cache entry) (+5ms) (3821/4055)
16:39:38   ▶ /_astro/500x600_2oEucB.avif (reused cache entry) (+4ms) (3822/4055)
16:39:38   ▶ /_astro/castle.Cb20OytX_Z2luIx.avif (reused cache entry) (+10ms) (3823/4055)
16:39:38   ▶ /_astro/575x400_DGXqk.avif (reused cache entry) (+4ms) (3824/4055)
16:39:38   ▶ /_astro/738x600_Zmdr3V.png (reused cache entry) (+6ms) (3825/4055)
16:39:38   ▶ /_astro/1440x700_ZdlEqw.png (reused cache entry) (+5ms) (3826/4055)
16:39:38   ▶ /_astro/550x430_KUEuv.avif (reused cache entry) (+5ms) (3827/4055)
16:39:38   ▶ /_astro/800x600_Z1Hc62N.avif (reused cache entry) (+5ms) (3828/4055)
16:39:38   ▶ /_astro/400x400_1GvtfL.avif (reused cache entry) (+5ms) (3829/4055)
16:39:38   ▶ /_astro/sunset.DuRdBenu_SGO2U.jpg (reused cache entry) (+4ms) (3830/4055)
16:39:38   ▶ /_astro/460x330_RLlb7.png (reused cache entry) (+4ms) (3831/4055)
16:39:38   ▶ /_astro/dunedin-cliff.txhlGVUZ_OJ3y1.jpg (reused cache entry) (+8ms) (3832/4055)
16:39:38   ▶ /_astro/500x600_Z2tBNjW.png (reused cache entry) (+5ms) (3833/4055)
16:39:38   ▶ /_astro/575x400_1dpqLH.avif (reused cache entry) (+5ms) (3834/4055)
16:39:38   ▶ /_astro/quiet-street.XSHPHwVz_2ie7q5.jpg (reused cache entry) (+7ms) (3835/4055)
16:39:38   ▶ /_astro/900x760_1D10sR.avif (reused cache entry) (+5ms) (3836/4055)
16:39:38   ▶ /_astro/1440x700_Z2qkUSV.png (reused cache entry) (+5ms) (3837/4055)
16:39:38   ▶ /_astro/550x430_1INuOz.avif (reused cache entry) (+6ms) (3838/4055)
16:39:38   ▶ /_astro/800x600_ZHLNyh.avif (reused cache entry) (+6ms) (3839/4055)
16:39:38   ▶ /_astro/castle.Cb20OytX_Z1bOvcA.jpg (reused cache entry) (+8ms) (3840/4055)
16:39:38   ▶ /_astro/400x400_2iwsXi.png (reused cache entry) (+6ms) (3841/4055)
16:39:38   ▶ /_astro/sunset.DuRdBenu_1YC5Bi.jpg (reused cache entry) (+6ms) (3842/4055)
16:39:38   ▶ /_astro/480x420_Z1NrodA.avif (reused cache entry) (+5ms) (3843/4055)
16:39:38   ▶ /_astro/80x80_YrOSx.avif (reused cache entry) (+5ms) (3844/4055)
16:39:38   ▶ /_astro/575x400_WUB0V.avif (reused cache entry) (+5ms) (3845/4055)
16:39:38   ▶ /_astro/quiet-street.XSHPHwVz_Z26uM3w.jpg (reused cache entry) (+6ms) (3846/4055)
16:39:38   ▶ /_astro/900x760_Z2tii10.avif (reused cache entry) (+6ms) (3847/4055)
16:39:38   ▶ /_astro/dunedin-cliff.txhlGVUZ_Z2fw3KM.avif (reused cache entry) (+7ms) (3848/4055)
16:39:38   ▶ /_astro/550x430_1CxdNK.avif (reused cache entry) (+5ms) (3849/4055)
16:39:38   ▶ /_astro/1440x700_SYWmK.png (reused cache entry) (+7ms) (3850/4055)
16:39:38   ▶ /_astro/800x600_ZXgDk3.avif (reused cache entry) (+5ms) (3851/4055)
16:39:38   ▶ /_astro/400x400_Z1NLOvz.png (reused cache entry) (+6ms) (3852/4055)
16:39:38   ▶ /_astro/480x420_ZPyxSw.avif (reused cache entry) (+5ms) (3853/4055)
16:39:38   ▶ /_astro/castle.Cb20OytX_ZFnbtH.jpg (reused cache entry) (+6ms) (3854/4055)
16:39:38   ▶ /_astro/sunset.DuRdBenu_Z28jmAy.jpg (reused cache entry) (+6ms) (3855/4055)
16:39:38   ▶ /_astro/80x80_Z37lnh.png (reused cache entry) (+7ms) (3856/4055)
16:39:38   ▶ /_astro/575x400_ZYJAx.png (reused cache entry) (+6ms) (3857/4055)
16:39:38   ▶ /_astro/900x760_2uCyM7.avif (reused cache entry) (+7ms) (3858/4055)
16:39:38   ▶ /_astro/550x430_17gnLj.avif (reused cache entry) (+5ms) (3859/4055)
16:39:38   ▶ /_astro/quiet-street.XSHPHwVz_Z2gdACy.jpg (reused cache entry) (+7ms) (3860/4055)
16:39:38   ▶ /_astro/280x280_ZD95cj.avif (reused cache entry) (+6ms) (3861/4055)
16:39:38   ▶ /_astro/800x600_Z2mSO4F.png (reused cache entry) (+6ms) (3862/4055)
16:39:38   ▶ /_astro/400x400_Z1U36wo.png (reused cache entry) (+5ms) (3863/4055)
16:39:38   ▶ /_astro/480x420_ZVOOTl.avif (reused cache entry) (+6ms) (3864/4055)
16:39:38   ▶ /_astro/dunedin-cliff.txhlGVUZ_Z1c9USH.webp (reused cache entry) (+10ms) (3865/4055)
16:39:38   ▶ /_astro/800x700_6bv63.avif (reused cache entry) (+6ms) (3866/4055)
16:39:38   ▶ /_astro/castle.Cb20OytX_Z2fDPPl.jpg (reused cache entry) (+7ms) (3867/4055)
16:39:38   ▶ /_astro/220x80_20bets.avif (reused cache entry) (+8ms) (3868/4055)
16:39:38   ▶ /_astro/575x400_VS5Iw.png (reused cache entry) (+8ms) (3869/4055)
16:39:38   ▶ /_astro/900x760_Z2pcNX7.avif (reused cache entry) (+7ms) (3870/4055)
16:39:38   ▶ /_astro/550x430_QLy0x.avif (reused cache entry) (+7ms) (3871/4055)
16:39:38   ▶ /_astro/280x280_ZreeTV.png (reused cache entry) (+7ms) (3872/4055)
16:39:38   ▶ /_astro/800x600_Z1p0XJB.png (reused cache entry) (+8ms) (3873/4055)
16:39:38   ▶ /_astro/400x400_Z2a0TLD.png (reused cache entry) (+8ms) (3874/4055)
16:39:38   ▶ /_astro/quiet-street.XSHPHwVz_Z1C8GLK.jpg (reused cache entry) (+9ms) (3875/4055)
16:39:38   ▶ /_astro/480x420_2uINsd.avif (reused cache entry) (+7ms) (3876/4055)
16:39:38   ▶ /_astro/800x700_144lq7.avif (reused cache entry) (+8ms) (3877/4055)
16:39:38   ▶ /_astro/dunedin-cliff.txhlGVUZ_ZnSYxV.avif (reused cache entry) (+9ms) (3878/4055)
16:39:38   ▶ /_astro/220x80_cumPE.png (reused cache entry) (+7ms) (3879/4055)
16:39:38   ▶ /_astro/castle.Cb20OytX_1fgCBW.jpg (reused cache entry) (+10ms) (3880/4055)
16:39:38   ▶ /_astro/575x400_PBNHH.png (reused cache entry) (+13ms) (3881/4055)
16:39:38   ▶ /_astro/900x760_2puu53.avif (reused cache entry) (+13ms) (3882/4055)
16:39:38   ▶ /_astro/1200x900_p2ULQ.avif (reused cache entry) (+12ms) (3883/4055)
16:39:38   ▶ /_astro/550x430_WPuLS.png (reused cache entry) (+12ms) (3884/4055)
16:39:38   ▶ /_astro/800x600_Z1vhfKq.png (reused cache entry) (+11ms) (3885/4055)
16:39:38   ▶ /_astro/480x420_2feXGr.avif (reused cache entry) (+11ms) (3886/4055)
16:39:38   ▶ /_astro/400x400_Z2puJxp.png (reused cache entry) (+13ms) (3887/4055)
16:39:38   ▶ /_astro/800x700_WN4pi.avif (reused cache entry) (+10ms) (3888/4055)
16:39:38   ▶ /_astro/900x780_28xhs0.avif (reused cache entry) (+10ms) (3889/4055)
16:39:38   ▶ /_astro/dunedin-cliff.txhlGVUZ_2qxTO4.avif (reused cache entry) (+11ms) (3890/4055)
16:39:38   ▶ /_astro/quiet-street.XSHPHwVz_Z6VVMy.jpg (reused cache entry) (+15ms) (3891/4055)
16:39:38   ▶ /_astro/575x400_2bAlMs.png (reused cache entry) (+5ms) (3892/4055)
16:39:38   ▶ /_astro/1200x900_Z1cSfkq.avif (reused cache entry) (+5ms) (3893/4055)
16:39:38   ▶ /_astro/900x760_1OUPKf.png (reused cache entry) (+5ms) (3894/4055)
16:39:38   ▶ /_astro/castle.Cb20OytX_Z2053Cd.jpg (reused cache entry) (+13ms) (3895/4055)
16:39:38   ▶ /_astro/550x430_1UIl6W.png (reused cache entry) (+7ms) (3896/4055)
16:39:38   ▶ /_astro/800x600_fo6rt.png (reused cache entry) (+7ms) (3897/4055)
16:39:38   ▶ /_astro/480x420_Z1BwxVd.png (reused cache entry) (+6ms) (3898/4055)
16:39:38   ▶ /_astro/400x400_5k6jI.avif (reused cache entry) (+5ms) (3899/4055)
16:39:38   ▶ /_astro/800x700_K7bBO.avif (reused cache entry) (+6ms) (3900/4055)
16:39:38   ▶ /_astro/900x780_Z1XL11R.avif (reused cache entry) (+6ms) (3901/4055)
16:39:38   ▶ /_astro/dunedin-cliff.txhlGVUZ_1hfVjW.avif (reused cache entry) (+5ms) (3902/4055)
16:39:38   ▶ /_astro/1200x900_Z1kv7D1.avif (reused cache entry) (+4ms) (3903/4055)
16:39:38   ▶ /_astro/575x400_1V6w1G.png (reused cache entry) (+8ms) (3904/4055)
16:39:38   ▶ /_astro/900x760_Z2hnrIC.png (reused cache entry) (+9ms) (3905/4055)
16:39:38   ▶ /_astro/quiet-street.XSHPHwVz_ZGHfvt.jpg (reused cache entry) (+9ms) (3906/4055)
16:39:38   ▶ /_astro/550x430_1Os468.png (reused cache entry) (+7ms) (3907/4055)
16:39:38   ▶ /_astro/480x420_ZDDHB9.png (reused cache entry) (+7ms) (3908/4055)
16:39:38   ▶ /_astro/400x400_heVB6.png (reused cache entry) (+7ms) (3909/4055)
16:39:38   ▶ /_astro/800x600_Z5Iji.png (reused cache entry) (+8ms) (3910/4055)
16:39:38   ▶ /_astro/800x700_uClQ3.avif (reused cache entry) (+6ms) (3911/4055)
16:39:38   ▶ /_astro/900x780_Z252i2G.avif (reused cache entry) (+7ms) (3912/4055)
16:39:38   ▶ /_astro/castle.Cb20OytX_Z1hB2u6.jpg (reused cache entry) (+10ms) (3913/4055)
16:39:38   ▶ /_astro/1200x900_Z1sKfvD.avif (reused cache entry) (+8ms) (3914/4055)
16:39:38   ▶ /_astro/dunedin-cliff.txhlGVUZ_jsh8j.avif (reused cache entry) (+9ms) (3915/4055)
16:39:38   ▶ /_astro/200x110_Z1zgG9g.avif (reused cache entry) (+5ms) (3916/4055)
16:39:38   ▶ /_astro/900x760_Z2nDIJr.png (reused cache entry) (+6ms) (3917/4055)
16:39:38   ▶ /_astro/480x420_ZJTYBX.png (reused cache entry) (+6ms) (3918/4055)
16:39:38   ▶ /_astro/550x430_25riM4.png (reused cache entry) (+6ms) (3919/4055)
16:39:38   ▶ /_astro/200x110_23l2jf.avif (reused cache entry) (+5ms) (3920/4055)
16:39:38   ▶ /_astro/200x110_ZDoUde.avif (reused cache entry) (+6ms) (3921/4055)
16:39:38   ▶ /_astro/800x700_i6lnq.png (reused cache entry) (+7ms) (3922/4055)
16:39:38   ▶ /_astro/quiet-street.XSHPHwVz_Z29AQBz.jpg (reused cache entry) (+9ms) (3923/4055)
16:39:38   ▶ /_astro/900x780_Z29oBQQ.avif (reused cache entry) (+7ms) (3924/4055)
16:39:38   ▶ /_astro/1200x900_1QzCK3.avif (reused cache entry) (+6ms) (3925/4055)
16:39:38   ▶ /_astro/castle.Cb20OytX_Z1neSzb.jpg (reused cache entry) (+7ms) (3926/4055)
16:39:38   ▶ /_astro/200x110_5UXKx.avif (reused cache entry) (+6ms) (3927/4055)
16:39:38   ▶ /_astro/900x760_Z1r1SWm.png (reused cache entry) (+6ms) (3928/4055)
16:39:38   ▶ /_astro/dunedin-cliff.txhlGVUZ_Z1pzvM.jpg (reused cache entry) (+8ms) (3929/4055)
16:39:38   ▶ /_astro/480x420_Z1BhpkX.png (reused cache entry) (+6ms) (3930/4055)
16:39:38   ▶ /_astro/200x110_Z1lDqzS.avif (reused cache entry) (+6ms) (3931/4055)
16:39:38   ▶ /_astro/200x110_2puGev.avif (reused cache entry) (+6ms) (3932/4055)
16:39:38   ▶ /_astro/550x430_1OWt1i.png (reused cache entry) (+7ms) (3933/4055)
16:39:38   ▶ /_astro/800x700_1fYbHu.png (reused cache entry) (+6ms) (3934/4055)
16:39:38   ▶ /_astro/900x780_Z2oSrCC.avif (reused cache entry) (+5ms) (3935/4055)
16:39:38   ▶ /_astro/quiet-street.XSHPHwVz_ZcIxxh.jpg (reused cache entry) (+6ms) (3936/4055)
16:39:38   ▶ /_astro/1200x900_1ndPMB.png (reused cache entry) (+7ms) (3937/4055)
16:39:38   ▶ /_astro/200x110_292G8o.avif (reused cache entry) (+6ms) (3938/4055)
16:39:38   ▶ /_astro/castle.Cb20OytX_Z1fn37n.jpg (reused cache entry) (+8ms) (3939/4055)
16:39:38   ▶ /_astro/900x760_Z1GvII8.png (reused cache entry) (+6ms) (3940/4055)
16:39:38   ▶ /_astro/dunedin-cliff.txhlGVUZ_9bEPc.jpg (reused cache entry) (+8ms) (3941/4055)
16:39:38   ▶ /_astro/200x110_GsgLX.avif (reused cache entry) (+7ms) (3942/4055)
16:39:38   ▶ /_astro/480x420_Z1QLf6J.png (reused cache entry) (+8ms) (3943/4055)
16:39:38   ▶ /_astro/200x110_jsU6P.avif (reused cache entry) (+7ms) (3944/4055)
16:39:38   ▶ /_astro/200x110_Z15JxGM.avif (reused cache entry) (+7ms) (3945/4055)
16:39:38   ▶ /_astro/800x700_19HTGF.png (reused cache entry) (+8ms) (3946/4055)
16:39:38   ▶ /_astro/900x780_2ks7Jn.png (reused cache entry) (+8ms) (3947/4055)
16:39:38   ▶ /_astro/quiet-street.XSHPHwVz_ZYQGJ8.jpg (reused cache entry) (+9ms) (3948/4055)
16:39:38   ▶ /_astro/1200x900_ZeHkjF.png (reused cache entry) (+7ms) (3949/4055)
16:39:38   ▶ /_astro/200x110_ZlREHd.png (reused cache entry) (+10ms) (3950/4055)
16:39:38   ▶ /_astro/440x440_Z1DdwGB.avif (reused cache entry) (+9ms) (3951/4055)
16:39:38   ▶ /_astro/200x110_Z23MOAJ.avif (reused cache entry) (+7ms) (3952/4055)
16:39:38   ▶ /_astro/200x110_Z1Ns53D.png (reused cache entry) (+7ms) (3953/4055)
16:39:38   ▶ /_astro/castle.Cb20OytX_Z9rLy0.jpg (reused cache entry) (+10ms) (3954/4055)
16:39:38   ▶ /_astro/200x110_Zru4UQ.png (reused cache entry) (+9ms) (3955/4055)
16:39:38   ▶ /_astro/200x110_zs7d1.avif (reused cache entry) (+9ms) (3956/4055)
16:39:38   ▶ /_astro/dunedin-cliff.txhlGVUZ_Z106iDU.jpg (reused cache entry) (+11ms) (3957/4055)
16:39:38   ▶ /_astro/900x780_Z1LQaJu.png (reused cache entry) (+8ms) (3958/4055)
16:39:38   ▶ /_astro/800x700_1Ii6Cz.png (reused cache entry) (+9ms) (3959/4055)
16:39:38   ▶ /_astro/200x110_1jk0cA.png (reused cache entry) (+5ms) (3960/4055)
16:39:38   ▶ /_astro/440x440_ZJmJp3.avif (reused cache entry) (+5ms) (3961/4055)
16:39:38   ▶ /_astro/1200x900_ZmkcCg.png (reused cache entry) (+8ms) (3962/4055)
16:39:38   ▶ /_astro/quiet-street.XSHPHwVz_Z1LYPUY.jpg (reused cache entry) (+9ms) (3963/4055)
16:39:38   ▶ /_astro/200x110_ZnA9FV.avif (reused cache entry) (+6ms) (3964/4055)
16:39:38   ▶ /_astro/200x110_Z8fp8P.png (reused cache entry) (+7ms) (3965/4055)
16:39:38   ▶ /_astro/200x110_Z2sLBi3.png (reused cache entry) (+6ms) (3966/4055)
16:39:38   ▶ /_astro/200x110_Z2rCje4.avif (reused cache entry) (+6ms) (3967/4055)
16:39:38   ▶ /_astro/castle.Cb20OytX_2qYCCn.jpg (reused cache entry) (+8ms) (3968/4055)
16:39:38   ▶ /_astro/900x780_Z1S7rKj.png (reused cache entry) (+6ms) (3969/4055)
16:39:38   ▶ /_astro/200x110_Z1HKqeu.png (reused cache entry) (+5ms) (3970/4055)
16:39:38   ▶ /_astro/440x440_24uidS.avif (reused cache entry) (+5ms) (3971/4055)
16:39:38   ▶ /_astro/800x700_1sNgQN.png (reused cache entry) (+6ms) (3972/4055)
16:39:38   ▶ /_astro/dunedin-cliff.txhlGVUZ_FVGas.jpg (reused cache entry) (+7ms) (3973/4055)
16:39:38   ▶ /_astro/200x110_1EvxFU.avif (reused cache entry) (+5ms) (3974/4055)
16:39:38   ▶ /_astro/1200x900_Z1ToE2R.png (reused cache entry) (+7ms) (3975/4055)
16:39:38   ▶ /_astro/200x110_1TQie1.png (reused cache entry) (+6ms) (3976/4055)
16:39:38   ▶ /_astro/200x110_vnKod.png (reused cache entry) (+7ms) (3977/4055)
16:39:38   ▶ /_astro/200x110_7DsJg.png (reused cache entry) (+7ms) (3978/4055)
16:39:38   ▶ /_astro/1920x900_ORLqp.avif (reused cache entry) (+6ms) (3979/4055)
16:39:38   ▶ /_astro/quiet-street.XSHPHwVz_Z12diQp.jpg (reused cache entry) (+10ms) (3980/4055)
16:39:38   ▶ /_astro/900x780_Z1bdGQ6.png (reused cache entry) (+7ms) (3981/4055)
16:39:38   ▶ /_astro/485x400_2n1pXp.avif (reused cache entry) (+7ms) (3982/4055)
16:39:38   ▶ /_astro/440x440_Z1riGpe.png (reused cache entry) (+9ms) (3983/4055)
16:39:38   ▶ /_astro/800x800_Z2j0sfM.avif (reused cache entry) (+8ms) (3984/4055)
16:39:38   ▶ /_astro/castle.Cb20OytX_2cj4Vt.jpg (reused cache entry) (+10ms) (3985/4055)
16:39:38   ▶ /_astro/200x110_ZPoN9G.png (reused cache entry) (+8ms) (3986/4055)
16:39:38   ▶ /_astro/200x110_2wRaKI.avif (reused cache entry) (+8ms) (3987/4055)
16:39:38   ▶ /_astro/200x110_1MQ8E4.png (reused cache entry) (+5ms) (3988/4055)
16:39:38   ▶ /_astro/1200x900_1pVedO.png (reused cache entry) (+10ms) (3989/4055)
16:39:38   ▶ /_astro/1920x900_ZM3oFR.avif (reused cache entry) (+6ms) (3990/4055)
16:39:38   ▶ /_astro/900x780_Z1qHwBR.png (reused cache entry) (+6ms) (3991/4055)
16:39:38   ▶ /_astro/485x400_Z1JhRvs.avif (reused cache entry) (+5ms) (3992/4055)
16:39:38   ▶ /_astro/440x440_ZxrT7F.png (reused cache entry) (+5ms) (3993/4055)
16:39:38   ▶ /_astro/800x800_1VxYwK.avif (reused cache entry) (+6ms) (3994/4055)
16:39:38   ▶ /_astro/quiet-street.XSHPHwVz_14O3Qm.jpg (reused cache entry) (+9ms) (3995/4055)
16:39:38   ▶ /_astro/200x110_OMQK7.png (reused cache entry) (+6ms) (3996/4055)
16:39:38   ▶ /_astro/200x110_ZR7i8p.avif (reused cache entry) (+5ms) (3997/4055)
16:39:38   ▶ /_astro/200x110_Z1eehM1.png (reused cache entry) (+6ms) (3998/4055)
16:39:38   ▶ /_astro/1920x900_ZTFgYs.avif (reused cache entry) (+5ms) (3999/4055)
16:39:38   ▶ /_astro/485x400_Z1Py9wh.avif (reused cache entry) (+5ms) (4000/4055)
16:39:38   ▶ /_astro/castle.Cb20OytX_BQeGG.jpg (reused cache entry) (+9ms) (4001/4055)
16:39:38   ▶ /_astro/440x440_2gp8vg.png (reused cache entry) (+5ms) (4002/4055)
16:39:38   ▶ /_astro/800x800_2sFqLV.avif (reused cache entry) (+4ms) (4003/4055)
16:39:38   ▶ /_astro/200x110_Z2chyFX.png (reused cache entry) (+4ms) (4004/4055)
16:39:38   ▶ /_astro/200x110_1aYper.avif (reused cache entry) (+3ms) (4005/4055)
16:39:38   ▶ /_astro/quiet-street.XSHPHwVz_Z2lypQK.jpg (reused cache entry) (+5ms) (4006/4055)
16:39:38   ▶ /_astro/1920x900_1tFGVL.avif (reused cache entry) (+3ms) (4007/4055)
16:39:38   ▶ /_astro/485x400_7cygU.avif (reused cache entry) (+3ms) (4008/4055)
16:39:38   ▶ /_astro/castle.Cb20OytX_1RxgcV.jpg (reused cache entry) (+3ms) (4009/4055)
16:39:38   ▶ /_astro/800x800_Z275BXp.png (reused cache entry) (+4ms) (4010/4055)
16:39:38   ▶ /_astro/200x110_Z1jUVBa.png (reused cache entry) (+3ms) (4011/4055)
16:39:38   ▶ /_astro/1920x900_ZgaxAt.avif (reused cache entry) (+2ms) (4012/4055)
16:39:38   ▶ /_astro/485x400_Z8hgtQ.avif (reused cache entry) (+3ms) (4013/4055)
16:39:38   ▶ /_astro/quiet-street.XSHPHwVz_128pjB.jpg (reused cache entry) (+4ms) (4014/4055)
16:39:38   ▶ /_astro/800x800_28sOO8.png (reused cache entry) (+3ms) (4015/4055)
16:39:38   ▶ /_astro/200x110_lgIiD.png (reused cache entry) (+3ms) (4016/4055)
16:39:38   ▶ /_astro/1920x900_1N3Gra.png (reused cache entry) (+3ms) (4017/4055)
16:39:38   ▶ /_astro/castle.Cb20OytX_ZPUqEo.jpg (reused cache entry) (+5ms) (4018/4055)
16:39:38   ▶ /_astro/485x400_Z2vfRy9.png (reused cache entry) (+4ms) (4019/4055)
16:39:38   ▶ /_astro/quiet-street.XSHPHwVz_ZElSiX.jpg (reused cache entry) (+4ms) (4020/4055)
16:39:38   ▶ /_astro/800x800_Z2pAQJC.png (reused cache entry) (+4ms) (4021/4055)
16:39:38   ▶ /_astro/200x110_2onqFu.png (reused cache entry) (+4ms) (4022/4055)
16:39:38   ▶ /_astro/1920x900_b7vjS.png (reused cache entry) (+4ms) (4023/4055)
16:39:38   ▶ /_astro/485x400_Z1xn2e5.png (reused cache entry) (+3ms) (4024/4055)
16:39:38   ▶ /_astro/castle.Cb20OytX_2lECHB.jpg (reused cache entry) (+5ms) (4025/4055)
16:39:38   ▶ /_astro/1920x900_3uD1i.png (reused cache entry) (+3ms) (4026/4055)
16:39:38   ▶ /_astro/485x400_Z1DDjeT.png (reused cache entry) (+2ms) (4027/4055)
16:39:38   ▶ /_astro/1920x900_132ipx.png (reused cache entry) (+3ms) (4028/4055)
16:39:38   ▶ /_astro/castle.Cb20OytX_1JJezx.jpg (reused cache entry) (+11ms) (4029/4055)
16:39:38   ▶ /_astro/485x400_15nthF.png (reused cache entry) (+10ms) (4030/4055)
16:39:38   ▶ /_astro/1920x900_ZGNW7H.png (reused cache entry) (+7ms) (4031/4055)
16:39:38   ▶ /_astro/quiet-street.XSHPHwVz_Js5xt.jpg (reused cache entry) (+17ms) (4032/4055)
16:39:38   ▶ /_astro/castle.Cb20OytX_Z1MAft3.jpg (reused cache entry) (+2ms) (4033/4055)
16:39:38   ▶ /_astro/485x400_OSDvT.png (reused cache entry) (+3ms) (4034/4055)
16:39:38   ▶ /_astro/castle.Cb20OytX_2qMQKK.jpg (reused cache entry) (+2ms) (4035/4055)
16:39:38   ▶ /_astro/quiet-street.XSHPHwVz_Z12mynf.jpg (reused cache entry) (+3ms) (4036/4055)
16:39:38   ▶ /_astro/castle.Cb20OytX_PO19X.jpg (reused cache entry) (+2ms) (4037/4055)
16:39:38   ▶ /_astro/quiet-street.XSHPHwVz_ZOxPN6.jpg (reused cache entry) (+1ms) (4038/4055)
16:39:38   ▶ /_astro/quiet-street.XSHPHwVz_Z1BFYYW.jpg (reused cache entry) (+2ms) (4039/4055)
16:39:38   ▶ /_astro/castle.Cb20OytX_lRFNG.jpg (reused cache entry) (+3ms) (4040/4055)
16:39:38   ▶ /_astro/quiet-street.XSHPHwVz_Z2oO9bN.jpg (reused cache entry) (+4ms) (4041/4055)
16:39:38   ▶ /_astro/castle.Cb20OytX_1ybCn8.jpg (reused cache entry) (+6ms) (4042/4055)
16:39:38   ▶ /_astro/quiet-street.XSHPHwVz_50YmU.jpg (reused cache entry) (+5ms) (4043/4055)
16:39:38   ▶ /_astro/castle.Cb20OytX_Z169YaK.avif (reused cache entry) (+4ms) (4044/4055)
16:39:38   ▶ /_astro/castle.Cb20OytX_fF7h9.avif (reused cache entry) (+2ms) (4045/4055)
16:39:38   ▶ /_astro/castle.Cb20OytX_2dXSGV.avif (reused cache entry) (+1ms) (4046/4055)
16:39:38   ▶ /_astro/castle.Cb20OytX_Z1nm4g2.avif (reused cache entry) (+3ms) (4047/4055)
16:39:38   ▶ /_astro/castle.Cb20OytX_Z2pSk3o.avif (reused cache entry) (+2ms) (4048/4055)
16:39:38   ▶ /_astro/castle.Cb20OytX_1xWmIy.avif (reused cache entry) (+3ms) (4049/4055)
16:39:38   ▶ /_astro/castle.Cb20OytX_2spGNl.jpg (reused cache entry) (+5ms) (4050/4055)
16:39:38   ▶ /_astro/castle.Cb20OytX_tLAMg.jpg (reused cache entry) (+2ms) (4051/4055)
16:39:38   ▶ /_astro/castle.Cb20OytX_2s5nd3.jpg (reused cache entry) (+2ms) (4052/4055)
16:39:38   ▶ /_astro/castle.Cb20OytX_Z19fzJU.jpg (reused cache entry) (+3ms) (4053/4055)
16:39:38   ▶ /_astro/castle.Cb20OytX_ZkMt3L.jpg (reused cache entry) (+5ms) (4054/4055)
16:39:38   ▶ /_astro/castle.Cb20OytX_2kTSI.jpg (reused cache entry) (+4ms) (4055/4055)
16:39:38 ✓ Completed in 2.55s.

16:39:39 [@astrojs/sitemap] `sitemap-index.xml` created at `dist`
16:39:39 [build] 356 page(s) built in 100.65s
16:39:39 [build] Complete!
