
> astro-component-starter@1.0.0 build
> astro build

11:34:27 [content] Syncing content
11:34:27 [content] Synced content
11:34:27 [types] Generated 881ms
11:34:27 [build] output: "static"
11:34:27 [build] mode: "static"
11:34:27 [build] directory: /Users/tharvey/Work/CloudCannon/toothbar/dist/
11:34:27 [build] Collecting build info...
11:34:27 [build] ✓ Completed in 929ms.
11:34:28 [build] Building static entrypoints...
11:34:39 [astro-icon] Loaded icons from /Users/tharvey/Work/CloudCannon/toothbar/src/icons
11:34:43 [WARN] [vite] [esbuild css minify]
▲ [WARNING] "max-wdith" is not a known CSS property [unsupported-css-property]

    <stdin>:7945:8:
      7945 │         max-wdith: 1200px;
           │         ~~~~~~~~~
           ╵         max-width

  Did you mean "max-width" instead?


11:34:43 [vite] ✓ built in 15.50s
11:34:43 [build] ✓ Completed in 15.55s.

 building client (vite) 
11:34:43 [vite] transforming...
11:34:49 [astro-icon] Loaded icons from /Users/tharvey/Work/CloudCannon/toothbar/src/icons
11:34:53 [vite] ✓ 1088 modules transformed.
11:34:53 [vite] rendering chunks...
11:34:53 [WARN] [vite] [esbuild css minify]
▲ [WARNING] "max-wdith" is not a known CSS property [unsupported-css-property]

    <stdin>:8158:8:
      8158 │         max-wdith: 1200px;
           │         ~~~~~~~~~
           ╵         max-width

  Did you mean "max-width" instead?


11:34:54 [vite] computing gzip size...
11:34:54 [vite] dist/_astro/website-hero.D4U7jVob.svg                                                                                                                                                                             0.84 kB │ gzip:   0.32 kB
11:34:54 [vite] dist/_astro/website-feature.DEna4FuL.svg                                                                                                                                                                          1.15 kB │ gzip:   0.49 kB
11:34:54 [vite] dist/_astro/website-documented.DRWTqUgf.svg                                                                                                                                                                       3.17 kB │ gzip:   0.77 kB
11:34:54 [vite] dist/_astro/website-split.-E1vECzt.svg                                                                                                                                                                            3.70 kB │ gzip:   0.59 kB
11:34:54 [vite] dist/_astro/logo.CYULZAsd.svg                                                                                                                                                                                     5.23 kB │ gzip:   2.44 kB
11:34:54 [vite] dist/_astro/AdobeStock_187242830__37___1778007828_95213-300x200.DYFem91g.jpg                                                                                                                                      8.49 kB
11:34:54 [vite] dist/_astro/profile.Dck5cZ4v.jpg                                                                                                                                                                                 12.07 kB
11:34:54 [vite] dist/_astro/profile3.CFgrGJnX.jpg                                                                                                                                                                                12.36 kB
11:34:54 [vite] dist/_astro/Bad-Breath-1.i3oDUo46.jpg                                                                                                                                                                            15.50 kB
11:34:54 [vite] dist/_astro/profile4.hPOV2cWw.jpg                                                                                                                                                                                16.17 kB
11:34:54 [vite] dist/_astro/profile1.3Da2ia4z.jpg                                                                                                                                                                                16.20 kB
11:34:54 [vite] dist/_astro/vaping-and-oral-health.D2iX6zzs.jpg                                                                                                                                                                  18.60 kB
11:34:54 [vite] dist/_astro/shutterstock_1676006977-1-768x512-1.BtyAS2MQ.jpg                                                                                                                                                     18.81 kB
11:34:54 [vite] dist/_astro/Wisdom-Tooth-Pain.BPstnuaz.jpeg                                                                                                                                                                      19.35 kB
11:34:54 [vite] dist/_astro/profile5.OBHKIg-k.jpg                                                                                                                                                                                19.62 kB
11:34:54 [vite] dist/_astro/Symptoms-of-TMJ-disorder.Ckx1Qzdh.jpg                                                                                                                                                                22.70 kB
11:34:54 [vite] dist/_astro/teethgrinding.B-bYBi2V.jpg                                                                                                                                                                           23.61 kB
11:34:54 [vite] dist/_astro/Electric-vs-Regular-Toothbrush-1.BRFVN6wZ.jpg                                                                                                                                                        23.73 kB
11:34:54 [vite] dist/_astro/Benefits-of-Flossing-Your-Teeth.BV-GYnpJ.jpg                                                                                                                                                         25.00 kB
11:34:54 [vite] dist/_astro/profile2.CPtbMybO.jpg                                                                                                                                                                                25.22 kB
11:34:54 [vite] dist/_astro/straighten-your-teeth-with-clear-aligners.sU8wwlYU.jpg                                                                                                                                               25.55 kB
11:34:54 [vite] dist/_astro/white-and-blue-toothbrush-with-blue-toothpaste-1.kojrqoST.jpg                                                                                                                                        25.63 kB
11:34:54 [vite] dist/_astro/tips-for-picking-the-right-toothpaste.k-YeuXiI.jpg                                                                                                                                                   25.75 kB
11:34:54 [vite] dist/_astro/Toothache.e-LyfB2L.jpg                                                                                                                                                                               26.53 kB
11:34:54 [vite] dist/_astro/main-qimg-d7933d14cb6c8f73c313ca262b547358.BZrzjC-m.jpg                                                                                                                                              27.18 kB
11:34:54 [vite] dist/_astro/shutterstock_1051437563-1.RaBNL9oP.jpeg                                                                                                                                                              27.63 kB
11:34:54 [vite] dist/_astro/Brushing-your-tongue-is-important.B80BUmVY.jpg                                                                                                                                                       27.63 kB
11:34:54 [vite] dist/_astro/invisalign-1.vNv4f_jq.jpeg                                                                                                                                                                           28.28 kB
11:34:54 [vite] dist/_astro/dont-replace-a-missing-tooth.DJcneQeF.jpg                                                                                                                                                            28.67 kB
11:34:54 [vite] dist/_astro/shutterstock_714402862-1-1.CSxRLvjS.jpeg                                                                                                                                                             28.86 kB
11:34:54 [vite] dist/_astro/person-wearing-silver-colored-ring-while-holding-denture-1.FYfPFinS.jpg                                                                                                                              29.34 kB
11:34:54 [vite] dist/_astro/how-many-teeth-kids-have.CyxT8ERy.jpg                                                                                                                                                                29.41 kB
11:34:54 [vite] dist/_astro/jawbotox-for-tmj-1.CeYgt7p1.jpg                                                                                                                                                                      30.31 kB
11:34:54 [vite] dist/_astro/Tooth-Implant.CJhrg0Qe.jpg                                                                                                                                                                           30.55 kB
11:34:54 [vite] dist/_astro/dentist-1.BzExywwc.jpg                                                                                                                                                                               30.59 kB
11:34:54 [vite] dist/_astro/1_shocking_diseases_dentists_vadimguzhva-760x506-1.BXVVx5ys.jpg                                                                                                                                      30.96 kB
11:34:54 [vite] dist/_astro/can-teeth-whitening-damage-gums.B5Ny0oOc.jpg                                                                                                                                                         31.75 kB
11:34:54 [vite] dist/_astro/smiling-woman-standing-beside-plant-1.C9TghpMh.jpeg                                                                                                                                                  32.88 kB
11:34:54 [vite] dist/_astro/young-woman-brushing-her-teeth-1.Dc7Y1erj.jpg                                                                                                                                                        33.06 kB
11:34:54 [vite] dist/_astro/3-ways-to-prevent-a-poor-bite.Cq4jKxMc.jpg                                                                                                                                                           33.31 kB
11:34:54 [vite] dist/_astro/shutterstock_254735842-1.BV-KyjKr.jpg                                                                                                                                                                33.32 kB
11:34:54 [vite] dist/_astro/broken-cigarette-1.BIWEOL8B.jpg                                                                                                                                                                      33.32 kB
11:34:54 [vite] dist/_astro/pearlywhiteteeth.BQjgH3PO.jpg                                                                                                                                                                        33.96 kB
11:34:54 [vite] dist/_astro/woman-wearing-invisalign.1QOXVaSk.jpg                                                                                                                                                                34.22 kB
11:34:54 [vite] dist/_astro/shutterstock_1800233047-1.qjVsWmzX.jpg                                                                                                                                                               34.96 kB
11:34:54 [vite] dist/_astro/shutterstock_1215868702-1.Cjzi2ihq.jpg                                                                                                                                                               35.63 kB
11:34:54 [vite] dist/_astro/shutterstock_48422968-1.DRjZl7uk.jpg                                                                                                                                                                 35.68 kB
11:34:54 [vite] dist/_astro/ppc-pediatric-footer-bg.B9K8WsKo.png                                                                                                                                                                 35.83 kB
11:34:54 [vite] dist/_astro/burning-mouth-syndrome-symptoms-.ZtL34cRG.jpg                                                                                                                                                        36.25 kB
11:34:54 [vite] dist/_astro/kid-brushing-her-teeth-1.lP4eQaZQ.jpg                                                                                                                                                                36.25 kB
11:34:54 [vite] dist/_astro/toothbrush-and-tooth-paste-1.MW2YzlGW.jpg                                                                                                                                                            36.88 kB
11:34:54 [vite] dist/_astro/why-you-bite-your-cheek-.BoZUxtMV.jpg                                                                                                                                                                37.12 kB
11:34:54 [vite] dist/_astro/porcelain-veneers.DSlC1pKs.jpg                                                                                                                                                                       37.13 kB
11:34:54 [vite] dist/_astro/shutterstock_1687009768-1.DHO_bc2K.jpg                                                                                                                                                               37.84 kB
11:34:54 [vite] dist/_astro/shutterstock_675761230-1.DHCNz0qN.jpg                                                                                                                                                                38.34 kB
11:34:54 [vite] dist/_astro/how-long-after-wisdom-teeth-removal-can-i-get-a-dental-cleaning.CEzFQZxl.jpg                                                                                                                         39.43 kB
11:34:54 [vite] dist/_astro/gum-recession.Bl6umvbk.jpg                                                                                                                                                                           39.48 kB
11:34:54 [vite] dist/_astro/danielle-profile1-tiny.BkErRIOv.jpg                                                                                                                                                                  39.55 kB
11:34:54 [vite] dist/_astro/shutterstock_1598735734-1.ijfqX0Km.jpg                                                                                                                                                               39.62 kB
11:34:54 [vite] dist/_astro/shutterstock_142808959-1.zVV_eZNG.jpg                                                                                                                                                                40.06 kB
11:34:54 [vite] dist/_astro/shutterstock_345988874-1.CATBjg0b.jpg                                                                                                                                                                40.26 kB
11:34:54 [vite] dist/_astro/shutterstock_1823263868-1.C1txzfAj.jpg                                                                                                                                                               40.33 kB
11:34:54 [vite] dist/_astro/chewing-ice-1.IMiHz9EN.jpg                                                                                                                                                                           40.87 kB
11:34:54 [vite] dist/_astro/women-smiling-while-laying-on-lawn-field.BQ-DbDMY.jpeg                                                                                                                                               40.94 kB
11:34:54 [vite] dist/_astro/shutterstock_1115346134-1.DNeGnhH9.jpeg                                                                                                                                                              42.02 kB
11:34:54 [vite] dist/_astro/shutterstock_623291072-1.CoZcBOGE.jpg                                                                                                                                                                42.30 kB
11:34:54 [vite] dist/_astro/AdobeStock_187242830__37___1778007828_95213.DrEewN0a.jpg                                                                                                                                             42.74 kB
11:34:54 [vite] dist/_astro/Home-whitening-vs.-In-Office-Whitening-1.4Wwo6OsA.jpg                                                                                                                                                42.80 kB
11:34:54 [vite] dist/_astro/shutterstock_1538855762-1.CgTG81hS.jpg                                                                                                                                                               42.91 kB
11:34:54 [vite] dist/_astro/Healthy-Smiles-This-Halloween-1.CNPi-dY9.jpg                                                                                                                                                         43.10 kB
11:34:54 [vite] dist/_astro/tips-to-know-when-travelling-with-invisa.JzeJtfO6.jpeg                                                                                                                                               43.24 kB
11:34:54 [vite] dist/_astro/lockjaw-G.VIOn2l53.jpg                                                                                                                                                                               43.59 kB
11:34:54 [vite] dist/_astro/shutterstock_773757976-1._g8vYskO.jpg                                                                                                                                                                43.62 kB
11:34:54 [vite] dist/_astro/cosmeticdent-1.DTpjGTvn.jpg                                                                                                                                                                          43.65 kB
11:34:54 [vite] dist/_astro/why-do-my-gums-feel-itchy.D-Mkcy3e.jpg                                                                                                                                                               45.04 kB
11:34:54 [vite] dist/_astro/TD_April2018Blog_BadBreath-1080x675-1024x640-1.XkUJHgKF.jpg                                                                                                                                          46.18 kB
11:34:54 [vite] dist/_astro/dental-checkup-G-G.DNdJU6OD.jpg                                                                                                                                                                      46.32 kB
11:34:54 [vite] dist/_astro/dental-crown-1.CepJgl_S.jpg                                                                                                                                                                          46.68 kB
11:34:54 [vite] dist/_astro/Invisalign.mzuk8YAe.jpg                                                                                                                                                                              47.28 kB
11:34:54 [vite] dist/_astro/dentists-watching-x-ray-1.C0VC6gIF.jpg                                                                                                                                                               47.86 kB
11:34:54 [vite] dist/_astro/dentalcrownsexampl-1.Cl3vfqto.jpg                                                                                                                                                                    48.59 kB
11:34:54 [vite] dist/_astro/shutterstock_1530801923-1.OtQg7RTp.jpeg                                                                                                                                                              48.61 kB
11:34:54 [vite] dist/_astro/AdobeStock_291115741-2.CKaHEjG_.jpg                                                                                                                                                                  48.88 kB
11:34:54 [vite] dist/_astro/shutterstock_358283384-1.B8D6BDNx.jpg                                                                                                                                                                49.11 kB
11:34:54 [vite] dist/_astro/tonsil-stones-causes-symptoms.BI4qHAt7.jpg                                                                                                                                                           49.22 kB
11:34:54 [vite] dist/_astro/hao-shaw-G4SOKpR-Uoc-unsplash-1-768x512-1.CD8SYaCo.jpg                                                                                                                                               49.22 kB
11:34:54 [vite] dist/_astro/implants.FTeBMdbW.jpg                                                                                                                                                                                49.58 kB
11:34:54 [vite] dist/_astro/Tooth-ache.DVfBhUxd.jpg                                                                                                                                                                              50.06 kB
11:34:54 [vite] dist/_astro/shutterstock_1404252305-1.46p2VxHI.jpeg                                                                                                                                                              50.19 kB
11:34:54 [vite] dist/_astro/shutterstock_616331219-1.HXDecGlT.jpg                                                                                                                                                                50.32 kB
11:34:54 [vite] dist/_astro/shutterstock_1093014014-1.CzaEaEqQ.jpg                                                                                                                                                               50.50 kB
11:34:54 [vite] dist/_astro/shutterstock_1514580746-1.BQFTu26H.jpg                                                                                                                                                               50.70 kB
11:34:54 [vite] dist/_astro/closeup-photography-of-woman-smiling-1.ZNkxOzN-.jpg                                                                                                                                                  51.50 kB
11:34:54 [vite] dist/_astro/shutterstock_1941500632-1.k5y6kzF9.jpeg                                                                                                                                                              52.02 kB
11:34:54 [vite] dist/_astro/s-b-vonlanthen-FaiZNiofP-U-unsplash-1-768x513-1.0g7g2daq.jpg                                                                                                                                         52.44 kB
11:34:54 [vite] dist/_astro/umanoide-KeVKEs1_RDU-unsplash-1-705x529-1.jiBMsBLK.jpg                                                                                                                                               53.04 kB
11:34:54 [vite] dist/_astro/shutterstock_231558334-1.CF5coeIl.jpg                                                                                                                                                                54.01 kB
11:34:54 [vite] dist/_astro/Trismus.Do_gnc2W.jpg                                                                                                                                                                                 54.06 kB
11:34:54 [vite] dist/_astro/shutterstock_566451454-1.xP-9Og7F.jpeg                                                                                                                                                               54.59 kB
11:34:54 [vite] dist/_astro/shutterstock_1527451409-1.CGzpnWsk.jpg                                                                                                                                                               54.90 kB
11:34:54 [vite] dist/_astro/white-spot.DSAydc9w.jpg                                                                                                                                                                              54.91 kB
11:34:54 [vite] dist/_astro/shutterstock_252392584-1.D87yZd8z.jpg                                                                                                                                                                55.30 kB
11:34:54 [vite] dist/_astro/charcoal-teethbrushing-1.BLNvxxC9.jpg                                                                                                                                                                55.39 kB
11:34:54 [vite] dist/_astro/austin-invisalign-1.Bw_8VRI4.jpg                                                                                                                                                                     55.66 kB
11:34:54 [vite] dist/_astro/shutterstock_1054704908-1.s-rBAGns.jpg                                                                                                                                                               55.67 kB
11:34:54 [vite] dist/_astro/what-type-of-sedation-is-right-for-me.BaU0jAe4.jpg                                                                                                                                                   56.03 kB
11:34:54 [vite] dist/_astro/shutterstock_1284302962-1.Cis1EWG8.jpg                                                                                                                                                               56.26 kB
11:34:54 [vite] dist/_astro/what-can-happen-if-i-dont-floss-my-teeth-properly.Bylpfbx3.jpg                                                                                                                                       56.36 kB
11:34:54 [vite] dist/_astro/placing-invisalign.pUL__mc2.jpg                                                                                                                                                                      56.48 kB
11:34:54 [vite] dist/_astro/toothbrushing-1.h50CIplH.jpg                                                                                                                                                                         56.49 kB
11:34:54 [vite] dist/_astro/shutterstock_1892166514-1.DXRRmIh_.jpg                                                                                                                                                               56.86 kB
11:34:54 [vite] dist/_astro/adcrookedteeth-1.DvQ30oCA.jpg                                                                                                                                                                        57.12 kB
11:34:54 [vite] dist/_astro/Is-periodontal-disease-contagious.DwP8qmat.jpg                                                                                                                                                       57.43 kB
11:34:54 [vite] dist/_astro/dental-implant-toothbar-1.B_gJvn2h.jpg                                                                                                                                                               57.46 kB
11:34:54 [vite] dist/_astro/white-teeth-austin-G.BIE8umCM.jpg                                                                                                                                                                    57.83 kB
11:34:54 [vite] dist/_astro/what-to-do-when-you-lose-a-tooth.C-Bc8cCv.jpg                                                                                                                                                        57.90 kB
11:34:54 [vite] dist/_astro/shutterstock_1290948973-1.CHNM-QHG.jpeg                                                                                                                                                              58.42 kB
11:34:54 [vite] dist/_astro/restorativedentistryimage-1.D_3pzGJA.jpg                                                                                                                                                             58.67 kB
11:34:54 [vite] dist/_astro/is-cosmetic-dentistry-permanent.C1un-7el.jpg                                                                                                                                                         58.89 kB
11:34:54 [vite] dist/_astro/shutterstock_554660845-1.Dy78ttkq.jpg                                                                                                                                                                60.89 kB
11:34:54 [vite] dist/_astro/Professional-teeth-whitening.BK4RJNRy.jpg                                                                                                                                                            61.15 kB
11:34:54 [vite] dist/_astro/shutterstock_520962286-1.Bd2mm7hw.jpg                                                                                                                                                                61.20 kB
11:34:54 [vite] dist/_astro/edited-MobileThirdImage.Bu9zxuk0.jpg                                                                                                                                                                 61.25 kB
11:34:54 [vite] dist/_astro/shutterstock_1019069908-1.Dlv3iMTV.jpg                                                                                                                                                               61.34 kB
11:34:54 [vite] dist/_astro/Spoon-Of-Coconut-Oil-1.Bz4c2X6e.jpeg                                                                                                                                                                 61.49 kB
11:34:54 [vite] dist/_astro/shutterstock_757893178-1.D8YTWDqe.jpeg                                                                                                                                                               61.59 kB
11:34:54 [vite] dist/_astro/Cosmetic-Dentistry-Market.C9gc_OCD.jpg                                                                                                                                                               61.80 kB
11:34:54 [vite] dist/_astro/healthygums-1.BZyH2woA.jpg                                                                                                                                                                           61.83 kB
11:34:54 [vite] dist/_astro/invisalignbraces.DzATL4pE.jpg                                                                                                                                                                        62.11 kB
11:34:54 [vite] dist/_astro/shutterstock_647794081-1.eE60eqpH.jpg                                                                                                                                                                62.99 kB
11:34:54 [vite] dist/_astro/shutterstock_1256701261-1.BZMLbEFZ.jpg                                                                                                                                                               63.39 kB
11:34:54 [vite] dist/_astro/teeth-bonding-1.TfNnR7Ok.jpg                                                                                                                                                                         64.29 kB
11:34:54 [vite] dist/_astro/shutterstock_371279323-1.D8DOBlY0.jpg                                                                                                                                                                65.41 kB
11:34:54 [vite] dist/_astro/laser-teeth-whitening-1.Dd0N_uuG.jpg                                                                                                                                                                 65.77 kB
11:34:54 [vite] dist/_astro/lock-jaw-1.WBzTnJAl.jpg                                                                                                                                                                              66.04 kB
11:34:54 [vite] dist/_astro/preventive-dentist1-1.DGs-xQI6.jpg                                                                                                                                                                   67.40 kB
11:34:54 [vite] dist/_astro/teethbrushing-1.DM-2flb9.jpg                                                                                                                                                                         67.94 kB
11:34:54 [vite] dist/_astro/zahnreinigung_dental_repairs_treat_teeth_brushing_teeth_catching_teeth_dentist_dental_instruments_dentist_equipment-579991.DR0-94sp.jpg                                                              68.27 kB
11:34:54 [vite] dist/_astro/shutterstock_1504845494-1.DeRJl3K6.jpeg                                                                                                                                                              68.43 kB
11:34:54 [vite] dist/_astro/dentistcavities-G.CzNzrt66.jpg                                                                                                                                                                       68.55 kB
11:34:54 [vite] dist/_astro/Invisalign-1-Small-1024x684.DjVt8Mrk.jpg                                                                                                                                                             69.18 kB
11:34:54 [vite] dist/_astro/107504097_603403186973724_2262707603960157141_o.CjIsXvzp.jpg                                                                                                                                         69.70 kB
11:34:54 [vite] dist/_astro/shutterstock_722601751-1.BeuNxsvE.jpeg                                                                                                                                                               69.87 kB
11:34:54 [vite] dist/_astro/gumabsess-1.CkUL0lKN.jpg                                                                                                                                                                             70.58 kB
11:34:54 [vite] dist/_astro/loosetoothadult-1.DH7d-mxM.jpg                                                                                                                                                                       71.33 kB
11:34:54 [vite] dist/_astro/veneere-1.jO8KeDvC.jpg                                                                                                                                                                               71.43 kB
11:34:54 [vite] dist/_astro/Invisalignok.sPmDq1SX.jpg                                                                                                                                                                            71.66 kB
11:34:54 [vite] dist/_astro/shutterstock_1050606914-1.ChmK_epv.jpeg                                                                                                                                                              72.87 kB
11:34:54 [vite] dist/_astro/shutterstock_462323689-1.9e_MmBIv.jpeg                                                                                                                                                               73.03 kB
11:34:54 [vite] dist/_astro/Dentures-1.C-uw-GQk.jpg                                                                                                                                                                              73.51 kB
11:34:54 [vite] dist/_astro/how-do-teeth-whitening-strips-work.CS-UeXiK.jpg                                                                                                                                                      74.59 kB
11:34:54 [vite] dist/_astro/shutterstock_1401918893-1.CFhnGbx-.jpg                                                                                                                                                               76.16 kB
11:34:54 [vite] dist/_astro/natural-dental-care.DuEl_CR2.jpg                                                                                                                                                                     78.01 kB
11:34:54 [vite] dist/_astro/Job-interview.hMF9NZDg.jpg                                                                                                                                                                           78.33 kB
11:34:54 [vite] dist/_astro/69041b_6c1cfa257729450598a0d2c7139820b9mv2_d_1920_1279_s_2.CFx35BCv.webp                                                                                                                             79.14 kB
11:34:54 [vite] dist/_astro/Screen-Shot-2018-12-28-at-1.07.33-PM.C4q_b7pT.png                                                                                                                                                    84.98 kB
11:34:54 [vite] dist/_astro/teethwhiteningGeio.Dd-BsjBu.jpg                                                                                                                                                                      85.33 kB
11:34:54 [vite] dist/_astro/periodontitis.HtI9zdHV.jpg                                                                                                                                                                           85.41 kB
11:34:54 [vite] dist/_astro/shutterstock_1276642348-1.DNbzhfuf.jpg                                                                                                                                                               85.57 kB
11:34:54 [vite] dist/_astro/306283610_1074853769828661_499037235804106975_n.obiTnlIu.jpeg                                                                                                                                        85.95 kB
11:34:54 [vite] dist/_astro/texas-smile-.DYA0O7YD.jpg                                                                                                                                                                            86.45 kB
11:34:54 [vite] dist/_astro/Toothpicks.C1KZda4Y.jpg                                                                                                                                                                              87.04 kB
11:34:54 [vite] dist/_astro/poor-dental-health-lead-to-liver-cancer-1.KYATHU1q.jpg                                                                                                                                               90.71 kB
11:34:54 [vite] dist/_astro/Travel-Tips-for-Your-Teeth-1.luRuikr8.jpg                                                                                                                                                            92.32 kB
11:34:54 [vite] dist/_astro/shutterstock_1307669605-1.BaZJh5PU.jpg                                                                                                                                                               93.64 kB
11:34:54 [vite] dist/_astro/shutterstock_1058754506-1.B7BKXzs1.jpg                                                                                                                                                               98.65 kB
11:34:54 [vite] dist/_astro/69041b_70eb4c4cb10946a49822bf65a443d3d1mv2.jKlrwF30.webp                                                                                                                                            101.57 kB
11:34:54 [vite] dist/_astro/49706630_304673416846704_8429231802140327936_o-846x529-1.DOi2F681.jpeg                                                                                                                              105.27 kB
11:34:54 [vite] dist/_astro/sunset.DuRdBenu.jpg                                                                                                                                                                                 107.58 kB
11:34:54 [vite] dist/_astro/cosmetic-dentistry-austin.vbLrmiq-.jpg                                                                                                                                                              110.38 kB
11:34:54 [vite] dist/_astro/braces-and-floss-1.DbNOWBW9.jpg                                                                                                                                                                     117.06 kB
11:34:54 [vite] dist/_astro/shutterstock_1515575510.CZM8YFHf.jpeg                                                                                                                                                               119.71 kB
11:34:54 [vite] dist/_astro/69041b_28c5595ed3114ebda3bbd15f55fde240mv2_d_1920_1279_s_2.qbF8rKlx.webp                                                                                                                            127.88 kB
11:34:54 [vite] dist/_astro/iStock-609685270.BDYbo86i.jpg                                                                                                                                                                       134.04 kB
11:34:54 [vite] dist/_astro/matthew-poetker-nWZs_SnBDmg-unsplash-1-scaled-1.Wkyh28ZO.jpg                                                                                                                                        137.58 kB
11:34:54 [vite] dist/_astro/Screen-Shot-2018-12-10-at-12.21.14-PM.Ck7Vwpd7.png                                                                                                                                                  137.81 kB
11:34:54 [vite] dist/_astro/shutterstock_1810201546.CV0o4Yxa.jpg                                                                                                                                                                139.66 kB
11:34:54 [vite] dist/_astro/shutterstock_1706287213-1.DNmbUO7k.jpg                                                                                                                                                              145.32 kB
11:34:54 [vite] dist/_astro/AdobeStock_541244802.BS7Q-vUW.jpg                                                                                                                                                                   157.02 kB
11:34:54 [vite] dist/_astro/332485478_2418394121649217_3408524559894985687_n.Do3vyL5R.jpg                                                                                                                                       161.03 kB
11:34:54 [vite] dist/_astro/girl-smiling-choosing-veneers.C0O1d64S.jpeg                                                                                                                                                         163.13 kB
11:34:54 [vite] dist/_astro/shutterstock_773757976.DqVAbfMp.jpg                                                                                                                                                                 165.25 kB
11:34:54 [vite] dist/_astro/teeth-denture-on-top-of-blue-shelf-scaled.BQbGHbTl.jpg                                                                                                                                              168.72 kB
11:34:54 [vite] dist/_astro/spatablet.BPfBZXyG.jpg                                                                                                                                                                              172.90 kB
11:34:54 [vite] dist/_astro/woman-choosing-veneers.mz1AWJCW.jpeg                                                                                                                                                                173.32 kB
11:34:54 [vite] dist/_astro/shutterstock_1538855759.luy1QITA.jpg                                                                                                                                                                177.46 kB
11:34:54 [vite] dist/_astro/shutterstock_1662297199.BsuU8zhi.jpg                                                                                                                                                                184.15 kB
11:34:54 [vite] dist/_astro/shutterstock_285790634.CRT9yE-w.jpeg                                                                                                                                                                202.82 kB
11:34:54 [vite] dist/_astro/toothbar_ShareImage_B.DKeZGxgm.png                                                                                                                                                                  227.50 kB
11:34:54 [vite] dist/_astro/h-shaw-5LcgjahE0vo-unsplash-1-scaled-1.D8DqMUQu.jpg                                                                                                                                                 259.35 kB
11:34:54 [vite] dist/_astro/daniel-frank-wKbWAMlHgNo-unsplash-1-scaled-1.BIJPweHJ.jpg                                                                                                                                           267.54 kB
11:34:54 [vite] dist/_astro/scared-blond-woman-biting-nails-fingers-panic-afraid-something-scary-trembling-from-fear-while-standing-anxious-against-white-wall.DgGR5sJz.jpg                                                     278.23 kB
11:34:54 [vite] dist/_astro/Missing-Teeth-1-scaled.B4J-j1kf.jpg                                                                                                                                                                 284.17 kB
11:34:54 [vite] dist/_astro/pexels-shiny-diamond-3762453-1-scaled-1.BilK3WD_.jpg                                                                                                                                                286.18 kB
11:34:54 [vite] dist/_astro/sheep.3ubwki29.jpg                                                                                                                                                                                  292.74 kB
11:34:54 [vite] dist/_astro/Invisalign-1-Small-scaled.CPR6q4pU.jpg                                                                                                                                                              297.50 kB
11:34:54 [vite] dist/_astro/woman-smiles-broadly-points-her-perfect-even-teeth-indicates-corners-lips-looks-away-wears-casual-blue-jumper-isolated-white-with-blank-copy-space.Bme_aEMP.jpg                                     297.64 kB
11:34:54 [vite] dist/_astro/female-dentist-is-installing-patient-s-mouth-device-making-molded-tooth.CnNo74CM.jpg                                                                                                                300.94 kB
11:34:54 [vite] dist/_astro/young-man-feeling-sick-holding-his-chest-pain-while-drinking-tea-living-room.DD-iatK2.jpg                                                                                                           319.02 kB
11:34:54 [vite] dist/_astro/Dental-Plaque-scaled.B726-XVU.jpg                                                                                                                                                                   339.96 kB
11:34:54 [vite] dist/_astro/luis-machado-nCGl8FrGHb0-unsplash-1-scaled-1.mRSuwKb5.jpg                                                                                                                                           348.71 kB
11:34:54 [vite] dist/_astro/dental-implants-surgery-concept-pen-tool-created-clipping-path-included-jpeg-easy-composite.CFR66Hja.jpg                                                                                            356.59 kB
11:34:54 [vite] dist/_astro/quiet-street.XSHPHwVz.jpg                                                                                                                                                                           361.95 kB
11:34:54 [vite] dist/_astro/care-chair-clean-305568-scaled.D6xaq-Zw.jpg                                                                                                                                                         365.17 kB
11:34:54 [vite] dist/_astro/shutterstock_1437249140.60ySkdVK.jpg                                                                                                                                                                384.43 kB
11:34:54 [vite] dist/_astro/young-girl-with-bruxism.BdWzo013.jpeg                                                                                                                                                               391.50 kB
11:34:54 [vite] dist/_astro/castle.Cb20OytX.jpg                                                                                                                                                                                 392.29 kB
11:34:54 [vite] dist/_astro/shutterstock_660478255.DcK62t_r.jpg                                                                                                                                                                 455.89 kB
11:34:54 [vite] dist/_astro/baylee-gramling-OTTKWktB8zU-unsplash-1-scaled.DUVM1T_N.jpg                                                                                                                                          460.03 kB
11:34:54 [vite] dist/_astro/49602.SNNI-Q57.jpg                                                                                                                                                                                  472.51 kB
11:34:54 [vite] dist/_astro/shutterstock_162886907.BjR3L63N.jpg                                                                                                                                                                 480.72 kB
11:34:54 [vite] dist/_astro/shutterstock_1224151894.CWpwefbE.jpg                                                                                                                                                                499.96 kB
11:34:54 [vite] dist/_astro/shutterstock_1229852500.BrLeKFGR.jpg                                                                                                                                                                506.07 kB
11:34:54 [vite] dist/_astro/shutterstock_1530279239.Crbu0Of1.jpg                                                                                                                                                                515.17 kB
11:34:54 [vite] dist/_astro/gum-and-braces.DO3lgAHq.jpg                                                                                                                                                                         542.25 kB
11:34:54 [vite] dist/_astro/beautiful-happy-fair-haired-european-woman-points-index-fingers-mouth-forces-cheerful-smile-shows-perfect-white-teeth-wears-green-jumper-being-good-mood-isolated-purple-background.Cebq-SwG.jpg    550.81 kB
11:34:54 [vite] dist/_astro/problemas-dentales-hombre-revisando-sus-dientes-mirando-perturbado.B-NSJqPi.jpg                                                                                                                     551.43 kB
11:34:54 [vite] dist/_astro/web-home-slider-986x493-1.DpJVdMcO.png                                                                                                                                                              559.03 kB
11:34:54 [vite] dist/_astro/shutterstock_1718366740-2.v7RsUidM.jpg                                                                                                                                                              559.41 kB
11:34:54 [vite] dist/_astro/shutterstock_1718366740.B-fkAQU5.jpg                                                                                                                                                                559.61 kB
11:34:54 [vite] dist/_astro/extreme-close-up-mixed-race-handsome-man-has-trendy-hairdo-smiles-pleasantly-blinks-eye.KJNogYu9.jpg                                                                                                583.80 kB
11:34:54 [vite] dist/_astro/shutterstock_616331219.Bv2JUpaO.jpg                                                                                                                                                                 592.50 kB
11:34:54 [vite] dist/_astro/2858.qoo5V0oN.jpg                                                                                                                                                                                   597.73 kB
11:34:54 [vite] dist/_astro/shutterstock_1448097926.00p3LtfA.jpg                                                                                                                                                                630.56 kB
11:34:54 [vite] dist/_astro/chica-sintiendo-dolor-muelas-haciendo-muecas-dolor-mientras-muerde-manzana-verde.DKsEjpdJ.jpg                                                                                                       631.08 kB
11:34:54 [vite] dist/_astro/dunedin-cliff.txhlGVUZ.jpg                                                                                                                                                                          641.96 kB
11:34:54 [vite] dist/_astro/paciente-femenino-sonriendo-clinica.Chd8lV4O.jpg                                                                                                                                                    730.53 kB
11:34:54 [vite] dist/_astro/65410.O02aQvth.jpg                                                                                                                                                                                  738.13 kB
11:34:54 [vite] dist/_astro/maria-lysenko-KbIZwj8d3Bo-unsplash-1-scaled-1.DJO7_4vN.jpg                                                                                                                                          779.18 kB
11:34:54 [vite] dist/_astro/dentist-assisting-patient-wear-invisible-braces.nM-aRh9C.jpg                                                                                                                                        833.26 kB
11:34:54 [vite] dist/_astro/close-up-portrait-cute-kid-gray-pajamas-brushing-her-teeth.k4plXwGd.jpg                                                                                                                             837.60 kB
11:34:54 [vite] dist/_astro/66485.C98K1vnF.jpg                                                                                                                                                                                  839.45 kB
11:34:54 [vite] dist/_astro/cerrar-cliente-feliz-clinica-dental.BxcEL7G7.jpg                                                                                                                                                    888.91 kB
11:34:54 [vite] dist/_astro/18598.azwWK2ji.jpg                                                                                                                                                                                  894.83 kB
11:34:54 [vite] dist/_astro/shocked-young-caucasian-woman-puts-hands-mouth.B4CTk5VF.jpg                                                                                                                                         900.56 kB
11:34:54 [vite] dist/_astro/dentist-examining-female-patient-with-teeth-shades.zS7PqwaZ.jpg                                                                                                                                     909.56 kB
11:34:54 [vite] dist/_astro/29272.DsDhBZ7X.jpg                                                                                                                                                                                  910.09 kB
11:34:54 [vite] dist/_astro/young-female-patient-visiting-dentist-office.BqOGQIbl.jpg                                                                                                                                           945.64 kB
11:34:54 [vite] dist/_astro/foto-dentista-sonriente-pie-brazos-cruzados-su-colega-mostrando-signo-bien.D1HG_DZN.jpg                                                                                                             960.36 kB
11:34:54 [vite] dist/_astro/2149085891.zrelcexE.jpg                                                                                                                                                                           1,001.73 kB
11:34:54 [vite] dist/_astro/aching-young-pretty-girl-touching-cheek-suffering-from-toothache.Bef5DCps.jpg                                                                                                                     1,025.25 kB
11:34:54 [vite] dist/_astro/young-woman-covering-her-mouth-with-hand-gray-background.NUE3yi3i.jpg                                                                                                                             1,050.92 kB
11:34:54 [vite] dist/_astro/2149195934.K4PmhIvU.jpg                                                                                                                                                                           1,070.87 kB
11:34:54 [vite] dist/_astro/portrait-man-with-toothache-grimacing-from-pain-touching-cheek-standing-against-blue-background.CSe5Uo9i.jpg                                                                                      1,101.66 kB
11:34:54 [vite] dist/_astro/40926.sqr5qYQ5.jpg                                                                                                                                                                                1,112.26 kB
11:34:54 [vite] dist/_astro/dentist-doing-check-up-patient.DMKC7kq6.jpg                                                                                                                                                       1,270.85 kB
11:34:54 [vite] dist/_astro/headshot-glad-woman-laughs-smiles-broadly.1jJ2XEcX.jpg                                                                                                                                            1,361.81 kB
11:34:54 [vite] dist/_astro/toothbrush-composition.3MEH1Hfh.jpg                                                                                                                                                               1,792.48 kB
11:34:54 [vite] dist/_astro/BaseLayout.astro_astro_type_script_index_0_lang.Rt1CgKUk.js                                                                                                                                           0.07 kB │ gzip:   0.09 kB
11:34:54 [vite] dist/_astro/BaseLayout.astro_astro_type_script_index_1_lang.43DrWgjH.js                                                                                                                                           1.16 kB │ gzip:   0.69 kB
11:34:54 [vite] dist/_astro/LibraryLayout.astro_astro_type_script_index_0_lang.CXkZ2eDX.js                                                                                                                                       17.06 kB │ gzip:   5.07 kB
11:34:54 [vite] dist/_astro/Carousel.astro_astro_type_script_index_0_lang.Cwd3VSdV.js                                                                                                                                            27.11 kB │ gzip:  10.34 kB
11:34:54 [vite] dist/_astro/live-editing.Cdd8DzI4.js                                                                                                                                                                          1,515.05 kB │ gzip: 396.69 kB
11:34:54 [WARN] [vite] 
(!) Some chunks are larger than 500 kB after minification. Consider:
- Using dynamic import() to code-split the application
- Use build.rollupOptions.output.manualChunks to improve chunking: https://rollupjs.org/configuration-options/#output-manualchunks
- Adjust chunk size limit for this warning via build.chunkSizeWarningLimit.
11:34:54 [vite] ✓ built in 10.44s

 generating static routes 
11:34:54 ▶ src/pages/[...slug].astro
11:34:54   ├─ /contact/index.html (+59ms) 
11:34:54   ├─ /crowns-and-bridges/index.html (+36ms) 
11:34:54   ├─ /dental-bonding/index.html (+38ms) 
11:34:54   ├─ /digital-imaging/index.html (+24ms) 
11:34:54   ├─ /cavities-fillings/index.html (+30ms) 
11:34:54   ├─ /dental-implants/index.html (+26ms) 
11:34:54   ├─ /dental-veneers/index.html (+29ms) 
11:34:54   ├─ /dr-andrea-bakke/index.html (+32ms) 
11:34:54   ├─ /dr-danielle-gibbons/index.html (+30ms) 
11:34:55   ├─ /express-dental-services/index.html (+35ms) 
11:34:55   ├─ /dr-kimberly-barclay/index.html (+35ms) 
11:34:55   ├─ /helpful-tips-documents/index.html (+57ms) 
11:34:55   ├─ /dr-lauren-jacobsen/index.html (+19ms) 
11:34:55   ├─ /dr-rachel-morren/index.html (+26ms) 
11:34:55   ├─ /invisalign/index.html (+53ms) 
11:34:55   ├─ /jaw-botox/index.html (+62ms) 
11:34:55   ├─ /new-patients/index.html (+53ms) 
11:34:55   ├─ /nitrous-sedation/index.html (+51ms) 
11:34:55   ├─ /index.html (+58ms) 
11:34:55   ├─ /partial-dentures/index.html (+40ms) 
11:34:55   ├─ /search/index.html (+51ms) 
11:34:55   ├─ /teeth-whitening/index.html (+24ms) 
11:34:55   ├─ /smile-makeover/index.html (+21ms) 
11:34:55   ├─ /who-we-are/index.html (+36ms) 
11:34:55   ├─ /teeth-cleaning/index.html (+31ms) 
11:34:55   └─ /tooth-extractions/index.html (+40ms) 
11:34:55 ▶ src/pages/blog/[...page].astro
11:34:55   ├─ /blog/index.html (+106ms) 
11:34:55   ├─ /blog/2/index.html (+80ms) 
11:34:55   ├─ /blog/3/index.html (+81ms) 
11:34:56   ├─ /blog/4/index.html (+88ms) 
11:34:56   ├─ /blog/5/index.html (+98ms) 
11:34:56   ├─ /blog/6/index.html (+69ms) 
11:34:56   ├─ /blog/7/index.html (+64ms) 
11:34:56   ├─ /blog/8/index.html (+72ms) 
11:34:56   ├─ /blog/9/index.html (+71ms) 
11:34:56   ├─ /blog/10/index.html (+66ms) 
11:34:56   ├─ /blog/11/index.html (+71ms) 
11:34:56   ├─ /blog/12/index.html (+60ms) 
11:34:56   ├─ /blog/13/index.html (+62ms) 
11:34:56   ├─ /blog/14/index.html (+68ms) 
11:34:56   ├─ /blog/15/index.html (+60ms) 
11:34:56   ├─ /blog/16/index.html (+62ms) 
11:34:56   ├─ /blog/17/index.html (+65ms) 
11:34:56   ├─ /blog/18/index.html (+66ms) 
11:34:57   ├─ /blog/19/index.html (+68ms) 
11:34:57   ├─ /blog/20/index.html (+63ms) 
11:34:57   ├─ /blog/21/index.html (+60ms) 
11:34:57   ├─ /blog/22/index.html (+57ms) 
11:34:57   ├─ /blog/23/index.html (+63ms) 
11:34:57   ├─ /blog/24/index.html (+59ms) 
11:34:57   ├─ /blog/25/index.html (+59ms) 
11:34:57   ├─ /blog/26/index.html (+60ms) 
11:34:57   └─ /blog/27/index.html (+39ms) 
11:34:57 ▶ src/pages/blog/[...slug].astro
11:34:57   ├─ /blog/4-tips-to-take-care-of-your-braces/index.html (+33ms) 
11:34:57   ├─ /blog/4-reasons-to-visit-your-dentist-regularly/index.html (+32ms) 
11:34:57   ├─ /blog/4-side-effects-veneers/index.html (+37ms) 
11:34:57   ├─ /blog/7-ways-to-stop-grinding-your-teeth/index.html (+25ms) 
11:34:57   ├─ /blog/5-effective-dental-health-tips-for-kids/index.html (+30ms) 
11:34:57   ├─ /blog/5-reasons-to-improve-your-smile/index.html (+24ms) 
11:34:57   ├─ /blog/acid-reflux-tooth-health/index.html (+22ms) 
11:34:57   ├─ /blog/a-woman-having-trouble-deciding-on-dental-treatment/index.html (+27ms) 
11:34:57   ├─ /blog/a-must-read-article-before-getting-botox-for-jaw-clenching/index.html (+29ms) 
11:34:57   ├─ /blog/advantages-of-digital-imaging/index.html (+26ms) 
11:34:57   ├─ /blog/am-i-a-candidate-for-invisalign/index.html (+31ms) 
11:34:57   ├─ /blog/are-all-mouthwashes-the-same/index.html (+22ms) 
11:34:57   ├─ /blog/are-dental-implants-painful/index.html (+23ms) 
11:34:57   ├─ /blog/are-teeth-implants-safe/index.html (+20ms) 
11:34:57   ├─ /blog/bad-breath-behind-your-mask/index.html (+22ms) 
11:34:57   ├─ /blog/are-veneers-worth-it/index.html (+25ms) 
11:34:58   ├─ /blog/beautiful-smiles-depend-healthy-gums/index.html (+25ms) 
11:34:58   ├─ /blog/benefits-implants-tooth-restoration/index.html (+24ms) 
11:34:58   ├─ /blog/benefits-of-flossing-your-teeth/index.html (+35ms) 
11:34:58   ├─ /blog/benefits-of-dental-spa/index.html (+24ms) 
11:34:58   ├─ /blog/benefits-of-invisalign-vs-braces/index.html (+23ms) 
11:34:58   ├─ /blog/benefits-of-jaw-botox/index.html (+27ms) 
11:34:58   ├─ /blog/benefits-of-having-whiter-teeth/index.html (+29ms) 
11:34:58   ├─ /blog/best-brushing-habits/index.html (+26ms) 
11:34:58   ├─ /blog/burning-mouth/index.html (+28ms) 
11:34:58   ├─ /blog/bonding-vs-gum-grafting/index.html (+29ms) 
11:34:58   ├─ /blog/benefits-of-porcelain-veneers/index.html (+49ms) 
11:34:58   ├─ /blog/can-i-switch-from-dentures-to-dental-implants/index.html (+25ms) 
11:34:58   ├─ /blog/causes-and-symptoms-of-gum-disease/index.html (+17ms) 
11:34:58   ├─ /blog/can-teeth-whitening-damage-gums/index.html (+22ms) 
11:34:58   ├─ /blog/cavity-detection-options/index.html (+54ms) 
11:34:58   ├─ /blog/causes-of-white-spots-on-teeth/index.html (+30ms) 
11:34:58   ├─ /blog/causes-and-treatments-for-tmj/index.html (+27ms) 
11:34:58   ├─ /blog/causes-treatment-and-prevention-of-toothaches/index.html (+28ms) 
11:34:58   ├─ /blog/cheap-ways-to-straigthen-your-teeth/index.html (+33ms) 
11:34:58   ├─ /blog/cheapest-way-to-straighten-teeth/index.html (+25ms) 
11:34:58   ├─ /blog/change-the-shape-of-your-gums/index.html (+24ms) 
11:34:58   ├─ /blog/change-your-toothbrush/index.html (+24ms) 
11:34:58   ├─ /blog/color-braces-to-make-teeth-look-white/index.html (+25ms) 
11:34:58   ├─ /blog/clean-and-care-for-invisalign/index.html (+35ms) 
11:34:58   ├─ /blog/common-oral-health-ailments-treatments/index.html (+34ms) 
11:34:58   ├─ /blog/cosmetic-dentist-procedures-austin/index.html (+32ms) 
11:34:58   ├─ /blog/common-toothbrushing-mistakes-fix/index.html (+35ms) 
11:34:58   ├─ /blog/cosmetic-dentist-procedures/index.html (+27ms) 
11:34:58   ├─ /blog/dental-anxiety-in-austin-how-a-dental-lounge-experience-changes-everything/index.html (+35ms) 
11:34:58   ├─ /blog/dark-lines-around-my-crowns-and-veneers/index.html (+26ms) 
11:34:58   ├─ /blog/dental-care-and-pregnancy/index.html (+24ms) 
11:34:58   ├─ /blog/dental-cosmetic-bonding-service-in-austin-texas/index.html (+25ms) 
11:34:58   ├─ /blog/dental-implants-improve-facial-appearance/index.html (+27ms) 
11:34:58   ├─ /blog/dental-fads-to-avoid/index.html (+29ms) 
11:34:59   ├─ /blog/dental-problems-invisalign-austin/index.html (+35ms) 
11:34:59   ├─ /blog/dental-plaque/index.html (+27ms) 
11:34:59   ├─ /blog/dental-implants-permanent/index.html (+30ms) 
11:34:59   ├─ /blog/dental-routine-length/index.html (+28ms) 
11:34:59   ├─ /blog/difference-between-composite-and-porcelain-veneers/index.html (+31ms) 
11:34:59   ├─ /blog/different-cosmetic-dental-procedures/index.html (+32ms) 
11:34:59   ├─ /blog/difference-between-veneers/index.html (+31ms) 
11:34:59   ├─ /blog/difference-between-composite-porcelain-veneers/index.html (+35ms) 
11:34:59   ├─ /blog/do-veneers-last-forever/index.html (+36ms) 
11:34:59   ├─ /blog/different-services-we-provide/index.html (+28ms) 
11:34:59   ├─ /blog/do-you-need-a-night-guard/index.html (+28ms) 
11:34:59   ├─ /blog/do-your-teeth-change-as-you-age/index.html (+31ms) 
11:34:59   ├─ /blog/does-teeth-whitening-damage-your-teeth/index.html (+28ms) 
11:34:59   ├─ /blog/does-invisalign-hurt/index.html (+29ms) 
11:34:59   ├─ /blog/does-teeth-whitening-hurt/index.html (+32ms) 
11:34:59   ├─ /blog/does-whitening-toothpaste-work/index.html (+38ms) 
11:34:59   ├─ /blog/dont-skip-your-next-dental-visit/index.html (+32ms) 
11:34:59   ├─ /blog/dont-replace-a-missing-tooth/index.html (+32ms) 
11:34:59   ├─ /blog/easy-oral-care-tips-for-kids/index.html (+23ms) 
11:34:59   ├─ /blog/eating-with-braces/index.html (+28ms) 
11:34:59   ├─ /blog/eight-things-didnt-know-about-teeth/index.html (+33ms) 
11:34:59   ├─ /blog/effects-leaving-cavities-untreated/index.html (+29ms) 
11:34:59   ├─ /blog/electric-vs-regular-toothbrush/index.html (+67ms) 
11:34:59   ├─ /blog/enjoy-your-invisalign-experience/index.html (+27ms) 
11:34:59   ├─ /blog/everything-about-dental-caries/index.html (+39ms) 
11:34:59   ├─ /blog/express-teeth-whitening/index.html (+25ms) 
11:34:59   ├─ /blog/five-tips-children-dental-habits/index.html (+26ms) 
11:34:59   ├─ /blog/five-tips-good-healthy-oral-hygiene/index.html (+28ms) 
11:34:59   ├─ /blog/five-types-of-cosmetic-dentistry/index.html (+24ms) 
11:34:59   ├─ /blog/floss-teeth-properly/index.html (+43ms) 
11:34:59   ├─ /blog/getting-rid-of-bad-breath-how-do-you-do-it/index.html (+29ms) 
11:34:59   ├─ /blog/gum-lift-surgery-reshaping-a-receding-gumline/index.html (+29ms) 
11:35:00   ├─ /blog/gum-contouring-results/index.html (+38ms) 
11:35:00   ├─ /blog/getting-a-dental-check-up/index.html (+33ms) 
11:35:00   ├─ /blog/home-whitening-vs-in-office-whitening/index.html (+28ms) 
11:35:00   ├─ /blog/halitosis-bad-breath-causes/index.html (+29ms) 
11:35:00   ├─ /blog/how-are-teeth-implants-done/index.html (+26ms) 
11:35:00   ├─ /blog/how-cosmetic-dentistry-can-improve-your-smile/index.html (+33ms) 
11:35:00   ├─ /blog/how-dental-crowns-work/index.html (+33ms) 
11:35:00   ├─ /blog/how-dental-implants-work/index.html (+30ms) 
11:35:00   ├─ /blog/how-do-teeth-whitening-strips-work/index.html (+35ms) 
11:35:00   ├─ /blog/how-does-invisalign-move-teeth/index.html (+27ms) 
11:35:00   ├─ /blog/how-good-can-modern-dentures-look/index.html (+26ms) 
11:35:00   ├─ /blog/how-jaw-botox-helps-with-tmj/index.html (+27ms) 
11:35:00   ├─ /blog/how-long-after-wisdom-teeth-removal-can-i-get-a-dental-cleaning/index.html (+32ms) 
11:35:00   ├─ /blog/how-long-do-porcelain-veneers-last/index.html (+32ms) 
11:35:00   ├─ /blog/how-long-can-a-dental-bridge-last/index.html (+55ms) 
11:35:00   ├─ /blog/how-long-does-a-cavity-filling-take/index.html (+29ms) 
11:35:00   ├─ /blog/how-long-does-a-teeth-cleaning-takes/index.html (+34ms) 
11:35:00   ├─ /blog/how-long-does-cosmetic-bonding-last/index.html (+26ms) 
11:35:00   ├─ /blog/how-long-does-dental-bonding-last/index.html (+26ms) 
11:35:00   ├─ /blog/how-long-does-professional-teeth-whitening-last/index.html (+27ms) 
11:35:00   ├─ /blog/how-long-does-invisalign-take/index.html (+25ms) 
11:35:00   ├─ /blog/how-often-should-you-get-your-teeth-cleaned/index.html (+34ms) 
11:35:00   ├─ /blog/how-prevent-tooth-decay/index.html (+31ms) 
11:35:00   ├─ /blog/how-many-teeth-kids-have/index.html (+31ms) 
11:35:00   ├─ /blog/how-often-should-you-change-your-toothbrush/index.html (+35ms) 
11:35:00   ├─ /blog/how-to-clean-invisalign/index.html (+26ms) 
11:35:00   ├─ /blog/how-professional-teeth-whitening-can-transform-your-smile-and-confidence-in-austin-tx/index.html (+28ms) 
11:35:00   ├─ /blog/how-to-fix-lock-jaw/index.html (+26ms) 
11:35:00   ├─ /blog/how-to-floss-with-braces/index.html (+26ms) 
11:35:00   ├─ /blog/how-to-get-help-with-dental-implants/index.html (+35ms) 
11:35:00   ├─ /blog/how-to-get-rid-of-stained-teeth/index.html (+29ms) 
11:35:00   ├─ /blog/how-to-know-if-youre-suffering-from-gum-disease/index.html (+29ms) 
11:35:00   ├─ /blog/how-to-maintain-dental-implants-austin/index.html (+37ms) 
11:35:01   ├─ /blog/how-to-keep-healthy-smiles-this-halloween/index.html (+25ms) 
11:35:01   ├─ /blog/how-to-pick-the-best-cosmetic-dentist-in-austin-tx/index.html (+23ms) 
11:35:01   ├─ /blog/how-to-reverse-gum-disease/index.html (+25ms) 
11:35:01   ├─ /blog/how-to-stop-grinding-teeth/index.html (+25ms) 
11:35:01   ├─ /blog/how-to-unlock-a-locked-jaw/index.html (+28ms) 
11:35:01   ├─ /blog/how-to-use-teeth-whitening-strips/index.html (+29ms) 
11:35:01   ├─ /blog/ignoring-painless-cracked-tooth/index.html (+38ms) 
11:35:01   ├─ /blog/i-dont-smoke-can-i-still-get-oral-cancer/index.html (+38ms) 
11:35:01   ├─ /blog/invisalign-after-braces/index.html (+26ms) 
11:35:01   ├─ /blog/is-coconut-oil-good-for-your-teeth/index.html (+27ms) 
11:35:01   ├─ /blog/invisalign-for-underbite/index.html (+25ms) 
11:35:01   ├─ /blog/is-cosmetic-dentistry-permanent/index.html (+26ms) 
11:35:01   ├─ /blog/is-invisalign-right-for-you/index.html (+34ms) 
11:35:01   ├─ /blog/is-it-painful-having-a-wisdom-tooth-removed/index.html (+29ms) 
11:35:01   ├─ /blog/is-lockjaw-a-dental-emergency/index.html (+32ms) 
11:35:01   ├─ /blog/is-periodontal-disease-contagious/index.html (+38ms) 
11:35:01   ├─ /blog/jaw-botox-in-austin-cosmetic-benefits-and-pain-relief-at-toothbar/index.html (+29ms) 
11:35:01   ├─ /blog/is-whitening-bad-for-your-teeth/index.html (+28ms) 
11:35:01   ├─ /blog/keeping-mouths-healthy-age/index.html (+26ms) 
11:35:01   ├─ /blog/keeping-your-childs-teeth-healthy/index.html (+25ms) 
11:35:01   ├─ /blog/keeping-your-gums-healthy-guide/index.html (+33ms) 
11:35:01   ├─ /blog/key-to-a-prettier-smile/index.html (+28ms) 
11:35:01   ├─ /blog/kids-teeth-care/index.html (+29ms) 
11:35:01   ├─ /blog/loose-tooth-simple-steps-save-smile/index.html (+47ms) 
11:35:01   ├─ /blog/life-of-porcelain-veneers/index.html (+29ms) 
11:35:01   ├─ /blog/lose-a-tooth/index.html (+24ms) 
11:35:01   ├─ /blog/main-causes-of-gum-recession/index.html (+27ms) 
11:35:01   ├─ /blog/most-common-causes-of-toothaches/index.html (+32ms) 
11:35:01   ├─ /blog/never-be-afraid-of-wearing-your-dentures/index.html (+30ms) 
11:35:01   ├─ /blog/natural-ways-keeping-gums-healthy/index.html (+26ms) 
11:35:01   ├─ /blog/periodontitis-and-its-symptoms/index.html (+28ms) 
11:35:01   ├─ /blog/poor-dental-health-lead-to-liver-cancer/index.html (+39ms) 
11:35:01   ├─ /blog/practice-sets-a-standard-for-innovation/index.html (+25ms) 
11:35:02   ├─ /blog/problems-caused-by-missing-teeth/index.html (+24ms) 
11:35:02   ├─ /blog/prevent-tooth-decay/index.html (+24ms) 
11:35:02   ├─ /blog/reasons-tooth-picking-is-bad-for-your-teeth/index.html (+28ms) 
11:35:02   ├─ /blog/reasons-why-brushing-your-tongue-is-important/index.html (+32ms) 
11:35:02   ├─ /blog/reduce-teeth-clenching-grinding/index.html (+32ms) 
11:35:02   ├─ /blog/replace-your-broken-or-missing-tooth/index.html (+34ms) 
11:35:02   ├─ /blog/replace-your-missing-teeth/index.html (+37ms) 
11:35:02   ├─ /blog/replacing-broken-crown-implant/index.html (+32ms) 
11:35:02   ├─ /blog/restorative-dentistry-practices-plan-for-them/index.html (+28ms) 
11:35:02   ├─ /blog/root-canal-treatments/index.html (+25ms) 
11:35:02   ├─ /blog/sensitive-teeth-do-hot-and-cold-bother-you/index.html (+30ms) 
11:35:02   ├─ /blog/signs-you-need-a-night-guard/index.html (+31ms) 
11:35:02   ├─ /blog/simple-ways-to-strengthen-your-teeth/index.html (+35ms) 
11:35:02   ├─ /blog/smile-makeover-chances-job-interviews/index.html (+29ms) 
11:35:02   ├─ /blog/smoking-and-getting-dental-implants/index.html (+37ms) 
11:35:02   ├─ /blog/snow-vs-professional-teeth-whitening/index.html (+25ms) 
11:35:02   ├─ /blog/straight-teeth-without-braces/index.html (+25ms) 
11:35:02   ├─ /blog/straighten-crooked-teeth-without-braces/index.html (+26ms) 
11:35:02   ├─ /blog/straighten-your-teeth-with-clear-aligners/index.html (+25ms) 
11:35:02   ├─ /blog/sudden-wisdom-tooth-pain-how-to-put-a-stop-to-it/index.html (+32ms) 
11:35:02   ├─ /blog/sudden-wisdom-toothpain/index.html (+32ms) 
11:35:02   ├─ /blog/symptoms-most-people-feel-who-need-a-root-canal/index.html (+55ms) 
11:35:02   ├─ /blog/symptoms-of-tmj-disorder/index.html (+33ms) 
11:35:02   ├─ /blog/teeth-grinding-due-pandemic-stress/index.html (+25ms) 
11:35:02   ├─ /blog/teeth-cleaning-last-longer/index.html (+22ms) 
11:35:02   ├─ /blog/teeth-whitening-for-children/index.html (+32ms) 
11:35:02   ├─ /blog/the-benefits-of-invisalign-with-toothbar/index.html (+31ms) 
11:35:02   ├─ /blog/the-connection-between-oral-health-overall-health-what-austin-dentists-want-you-to-know/index.html (+30ms) 
11:35:02   ├─ /blog/times-where-a-dental-inlay-is-the-best-option/index.html (+29ms) 
11:35:02   ├─ /blog/the-effects-of-smoking-on-your-teeth/index.html (+29ms) 
11:35:02   ├─ /blog/tips-to-know-when-travelling-with-invisalign/index.html (+31ms) 
11:35:02   ├─ /blog/tips-for-picking-the-right-toothpaste/index.html (+26ms) 
11:35:02   ├─ /blog/tonsil-stones-causes-symptoms-and-treatment/index.html (+26ms) 
11:35:03   ├─ /blog/tooth-mobility-and-tooth-loss/index.html (+28ms) 
11:35:03   ├─ /blog/tooth-abscess-go-away-on-its-own/index.html (+25ms) 
11:35:03   ├─ /blog/toothbar-wins-the-design-innovation-awards/index.html (+29ms) 
11:35:03   ├─ /blog/toothbar-austin-tx-teeth-whitening/index.html (+30ms) 
11:35:03   ├─ /blog/toothbars-tips-to-prevent-gum-disease/index.html (+30ms) 
11:35:03   ├─ /blog/travel-tips-for-your-teeth/index.html (+39ms) 
11:35:03   ├─ /blog/type-of-sedation/index.html (+27ms) 
11:35:03   ├─ /blog/try-invisalign-for-crossbite/index.html (+25ms) 
11:35:03   ├─ /blog/types-of-dental-implants/index.html (+24ms) 
11:35:03   ├─ /blog/types-of-teeth-and-their-function/index.html (+28ms) 
11:35:03   ├─ /blog/understanding-dental-veneers/index.html (+26ms) 
11:35:03   ├─ /blog/unlock-a-locked-jaw/index.html (+31ms) 
11:35:03   ├─ /blog/vaping-and-oral-health/index.html (+25ms) 
11:35:03   ├─ /blog/ways-to-prevent-a-poor-bite/index.html (+33ms) 
11:35:03   ├─ /blog/ways-to-protect-childrens-teeth/index.html (+28ms) 
11:35:03   ├─ /blog/ways-to-reduce-dental-anxiety-at-the-dentist/index.html (+26ms) 
11:35:03   ├─ /blog/ways-to-reduce-teeth-grinding/index.html (+27ms) 
11:35:03   ├─ /blog/ways-unknowingly-harming-teeth/index.html (+28ms) 
11:35:03   ├─ /blog/what-are-dental-sealants/index.html (+29ms) 
11:35:03   ├─ /blog/what-are-no-prep-veneers/index.html (+31ms) 
11:35:03   ├─ /blog/what-are-the-advantages-of-mouthwash/index.html (+42ms) 
11:35:03   ├─ /blog/what-causes-lockjaw/index.html (+36ms) 
11:35:03   ├─ /blog/what-does-your-saliva-reveal/index.html (+26ms) 
11:35:03   ├─ /blog/what-happens-if-you-smoke-with-dental-implants/index.html (+26ms) 
11:35:03   ├─ /blog/what-happens-remove-wisdom-teeth/index.html (+28ms) 
11:35:03   ├─ /blog/what-is-a-deep-dental-cleaning/index.html (+22ms) 
11:35:03   ├─ /blog/what-is-a-bridge-dentist/index.html (+32ms) 
11:35:03   ├─ /blog/what-happens-to-teeth-under-veneers/index.html (+32ms) 
11:35:03   ├─ /blog/what-is-a-dental-bridge/index.html (+31ms) 
11:35:03   ├─ /blog/what-is-a-dental-crown/index.html (+39ms) 
11:35:03   ├─ /blog/what-is-a-scale-polish/index.html (+28ms) 
11:35:03   ├─ /blog/what-is-considered-a-dental-emergency/index.html (+26ms) 
11:35:03   ├─ /blog/what-is-cosmetic-bonding/index.html (+32ms) 
11:35:03   ├─ /blog/what-is-cosmetic-dentistry/index.html (+28ms) 
11:35:04   ├─ /blog/what-is-digital-imaging/index.html (+35ms) 
11:35:04   ├─ /blog/what-is-dmd-dentist/index.html (+31ms) 
11:35:04   ├─ /blog/what-is-the-best-teeth-whitening-method/index.html (+28ms) 
11:35:04   ├─ /blog/what-is-invisalign/index.html (+39ms) 
11:35:04   ├─ /blog/what-problems-can-cosmetic-dentistry-fix/index.html (+29ms) 
11:35:04   ├─ /blog/what-to-do-if-you-chipped-a-tooth/index.html (+28ms) 
11:35:04   ├─ /blog/what-to-eat-after-wisdom-teeth-removal/index.html (+32ms) 
11:35:04   ├─ /blog/whats-this-white-spot-on-my-tongue/index.html (+31ms) 
11:35:04   ├─ /blog/what-to-know-about-dentures/index.html (+29ms) 
11:35:04   ├─ /blog/when-you-should-consider-dentures/index.html (+55ms) 
11:35:04   ├─ /blog/white-spots-on-my-teeth/index.html (+31ms) 
11:35:04   ├─ /blog/why-dental-hygiene-is-important/index.html (+72ms) 
11:35:04   ├─ /blog/why-do-my-gums-feel-itchy/index.html (+24ms) 
11:35:04   ├─ /blog/why-a-great-smile-is-so-important/index.html (+23ms) 
11:35:04   ├─ /blog/why-do-i-need-temporary-veneers/index.html (+25ms) 
11:35:04   ├─ /blog/why-do-whitening-strips-hurt/index.html (+24ms) 
11:35:04   ├─ /blog/why-is-dry-mouth-risky-for-your-teeth/index.html (+25ms) 
11:35:04   ├─ /blog/why-is-my-dental-crown-hurting/index.html (+32ms) 
11:35:04   ├─ /blog/why-tongue-health-is-important/index.html (+30ms) 
11:35:04   ├─ /blog/why-you-bite-your-cheek-and-how-to-stop/index.html (+40ms) 
11:35:04   ├─ /blog/will-gums-grow-back-contouring-surgery/index.html (+25ms) 
11:35:04   ├─ /blog/will-invisalign-change-my-speech/index.html (+28ms) 
11:35:04   └─ /blog/winner-for-the-new-build-category/index.html (+26ms) 
11:35:04 ▶ src/pages/component-library/[...slug].astro
11:35:04   ├─ /component-library/index.html (+43ms) 
11:35:04   └─ /component-library/getting-started/index.html (+35ms) 
11:35:04 ▶ src/pages/component-library/components/[...slug].astro
11:35:04   ├─ /component-library/components/navigation/bar/index.html (+358ms) 
11:35:05   ├─ /component-library/components/navigation/footer/index.html (+59ms) 
11:35:05   ├─ /component-library/components/navigation/side/index.html (+57ms) 
11:35:05   ├─ /component-library/components/navigation/mobile/index.html (+66ms) 
11:35:05   ├─ /component-library/components/navigation/main-nav/index.html (+65ms) 
11:35:05   ├─ /component-library/components/building-blocks/forms/choice-group/index.html (+94ms) 
11:35:05   ├─ /component-library/components/building-blocks/forms/date/index.html (+41ms) 
11:35:05   ├─ /component-library/components/building-blocks/forms/form/index.html (+55ms) 
11:35:05   ├─ /component-library/components/building-blocks/forms/file-upload/index.html (+56ms) 
11:35:05   ├─ /component-library/components/building-blocks/forms/hidden/index.html (+40ms) 
11:35:05   ├─ /component-library/components/building-blocks/forms/select/index.html (+56ms) 
11:35:05   ├─ /component-library/components/building-blocks/forms/input/index.html (+56ms) 
11:35:05   ├─ /component-library/components/building-blocks/forms/submit/index.html (+63ms) 
11:35:05   ├─ /component-library/components/building-blocks/forms/textarea/index.html (+42ms) 
11:35:06   ├─ /component-library/components/building-blocks/forms/segments/index.html (+93ms) 
11:35:06   ├─ /component-library/components/building-blocks/core-elements/divider/index.html (+69ms) 
11:35:06   ├─ /component-library/components/building-blocks/core-elements/counter/index.html (+60ms) 
11:35:06   ├─ /component-library/components/building-blocks/core-elements/definition-list/index.html (+77ms) 
11:35:06   ├─ /component-library/components/building-blocks/core-elements/button/index.html (+65ms) 
11:35:06   ├─ /component-library/components/building-blocks/core-elements/heading/index.html (+83ms) 
11:35:06   ├─ /component-library/components/building-blocks/core-elements/icon/index.html (+99ms) 
11:35:06   ├─ /component-library/components/building-blocks/core-elements/embed/index.html (+72ms) 
11:35:06   ├─ /component-library/components/building-blocks/core-elements/list/index.html (+270ms) 
11:35:06   ├─ /component-library/components/building-blocks/core-elements/pagination/index.html (+40ms) 
11:35:06   ├─ /component-library/components/building-blocks/core-elements/image/index.html (+362ms) 
11:35:07   ├─ /component-library/components/building-blocks/core-elements/simple-text/index.html (+69ms) 
11:35:07   ├─ /component-library/components/building-blocks/wrappers/accordion/index.html (+76ms) 
11:35:07   ├─ /component-library/components/building-blocks/core-elements/spacer/index.html (+60ms) 
11:35:07   ├─ /component-library/components/building-blocks/core-elements/testimonial/index.html (+57ms) 
11:35:07   ├─ /component-library/components/building-blocks/core-elements/text/index.html (+54ms) 
11:35:07   ├─ /component-library/components/building-blocks/core-elements/video/index.html (+51ms) 
11:35:07   ├─ /component-library/components/building-blocks/wrappers/content-selector/index.html (+116ms) 
11:35:07   ├─ /component-library/components/building-blocks/wrappers/button-group/index.html (+146ms) 
11:35:07   ├─ /component-library/components/building-blocks/wrappers/card/index.html (+272ms) 
11:35:08   ├─ /component-library/components/building-blocks/wrappers/carousel/index.html (+103ms) 
11:35:08   ├─ /component-library/components/building-blocks/wrappers/split/index.html (+219ms) 
11:35:08   ├─ /component-library/components/page-sections/ctas/cta-split/index.html (+49ms) 
11:35:08   ├─ /component-library/components/page-sections/ctas/cta-form/index.html (+41ms) 
11:35:08   ├─ /component-library/components/page-sections/builders/custom-section/index.html (+198ms) 
11:35:08   ├─ /component-library/components/building-blocks/wrappers/grid/index.html (+288ms) 
11:35:09   ├─ /component-library/components/page-sections/heroes/hero-center/index.html (+42ms) 
11:35:09   ├─ /component-library/components/page-sections/ctas/cta-center/index.html (+45ms) 
11:35:09   ├─ /component-library/components/page-sections/heroes/hero-split/index.html (+50ms) 
11:35:09   ├─ /component-library/components/page-sections/features/feature-grid/index.html (+56ms) 
11:35:09   ├─ /component-library/components/page-sections/features/feature-split/index.html (+46ms) 
11:35:09   ├─ /component-library/components/page-sections/people/team-grid/index.html (+73ms) 
11:35:09   ├─ /component-library/components/page-sections/people/testimonial-section/index.html (+41ms) 
11:35:09   └─ /component-library/components/page-sections/info-blocks/faq-section/index.html (+55ms) 
11:35:09 ▶ src/pages/landing/[...slug].astro
11:35:09   ├─ /landing/cosmetic-test/index.html (+90ms) 
11:35:09   ├─ /landing/ai-answers-test/index.html (+102ms) 
11:35:09   ├─ /landing/dental-implants-test/index.html (+137ms) 
11:35:09   ├─ /landing/count-on-us-test/index.html (+93ms) 
11:35:09   ├─ /landing/np-em-test/index.htmlImages array:  []
 (+123ms) 
11:35:10   ├─ /landing/np-split/index.html (+71ms) 
11:35:10   ├─ /landing/invisalign-test/index.html (+118ms) 
11:35:10   ├─ /landing/np-em-form/index.html (+31ms) 
11:35:10   ├─ /landing/np-three-callouts-test/index.html (+129ms) 
11:35:10   ├─ /landing/pediatric-superhero-test/index.html (+112ms) 
11:35:10   └─ /landing/pediatric-waves-test/index.html (+110ms) 
11:35:10 ▶ src/pages/lp-showcase.astro
11:35:10   └─ /lp-showcase/index.html (+24ms) 
11:35:10 ▶ src/pages/pep/[...slug].astro
11:35:10   ├─ /pep/pep-test-2/index.html (+47ms) 
11:35:10   └─ /pep/pep-test/index.html (+977ms) 
11:35:11 ▶ src/pages/why-1-animation-demo.astro
11:35:11   └─ /why-1-animation-demo/index.html (+2ms) 
11:35:11 ✓ Completed in 17.18s.

 generating optimized images 
11:35:16   ▶ /_astro/AdobeStock_291115741-2.CKaHEjG__ZKJ0yS.avif (before: 47kB, after: 1kB) (+5.09s) (1/4055)
11:35:16   ▶ /_astro/AdobeStock_187242830__37___1778007828_95213.DrEewN0a_ZMqce5.avif (before: 41kB, after: 7kB) (+5.09s) (2/4055)
11:35:16   ▶ /_astro/tips-to-know-when-travelling-with-invisa.JzeJtfO6_1pCS7Y.avif (before: 42kB, after: 8kB) (+5.09s) (3/4055)
11:35:16   ▶ /_astro/332485478_2418394121649217_3408524559894985687_n.Do3vyL5R_1fTExi.avif (before: 157kB, after: 44kB) (+5.09s) (4/4055)
11:35:16   ▶ /_astro/how-many-teeth-kids-have.CyxT8ERy_1MfP15.avif (before: 28kB, after: 10kB) (+5.09s) (5/4055)
11:35:16   ▶ /_astro/69041b_70eb4c4cb10946a49822bf65a443d3d1mv2.jKlrwF30_Z1PxpOm.avif (before: 99kB, after: 29kB) (+5.09s) (6/4055)
11:35:16   ▶ /_astro/AdobeStock_541244802.BS7Q-vUW_Z1wTLCy.avif (before: 153kB, after: 42kB) (+5.09s) (7/4055)
11:35:16   ▶ /_astro/69041b_6c1cfa257729450598a0d2c7139820b9mv2_d_1920_1279_s_2.CFx35BCv_18rgeE.avif (before: 77kB, after: 20kB) (+5.09s) (8/4055)
11:35:16   ▶ /_astro/69041b_28c5595ed3114ebda3bbd15f55fde240mv2_d_1920_1279_s_2.qbF8rKlx_ZjxWna.avif (before: 124kB, after: 38kB) (+5.09s) (9/4055)
11:35:17   ▶ /_astro/Invisalign-1-Small-scaled.CPR6q4pU_ZFxN2N.avif (before: 290kB, after: 56kB) (+6.08s) (10/4055)
11:35:17   ▶ /_astro/young-female-patient-visiting-dentist-office.BqOGQIbl_2iAq7T.avif (before: 923kB, after: 33kB) (+6.08s) (11/4055)
11:35:17   ▶ /_astro/AdobeStock_291115741-2.CKaHEjG__Z1jqXJS.jpg (before: 47kB, after: 4kB) (+984ms) (12/4055)
11:35:17   ▶ /_astro/AdobeStock_187242830__37___1778007828_95213.DrEewN0a_Z2lEQda.avif (before: 41kB, after: 4kB) (+984ms) (13/4055)
11:35:17   ▶ /_astro/tips-to-know-when-travelling-with-invisa.JzeJtfO6_a7JK4.avif (before: 42kB, after: 5kB) (+984ms) (14/4055)
11:35:17   ▶ /_astro/332485478_2418394121649217_3408524559894985687_n.Do3vyL5R_Z28DHqA.avif (before: 157kB, after: 11kB) (+984ms) (15/4055)
11:35:17   ▶ /_astro/69041b_70eb4c4cb10946a49822bf65a443d3d1mv2.jKlrwF30_1Y8Mto.avif (before: 99kB, after: 11kB) (+984ms) (16/4055)
11:35:17   ▶ /_astro/how-many-teeth-kids-have.CyxT8ERy_1hXRpB.avif (before: 28kB, after: 4kB) (+984ms) (17/4055)
11:35:17   ▶ /_astro/69041b_6c1cfa257729450598a0d2c7139820b9mv2_d_1920_1279_s_2.CFx35BCv_2mNqiG.avif (before: 77kB, after: 6kB) (+984ms) (18/4055)
11:35:19   ▶ /_astro/AdobeStock_541244802.BS7Q-vUW_Z1DgPsX.avif (before: 153kB, after: 8kB) (+2.41s) (19/4055)
11:35:19   ▶ /_astro/69041b_28c5595ed3114ebda3bbd15f55fde240mv2_d_1920_1279_s_2.qbF8rKlx_FRn1m.avif (before: 124kB, after: 13kB) (+2.41s) (20/4055)
11:35:19   ▶ /_astro/AdobeStock_291115741-2.CKaHEjG__2jTNM1.avif (before: 47kB, after: 1kB) (+1.43s) (21/4055)
11:35:19   ▶ /_astro/Invisalign-1-Small-scaled.CPR6q4pU_1uP3kj.avif (before: 290kB, after: 8kB) (+1.43s) (22/4055)
11:35:19   ▶ /_astro/AdobeStock_187242830__37___1778007828_95213.DrEewN0a_ZWW3wF.avif (before: 41kB, after: 6kB) (+1.43s) (23/4055)
11:35:19   ▶ /_astro/young-female-patient-visiting-dentist-office.BqOGQIbl_Z1tLtXR.avif (before: 923kB, after: 7kB) (+1.43s) (24/4055)
11:35:19   ▶ /_astro/tips-to-know-when-travelling-with-invisa.JzeJtfO6_Zn6X2Q.avif (before: 42kB, after: 7kB) (+1.43s) (25/4055)
11:35:19   ▶ /_astro/332485478_2418394121649217_3408524559894985687_n.Do3vyL5R_km2r5.avif (before: 157kB, after: 18kB) (+1.43s) (26/4055)
11:35:19   ▶ /_astro/69041b_70eb4c4cb10946a49822bf65a443d3d1mv2.jKlrwF30_vQDRJ.avif (before: 99kB, after: 16kB) (+1.43s) (27/4055)
11:35:20   ▶ /_astro/how-many-teeth-kids-have.CyxT8ERy_Z1MMphr.avif (before: 28kB, after: 7kB) (+2.84s) (28/4055)
11:35:20   ▶ /_astro/69041b_6c1cfa257729450598a0d2c7139820b9mv2_d_1920_1279_s_2.CFx35BCv_2gHUBT.avif (before: 77kB, after: 10kB) (+2.84s) (29/4055)
11:35:20   ▶ /_astro/AdobeStock_291115741-2.CKaHEjG__Z1rc3B9.webp (before: 47kB, after: 2kB) (+1.41s) (30/4055)
11:35:20   ▶ /_astro/AdobeStock_541244802.BS7Q-vUW_GIkGA.avif (before: 153kB, after: 13kB) (+1.41s) (31/4055)
11:35:20   ▶ /_astro/AdobeStock_187242830__37___1778007828_95213.DrEewN0a_Z2zoXc.jpg (before: 41kB, after: 30kB) (+1.41s) (32/4055)
11:35:20   ▶ /_astro/69041b_28c5595ed3114ebda3bbd15f55fde240mv2_d_1920_1279_s_2.qbF8rKlx_zLRkz.avif (before: 124kB, after: 20kB) (+1.41s) (33/4055)
11:35:20   ▶ /_astro/tips-to-know-when-travelling-with-invisa.JzeJtfO6_Z1Fsz6L.jpg (before: 42kB, after: 32kB) (+1.41s) (34/4055)
11:35:20   ▶ /_astro/Invisalign-1-Small-scaled.CPR6q4pU_Z1oOtLL.avif (before: 290kB, after: 13kB) (+1.41s) (35/4055)
11:35:20   ▶ /_astro/young-female-patient-visiting-dentist-office.BqOGQIbl_1WWcR2.avif (before: 923kB, after: 12kB) (+1.41s) (36/4055)
11:35:22   ▶ /_astro/18598.azwWK2ji_sFEQK.avif (before: 873kB, after: 31kB) (+11.20s) (37/4055)
11:35:22   ▶ /_astro/332485478_2418394121649217_3408524559894985687_n.Do3vyL5R_1K84ii.avif (before: 157kB, after: 26kB) (+3.69s) (38/4055)
11:35:22   ▶ /_astro/AdobeStock_291115741-2.CKaHEjG__Z2rlQQb.jpg (before: 47kB, after: 2kB) (+2.28s) (39/4055)
11:35:22   ▶ /_astro/69041b_70eb4c4cb10946a49822bf65a443d3d1mv2.jKlrwF30_Z1JIz1V.avif (before: 99kB, after: 21kB) (+3.69s) (40/4055)
11:35:22   ▶ /_astro/AdobeStock_187242830__37___1778007828_95213.DrEewN0a_Z1AO3Wh.jpg (before: 41kB, after: 12kB) (+2.28s) (41/4055)
11:35:22   ▶ /_astro/how-many-teeth-kids-have.CyxT8ERy_Z1yHY2N.avif (before: 28kB, after: 9kB) (+2.28s) (42/4055)
11:35:22   ▶ /_astro/69041b_6c1cfa257729450598a0d2c7139820b9mv2_d_1920_1279_s_2.CFx35BCv_Z1DN3Wg.avif (before: 77kB, after: 14kB) (+2.28s) (43/4055)
11:35:22   ▶ /_astro/tips-to-know-when-travelling-with-invisa.JzeJtfO6_29dqkf.jpg (before: 42kB, after: 14kB) (+2.28s) (44/4055)
11:35:22   ▶ /_astro/69041b_28c5595ed3114ebda3bbd15f55fde240mv2_d_1920_1279_s_2.qbF8rKlx_1Js1zl.avif (before: 124kB, after: 27kB) (+2.28s) (45/4055)
11:35:23   ▶ /_astro/Invisalign-1-Small-scaled.CPR6q4pU_Z29Hu90.avif (before: 290kB, after: 17kB) (+2.54s) (46/4055)
11:35:23   ▶ /_astro/young-female-patient-visiting-dentist-office.BqOGQIbl_GLMka.avif (before: 923kB, after: 17kB) (+2.54s) (47/4055)
11:35:23   ▶ /_astro/332485478_2418394121649217_3408524559894985687_n.Do3vyL5R_Z1tGKix.jpg (before: 157kB, after: 135kB) (+262ms) (48/4055)
11:35:23   ▶ /_astro/AdobeStock_541244802.BS7Q-vUW_dppEo.avif (before: 153kB, after: 17kB) (+2.54s) (49/4055)
11:35:23   ▶ /_astro/AdobeStock_187242830__37___1778007828_95213.DrEewN0a_Zd6ggM.jpg (before: 41kB, after: 23kB) (+263ms) (50/4055)
11:35:23   ▶ /_astro/how-many-teeth-kids-have.CyxT8ERy_2d4tEO.jpg (before: 28kB, after: 32kB) (+263ms) (51/4055)
11:35:23   ▶ /_astro/tips-to-know-when-travelling-with-invisa.JzeJtfO6_1AXHwk.jpg (before: 42kB, after: 25kB) (+266ms) (52/4055)
11:35:25   ▶ /_astro/69041b_70eb4c4cb10946a49822bf65a443d3d1mv2.jKlrwF30_1z01xD.png (before: 99kB, after: 1132kB) (+2.78s) (53/4055)
11:35:25   ▶ /_astro/69041b_6c1cfa257729450598a0d2c7139820b9mv2_d_1920_1279_s_2.CFx35BCv_Z1JYseH.png (before: 77kB, after: 878kB) (+2.78s) (54/4055)
11:35:25   ▶ /_astro/18598.azwWK2ji_Z1KoTyY.avif (before: 873kB, after: 7kB) (+3.04s) (55/4055)
11:35:25   ▶ /_astro/332485478_2418394121649217_3408524559894985687_n.Do3vyL5R_Z2e3wsg.jpg (before: 157kB, after: 24kB) (+2.78s) (56/4055)
11:35:25   ▶ /_astro/Invisalign-1-Small-scaled.CPR6q4pU_2gQXdn.avif (before: 290kB, after: 27kB) (+2.79s) (57/4055)
11:35:25   ▶ /_astro/young-female-patient-visiting-dentist-office.BqOGQIbl_Z2a18Ak.avif (before: 923kB, after: 28kB) (+2.79s) (58/4055)
11:35:26   ▶ /_astro/how-many-teeth-kids-have.CyxT8ERy_1HMw4l.jpg (before: 28kB, after: 13kB) (+2.83s) (59/4055)
11:35:26   ▶ /_astro/AdobeStock_187242830__37___1778007828_95213.DrEewN0a_VWEru.avif (before: 41kB, after: 6kB) (+2.84s) (60/4055)
11:35:26   ▶ /_astro/69041b_28c5595ed3114ebda3bbd15f55fde240mv2_d_1920_1279_s_2.qbF8rKlx_1RcrWp.png (before: 124kB, after: 1322kB) (+3.10s) (61/4055)
11:35:26   ▶ /_astro/tips-to-know-when-travelling-with-invisa.JzeJtfO6_TFNeT.avif (before: 42kB, after: 6kB) (+3.50s) (62/4055)
11:35:26   ▶ /_astro/69041b_70eb4c4cb10946a49822bf65a443d3d1mv2.jKlrwF30_16ONCb.png (before: 99kB, after: 238kB) (+1.07s) (63/4055)
11:35:26   ▶ /_astro/69041b_6c1cfa257729450598a0d2c7139820b9mv2_d_1920_1279_s_2.CFx35BCv_Z1u1KB1.png (before: 77kB, after: 181kB) (+1.07s) (64/4055)
11:35:26   ▶ /_astro/332485478_2418394121649217_3408524559894985687_n.Do3vyL5R_eWdpp.jpg (before: 157kB, after: 46kB) (+878ms) (65/4055)
11:35:26   ▶ /_astro/AdobeStock_541244802.BS7Q-vUW_Z1KkwDn.avif (before: 153kB, after: 29kB) (+3.67s) (66/4055)
11:35:26   ▶ /_astro/18598.azwWK2ji_ZR8meN.avif (before: 873kB, after: 10kB) (+895ms) (67/4055)
11:35:26   ▶ /_astro/how-many-teeth-kids-have.CyxT8ERy_Z1mXKCH.jpg (before: 28kB, after: 23kB) (+842ms) (68/4055)
11:35:26   ▶ /_astro/young-female-patient-visiting-dentist-office.BqOGQIbl_Z2ommSB.jpg (before: 923kB, after: 126kB) (+975ms) (69/4055)
11:35:26   ▶ /_astro/69041b_28c5595ed3114ebda3bbd15f55fde240mv2_d_1920_1279_s_2.qbF8rKlx_1TejUA.png (before: 124kB, after: 262kB) (+954ms) (70/4055)
11:35:27   ▶ /_astro/AdobeStock_187242830__37___1778007828_95213.DrEewN0a_1GYw4I.avif (before: 41kB, after: 2kB) (+1.14s) (71/4055)
11:35:27   ▶ /_astro/69041b_70eb4c4cb10946a49822bf65a443d3d1mv2.jKlrwF30_ZlrjXt.png (before: 99kB, after: 469kB) (+543ms) (72/4055)
11:35:27   ▶ /_astro/tips-to-know-when-travelling-with-invisa.JzeJtfO6_vmjLy.avif (before: 42kB, after: 3kB) (+638ms) (73/4055)
11:35:27   ▶ /_astro/69041b_6c1cfa257729450598a0d2c7139820b9mv2_d_1920_1279_s_2.CFx35BCv_Z1A7ghN.png (before: 77kB, after: 356kB) (+572ms) (74/4055)
11:35:27   ▶ /_astro/332485478_2418394121649217_3408524559894985687_n.Do3vyL5R_1EIfgC.jpg (before: 157kB, after: 73kB) (+592ms) (75/4055)
11:35:27   ▶ /_astro/AdobeStock_541244802.BS7Q-vUW_Z11pnzb.jpg (before: 153kB, after: 147kB) (+580ms) (76/4055)
11:35:27   ▶ /_astro/how-many-teeth-kids-have.CyxT8ERy_Z18Tko4.jpg (before: 28kB, after: 33kB) (+578ms) (77/4055)
11:35:27   ▶ /_astro/young-female-patient-visiting-dentist-office.BqOGQIbl_Z8KJgM.jpg (before: 923kB, after: 18kB) (+667ms) (78/4055)
11:35:27   ▶ /_astro/2858.qoo5V0oN_ZKgn5R.avif (before: 583kB, after: 40kB) (+4.72s) (79/4055)
11:35:28   ▶ /_astro/69041b_28c5595ed3114ebda3bbd15f55fde240mv2_d_1920_1279_s_2.qbF8rKlx_1N8OeN.png (before: 124kB, after: 528kB) (+1.25s) (80/4055)
11:35:28   ▶ /_astro/AdobeStock_187242830__37___1778007828_95213.DrEewN0a_1veIwQ.avif (before: 41kB, after: 4kB) (+1.07s) (81/4055)
11:35:28   ▶ /_astro/69041b_70eb4c4cb10946a49822bf65a443d3d1mv2.jKlrwF30_2s9zUM.png (before: 99kB, after: 779kB) (+920ms) (82/4055)
11:35:28   ▶ /_astro/tips-to-know-when-travelling-with-invisa.JzeJtfO6_Z2srVx9.avif (before: 42kB, after: 4kB) (+1.09s) (83/4055)
11:35:28   ▶ /_astro/AdobeStock_541244802.BS7Q-vUW_1QKErD.jpg (before: 153kB, after: 18kB) (+976ms) (84/4055)
11:35:28   ▶ /_astro/how-many-teeth-kids-have.CyxT8ERy_14NowB.avif (before: 28kB, after: 5kB) (+976ms) (85/4055)
11:35:28   ▶ /_astro/69041b_6c1cfa257729450598a0d2c7139820b9mv2_d_1920_1279_s_2.CFx35BCv_Zqr732.png (before: 77kB, after: 589kB) (+1.07s) (86/4055)
11:35:28   ▶ /_astro/Invisalign-1-Small-scaled.CPR6q4pU_sdYqA.avif (before: 290kB, after: 36kB) (+2.45s) (87/4055)
11:35:28   ▶ /_astro/332485478_2418394121649217_3408524559894985687_n.Do3vyL5R_Z1W7pPt.avif (before: 157kB, after: 21kB) (+1.11s) (88/4055)
11:35:29   ▶ /_astro/young-female-patient-visiting-dentist-office.BqOGQIbl_Z1LebeO.jpg (before: 923kB, after: 35kB) (+1.41s) (89/4055)
11:35:29   ▶ /_astro/AdobeStock_187242830__37___1778007828_95213.DrEewN0a_1GNrHn.jpg (before: 41kB, after: 20kB) (+794ms) (90/4055)
11:35:29   ▶ /_astro/2858.qoo5V0oN_1WXopw.avif (before: 583kB, after: 4kB) (+1.39s) (91/4055)
11:35:29   ▶ /_astro/tips-to-know-when-travelling-with-invisa.JzeJtfO6_Z2bpDYQ.jpg (before: 42kB, after: 20kB) (+789ms) (92/4055)
11:35:29   ▶ /_astro/AdobeStock_541244802.BS7Q-vUW_ZRqibJ.jpg (before: 153kB, after: 34kB) (+789ms) (93/4055)
11:35:29   ▶ /_astro/how-many-teeth-kids-have.CyxT8ERy_LYuY8.avif (before: 28kB, after: 2kB) (+791ms) (94/4055)
11:35:29   ▶ /_astro/Invisalign-1-Small-scaled.CPR6q4pU_Z10pNdh.jpg (before: 290kB, after: 258kB) (+787ms) (95/4055)
11:35:29   ▶ /_astro/69041b_28c5595ed3114ebda3bbd15f55fde240mv2_d_1920_1279_s_2.qbF8rKlx_Z27nakm.png (before: 124kB, after: 881kB) (+982ms) (96/4055)
11:35:29   ▶ /_astro/69041b_70eb4c4cb10946a49822bf65a443d3d1mv2.jKlrwF30_Z20XW73.avif (before: 99kB, after: 16kB) (+1.04s) (97/4055)
11:35:29   ▶ /_astro/18598.azwWK2ji_1Q6GB5.avif (before: 873kB, after: 13kB) (+2.64s) (98/4055)
11:35:29   ▶ /_astro/AdobeStock_187242830__37___1778007828_95213.DrEewN0a_2rPjkB.jpg (before: 41kB, after: 7kB) (+474ms) (99/4055)
11:35:29   ▶ /_astro/332485478_2418394121649217_3408524559894985687_n.Do3vyL5R_184QiW.avif (before: 157kB, after: 5kB) (+955ms) (100/4055)
11:35:29   ▶ /_astro/69041b_6c1cfa257729450598a0d2c7139820b9mv2_d_1920_1279_s_2.CFx35BCv_1jrCiW.avif (before: 77kB, after: 11kB) (+1.13s) (101/4055)
11:35:29   ▶ /_astro/tips-to-know-when-travelling-with-invisa.JzeJtfO6_2us0lJ.jpg (before: 42kB, after: 7kB) (+350ms) (102/4055)
11:35:29   ▶ /_astro/AdobeStock_541244802.BS7Q-vUW_Z1lJddV.jpg (before: 153kB, after: 53kB) (+352ms) (103/4055)
11:35:29   ▶ /_astro/young-female-patient-visiting-dentist-office.BqOGQIbl_22Mx2f.jpg (before: 923kB, after: 54kB) (+531ms) (104/4055)
11:35:29   ▶ /_astro/Invisalign-1-Small-scaled.CPR6q4pU_1m69Ru.jpg (before: 290kB, after: 17kB) (+732ms) (105/4055)
11:35:30   ▶ /_astro/how-many-teeth-kids-have.CyxT8ERy_4UVdS.avif (before: 28kB, after: 3kB) (+841ms) (106/4055)
11:35:30   ▶ /_astro/69041b_70eb4c4cb10946a49822bf65a443d3d1mv2.jKlrwF30_Z1Lzgqw.avif (before: 99kB, after: 6kB) (+1.22s) (107/4055)
11:35:30   ▶ /_astro/AdobeStock_187242830__37___1778007828_95213.DrEewN0a_2g5vMJ.jpg (before: 41kB, after: 13kB) (+998ms) (108/4055)
11:35:30   ▶ /_astro/2858.qoo5V0oN_Z13p8Go.avif (before: 583kB, after: 7kB) (+1.47s) (109/4055)
11:35:30   ▶ /_astro/69041b_6c1cfa257729450598a0d2c7139820b9mv2_d_1920_1279_s_2.CFx35BCv_2uRUIf.avif (before: 77kB, after: 3kB) (+1.02s) (110/4055)
11:35:30   ▶ /_astro/tips-to-know-when-travelling-with-invisa.JzeJtfO6_ZtmfWX.jpg (before: 42kB, after: 13kB) (+1.02s) (111/4055)
11:35:30   ▶ /_astro/332485478_2418394121649217_3408524559894985687_n.Do3vyL5R_Z1YyvC2.avif (before: 157kB, after: 9kB) (+1.07s) (112/4055)
11:35:30   ▶ /_astro/AdobeStock_541244802.BS7Q-vUW_dK8UN.jpg (before: 153kB, after: 103kB) (+1.02s) (113/4055)
11:35:30   ▶ /_astro/69041b_28c5595ed3114ebda3bbd15f55fde240mv2_d_1920_1279_s_2.qbF8rKlx_Z8xAiR.avif (before: 124kB, after: 25kB) (+1.50s) (114/4055)
11:35:30   ▶ /_astro/Invisalign-1-Small-scaled.CPR6q4pU_Z1xyneA.jpg (before: 290kB, after: 32kB) (+864ms) (115/4055)
11:35:32   ▶ /_astro/young-female-patient-visiting-dentist-office.BqOGQIbl_Z1ae4fg.jpg (before: 923kB, after: 104kB) (+2.79s) (116/4055)
11:35:32   ▶ /_astro/how-many-teeth-kids-have.CyxT8ERy_1C0dNl.avif (before: 28kB, after: 4kB) (+2.31s) (117/4055)
11:35:32   ▶ /_astro/69041b_70eb4c4cb10946a49822bf65a443d3d1mv2.jKlrwF30_2rKboX.avif (before: 99kB, after: 8kB) (+2.09s) (118/4055)
11:35:32   ▶ /_astro/69041b_6c1cfa257729450598a0d2c7139820b9mv2_d_1920_1279_s_2.CFx35BCv_ZUQBYE.avif (before: 77kB, after: 5kB) (+2.01s) (119/4055)
11:35:32   ▶ /_astro/332485478_2418394121649217_3408524559894985687_n.Do3vyL5R_ZJOJAk.avif (before: 157kB, after: 13kB) (+2.01s) (120/4055)
11:35:32   ▶ /_astro/2858.qoo5V0oN_Z1y5sDR.avif (before: 583kB, after: 10kB) (+2.09s) (121/4055)
11:35:32   ▶ /_astro/18598.azwWK2ji_1tJRF8.avif (before: 873kB, after: 20kB) (+3.14s) (122/4055)
11:35:32   ▶ /_astro/Invisalign-1-Small-scaled.CPR6q4pU_Z2irnAO.jpg (before: 290kB, after: 50kB) (+1.87s) (123/4055)
11:35:33   ▶ /_astro/69041b_28c5595ed3114ebda3bbd15f55fde240mv2_d_1920_1279_s_2.qbF8rKlx_NVRqU.avif (before: 124kB, after: 7kB) (+2.54s) (124/4055)
11:35:33   ▶ /_astro/young-girl-with-bruxism.BdWzo013_Zu2ier.avif (before: 382kB, after: 13kB) (+3.25s) (125/4055)
11:35:33   ▶ /_astro/how-many-teeth-kids-have.CyxT8ERy_Z13xRIk.jpg (before: 28kB, after: 17kB) (+1.39s) (126/4055)
11:35:34   ▶ /_astro/69041b_70eb4c4cb10946a49822bf65a443d3d1mv2.jKlrwF30_Z2ftSpr.avif (before: 99kB, after: 11kB) (+2.10s) (127/4055)
11:35:34   ▶ /_astro/AdobeStock_541244802.BS7Q-vUW_16gjsC.avif (before: 153kB, after: 18kB) (+4.11s) (128/4055)
11:35:34   ▶ /_astro/332485478_2418394121649217_3408524559894985687_n.Do3vyL5R_nsi7C.jpg (before: 157kB, after: 60kB) (+2.10s) (129/4055)
11:35:34   ▶ /_astro/young-female-patient-visiting-dentist-office.BqOGQIbl_Tdtnw.avif (before: 923kB, after: 20kB) (+2.34s) (130/4055)
11:35:35   ▶ /_astro/69041b_6c1cfa257729450598a0d2c7139820b9mv2_d_1920_1279_s_2.CFx35BCv_Z20czrv.avif (before: 77kB, after: 7kB) (+2.54s) (131/4055)
11:35:35   ▶ /_astro/Invisalign-1-Small-scaled.CPR6q4pU_Z29VGU2.jpg (before: 290kB, after: 94kB) (+2.48s) (132/4055)
11:35:35   ▶ /_astro/69041b_28c5595ed3114ebda3bbd15f55fde240mv2_d_1920_1279_s_2.qbF8rKlx_2soswW.avif (before: 124kB, after: 12kB) (+1.90s) (133/4055)
11:35:35   ▶ /_astro/young-girl-with-bruxism.BdWzo013_ZYjfOU.avif (before: 382kB, after: 4kB) (+1.73s) (134/4055)
11:35:35   ▶ /_astro/cerrar-cliente-feliz-clinica-dental.BxcEL7G7_2eTByu.avif (before: 868kB, after: 22kB) (+4.90s) (135/4055)
11:35:35   ▶ /_astro/how-many-teeth-kids-have.CyxT8ERy_1cN9CR.jpg (before: 28kB, after: 5kB) (+1.98s) (136/4055)
11:35:35   ▶ /_astro/332485478_2418394121649217_3408524559894985687_n.Do3vyL5R_12F2hh.jpg (before: 157kB, after: 11kB) (+1.04s) (137/4055)
11:35:35   ▶ /_astro/AdobeStock_541244802.BS7Q-vUW_1NxaIg.avif (before: 153kB, after: 3kB) (+1.04s) (138/4055)
11:35:36   ▶ /_astro/69041b_6c1cfa257729450598a0d2c7139820b9mv2_d_1920_1279_s_2.CFx35BCv_Z1yY6ap.png (before: 77kB, after: 430kB) (+1.08s) (139/4055)
11:35:36   ▶ /_astro/69041b_70eb4c4cb10946a49822bf65a443d3d1mv2.jKlrwF30_1oyufW.png (before: 99kB, after: 676kB) (+1.60s) (140/4055)
11:35:36   ▶ /_astro/Invisalign-1-Small-scaled.CPR6q4pU_8lYg7.jpg (before: 290kB, after: 148kB) (+1.13s) (141/4055)
11:35:36   ▶ /_astro/young-female-patient-visiting-dentist-office.BqOGQIbl_Z1gA9yP.avif (before: 923kB, after: 4kB) (+1.63s) (142/4055)
11:35:36   ▶ /_astro/69041b_28c5595ed3114ebda3bbd15f55fde240mv2_d_1920_1279_s_2.qbF8rKlx_1o3v56.avif (before: 124kB, after: 16kB) (+1.33s) (143/4055)
11:35:36   ▶ /_astro/young-girl-with-bruxism.BdWzo013_106AgX.avif (before: 382kB, after: 7kB) (+1.07s) (144/4055)
11:35:36   ▶ /_astro/how-many-teeth-kids-have.CyxT8ERy_uJzRC.jpg (before: 28kB, after: 9kB) (+981ms) (145/4055)
11:35:36   ▶ /_astro/2858.qoo5V0oN_ZdHVSL.avif (before: 583kB, after: 20kB) (+4.12s) (146/4055)
11:35:36   ▶ /_astro/332485478_2418394121649217_3408524559894985687_n.Do3vyL5R_Z24XkDH.jpg (before: 157kB, after: 21kB) (+982ms) (147/4055)
11:35:36   ▶ /_astro/69041b_6c1cfa257729450598a0d2c7139820b9mv2_d_1920_1279_s_2.CFx35BCv_Z1lWgbs.png (before: 77kB, after: 74kB) (+719ms) (148/4055)
11:35:37   ▶ /_astro/69041b_70eb4c4cb10946a49822bf65a443d3d1mv2.jKlrwF30_2qiSwc.png (before: 99kB, after: 114kB) (+1.08s) (149/4055)
11:35:37   ▶ /_astro/cerrar-cliente-feliz-clinica-dental.BxcEL7G7_Z1HT7gI.avif (before: 868kB, after: 5kB) (+1.88s) (150/4055)
11:35:37   ▶ /_astro/AdobeStock_541244802.BS7Q-vUW_ZFqmPW.avif (before: 153kB, after: 4kB) (+1.68s) (151/4055)
11:35:37   ▶ /_astro/18598.azwWK2ji_1GTUU9.avif (before: 873kB, after: 27kB) (+5.03s) (152/4055)
11:35:38   ▶ /_astro/69041b_28c5595ed3114ebda3bbd15f55fde240mv2_d_1920_1279_s_2.qbF8rKlx_23cO1H.png (before: 124kB, after: 786kB) (+1.93s) (153/4055)
11:35:38   ▶ /_astro/how-many-teeth-kids-have.CyxT8ERy_22NRs5.jpg (before: 28kB, after: 14kB) (+2.16s) (154/4055)
11:35:38   ▶ /_astro/young-female-patient-visiting-dentist-office.BqOGQIbl_Z1m0IgH.avif (before: 923kB, after: 6kB) (+2.55s) (155/4055)
11:35:38   ▶ /_astro/332485478_2418394121649217_3408524559894985687_n.Do3vyL5R_ZPeyC0.jpg (before: 157kB, after: 33kB) (+2.16s) (156/4055)
11:35:38   ▶ /_astro/69041b_6c1cfa257729450598a0d2c7139820b9mv2_d_1920_1279_s_2.CFx35BCv_hujTz.png (before: 77kB, after: 145kB) (+1.93s) (157/4055)
11:35:39   ▶ /_astro/69041b_70eb4c4cb10946a49822bf65a443d3d1mv2.jKlrwF30_1zrcxK.png (before: 99kB, after: 228kB) (+2.24s) (158/4055)
11:35:39   ▶ /_astro/cerrar-cliente-feliz-clinica-dental.BxcEL7G7_ZbQWP8.avif (before: 868kB, after: 8kB) (+2.24s) (159/4055)
11:35:39   ▶ /_astro/AdobeStock_541244802.BS7Q-vUW_XfSIc.avif (before: 153kB, after: 6kB) (+2.20s) (160/4055)
11:35:40   ▶ /_astro/18598.azwWK2ji_24dMXq.jpg (before: 873kB, after: 180kB) (+2.77s) (161/4055)
11:35:40   ▶ /_astro/young-girl-with-bruxism.BdWzo013_1eb1vB.avif (before: 382kB, after: 10kB) (+3.89s) (162/4055)
11:35:40   ▶ /_astro/Invisalign-1-Small-scaled.CPR6q4pU_ZPiluO.avif (before: 290kB, after: 46kB) (+4.15s) (163/4055)
11:35:41   ▶ /_astro/69041b_28c5595ed3114ebda3bbd15f55fde240mv2_d_1920_1279_s_2.qbF8rKlx_22iOl9.png (before: 124kB, after: 119kB) (+2.83s) (164/4055)
11:35:41   ▶ /_astro/69041b_6c1cfa257729450598a0d2c7139820b9mv2_d_1920_1279_s_2.CFx35BCv_ZLPCxh.png (before: 77kB, after: 236kB) (+2.48s) (165/4055)
11:35:41   ▶ /_astro/69041b_70eb4c4cb10946a49822bf65a443d3d1mv2.jKlrwF30_1Wogxh.png (before: 99kB, after: 371kB) (+1.75s) (166/4055)
11:35:41   ▶ /_astro/young-female-patient-visiting-dentist-office.BqOGQIbl_jPmPd.avif (before: 923kB, after: 9kB) (+2.49s) (167/4055)
11:35:41   ▶ /_astro/2858.qoo5V0oN_ZTlLTC.avif (before: 583kB, after: 32kB) (+4.65s) (168/4055)
11:35:41   ▶ /_astro/AdobeStock_541244802.BS7Q-vUW_1xge2h.avif (before: 153kB, after: 10kB) (+1.75s) (169/4055)
11:35:41   ▶ /_astro/how-do-teeth-whitening-strips-work.CS-UeXiK_1T9f6f.avif (before: 72kB, after: 18kB) (+2.60s) (170/4055)
11:35:41   ▶ /_astro/18598.azwWK2ji_1THaXF.jpg (before: 873kB, after: 17kB) (+1.03s) (171/4055)
11:35:41   ▶ /_astro/young-girl-with-bruxism.BdWzo013_Z4dDzH.jpg (before: 382kB, after: 49kB) (+1.03s) (172/4055)
11:35:41   ▶ /_astro/69041b_28c5595ed3114ebda3bbd15f55fde240mv2_d_1920_1279_s_2.qbF8rKlx_Z1oqImK.png (before: 124kB, after: 248kB) (+372ms) (173/4055)
11:35:43   ▶ /_astro/cerrar-cliente-feliz-clinica-dental.BxcEL7G7_Z2o8LbL.avif (before: 868kB, after: 12kB) (+3.82s) (174/4055)
11:35:43   ▶ /_astro/how-long-after-wisdom-teeth-removal-can-i-get-a-dental-cleaning.CEzFQZxl_2hsEqJ.avif (before: 38kB, after: 11kB) (+4.56s) (175/4055)
11:35:43   ▶ /_astro/2858.qoo5V0oN_1fWfYT.jpg (before: 583kB, after: 160kB) (+2.07s) (176/4055)
11:35:43   ▶ /_astro/Invisalign-1-Small-scaled.CPR6q4pU_1sTuO9.avif (before: 290kB, after: 5kB) (+2.99s) (177/4055)
11:35:43   ▶ /_astro/young-female-patient-visiting-dentist-office.BqOGQIbl_Z22ezgQ.avif (before: 923kB, after: 15kB) (+2.16s) (178/4055)
11:35:43   ▶ /_astro/how-do-teeth-whitening-strips-work.CS-UeXiK_Z12MxK6.avif (before: 72kB, after: 6kB) (+2.07s) (179/4055)
11:35:43   ▶ /_astro/18598.azwWK2ji_Z2hdpv5.jpg (before: 873kB, after: 32kB) (+2.07s) (180/4055)
11:35:43   ▶ /_astro/young-girl-with-bruxism.BdWzo013_ZyuBbb.jpg (before: 382kB, after: 12kB) (+2.07s) (181/4055)
11:35:44   ▶ /_astro/69041b_28c5595ed3114ebda3bbd15f55fde240mv2_d_1920_1279_s_2.qbF8rKlx_Z2sLFOB.png (before: 124kB, after: 413kB) (+2.57s) (182/4055)
11:35:44   ▶ /_astro/porcelain-veneers.DSlC1pKs_Z1IoI3o.avif (before: 36kB, after: 26kB) (+3.34s) (183/4055)
11:35:44   ▶ /_astro/how-long-after-wisdom-teeth-removal-can-i-get-a-dental-cleaning.CEzFQZxl_eqpyH.avif (before: 38kB, after: 4kB) (+1.26s) (184/4055)
11:35:44   ▶ /_astro/2858.qoo5V0oN_1AbdTe.jpg (before: 583kB, after: 13kB) (+1.26s) (185/4055)
11:35:44   ▶ /_astro/AdobeStock_541244802.BS7Q-vUW_Og0V8.avif (before: 153kB, after: 16kB) (+3.33s) (186/4055)
11:35:44   ▶ /_astro/Invisalign-1-Small-scaled.CPR6q4pU_Ke79A.avif (before: 290kB, after: 9kB) (+1.26s) (187/4055)
11:35:44   ▶ /_astro/young-female-patient-visiting-dentist-office.BqOGQIbl_1T0xIA.jpg (before: 923kB, after: 73kB) (+1.19s) (188/4055)
11:35:44   ▶ /_astro/18598.azwWK2ji_r1DkN.jpg (before: 873kB, after: 48kB) (+1.18s) (189/4055)
11:35:44   ▶ /_astro/how-do-teeth-whitening-strips-work.CS-UeXiK_Z18A5oU.avif (before: 72kB, after: 10kB) (+1.18s) (190/4055)
11:35:45   ▶ /_astro/young-girl-with-bruxism.BdWzo013_1pUeUH.jpg (before: 382kB, after: 24kB) (+2.28s) (191/4055)
11:35:45   ▶ /_astro/how-long-after-wisdom-teeth-removal-can-i-get-a-dental-cleaning.CEzFQZxl_Z1JgoNB.avif (before: 38kB, after: 6kB) (+1.13s) (192/4055)
11:35:45   ▶ /_astro/porcelain-veneers.DSlC1pKs_Z1z3AHX.avif (before: 36kB, after: 8kB) (+1.13s) (193/4055)
11:35:45   ▶ /_astro/2858.qoo5V0oN_Z1qcjcG.jpg (before: 583kB, after: 25kB) (+1.13s) (194/4055)
11:35:45   ▶ /_astro/AdobeStock_541244802.BS7Q-vUW_Z1YP8L8.jpg (before: 153kB, after: 64kB) (+1.13s) (195/4055)
11:35:45   ▶ /_astro/cerrar-cliente-feliz-clinica-dental.BxcEL7G7_18IziJ.avif (before: 868kB, after: 19kB) (+2.40s) (196/4055)
11:35:45   ▶ /_astro/young-female-patient-visiting-dentist-office.BqOGQIbl_4pA8f.jpg (before: 923kB, after: 9kB) (+1.21s) (197/4055)
11:35:45   ▶ /_astro/18598.azwWK2ji_Z1zdC32.jpg (before: 873kB, after: 88kB) (+1.21s) (198/4055)
11:35:45   ▶ /_astro/Invisalign-1-Small-scaled.CPR6q4pU_ZPg9dF.avif (before: 290kB, after: 12kB) (+1.23s) (199/4055)
11:35:46   ▶ /_astro/young-girl-with-bruxism.BdWzo013_1DYFal.jpg (before: 382kB, after: 40kB) (+1.11s) (200/4055)
11:35:46   ▶ /_astro/29272.DsDhBZ7X_Z17Bgfb.avif (before: 888kB, after: 43kB) (+5.56s) (201/4055)
11:35:46   ▶ /_astro/shutterstock_1598735734-1.ijfqX0Km_ZNAWUU.avif (before: 38kB, after: 24kB) (+2.73s) (202/4055)
11:35:46   ▶ /_astro/2858.qoo5V0oN_Z1URDaa.jpg (before: 583kB, after: 41kB) (+1.10s) (203/4055)
11:35:46   ▶ /_astro/AdobeStock_541244802.BS7Q-vUW_enwOV.jpg (before: 153kB, after: 6kB) (+1.10s) (204/4055)
11:35:46   ▶ /_astro/cerrar-cliente-feliz-clinica-dental.BxcEL7G7_ZqhQQ4.jpg (before: 868kB, after: 97kB) (+1.10s) (205/4055)
11:35:46   ▶ /_astro/young-female-patient-visiting-dentist-office.BqOGQIbl_ZYXyC.jpg (before: 923kB, after: 16kB) (+1.00s) (206/4055)
11:35:46   ▶ /_astro/porcelain-veneers.DSlC1pKs_ZDP3QO.avif (before: 36kB, after: 14kB) (+1.11s) (207/4055)
11:35:46   ▶ /_astro/how-long-after-wisdom-teeth-removal-can-i-get-a-dental-cleaning.CEzFQZxl_Z1QEsyG.avif (before: 38kB, after: 9kB) (+1.11s) (208/4055)
11:35:46   ▶ /_astro/how-do-teeth-whitening-strips-work.CS-UeXiK_Zoiklm.avif (before: 72kB, after: 15kB) (+2.22s) (209/4055)
11:35:47   ▶ /_astro/18598.azwWK2ji_Z1LJ4M7.jpg (before: 873kB, after: 136kB) (+1.87s) (210/4055)
11:35:47   ▶ /_astro/29272.DsDhBZ7X_QjFXH.avif (before: 888kB, after: 5kB) (+878ms) (211/4055)
11:35:47   ▶ /_astro/young-girl-with-bruxism.BdWzo013_1tne6q.avif (before: 382kB, after: 7kB) (+883ms) (212/4055)
11:35:47   ▶ /_astro/shutterstock_1598735734-1.ijfqX0Km_Z1sfbif.avif (before: 38kB, after: 10kB) (+881ms) (213/4055)
11:35:47   ▶ /_astro/Invisalign-1-Small-scaled.CPR6q4pU_1uqprY.avif (before: 290kB, after: 19kB) (+1.88s) (214/4055)
11:35:47   ▶ /_astro/AdobeStock_541244802.BS7Q-vUW_Z2fA0Jh.jpg (before: 153kB, after: 12kB) (+882ms) (215/4055)
11:35:47   ▶ /_astro/cerrar-cliente-feliz-clinica-dental.BxcEL7G7_ZLhWsT.jpg (before: 868kB, after: 15kB) (+882ms) (216/4055)
11:35:47   ▶ /_astro/how-long-after-wisdom-teeth-removal-can-i-get-a-dental-cleaning.CEzFQZxl_2boCUu.jpg (before: 38kB, after: 43kB) (+1.03s) (217/4055)
11:35:47   ▶ /_astro/how-do-teeth-whitening-strips-work.CS-UeXiK_68AhX.jpg (before: 72kB, after: 59kB) (+1.04s) (218/4055)
11:35:47   ▶ /_astro/2858.qoo5V0oN_Z1CN0a3.jpg (before: 583kB, after: 83kB) (+1.04s) (219/4055)
11:35:49   ▶ /_astro/young-female-patient-visiting-dentist-office.BqOGQIbl_1EQ7xi.jpg (before: 923kB, after: 26kB) (+2.52s) (220/4055)
11:35:49   ▶ /_astro/young-girl-with-bruxism.BdWzo013_Z1uiCgo.avif (before: 382kB, after: 2kB) (+1.74s) (221/4055)
11:35:49   ▶ /_astro/29272.DsDhBZ7X_1JAeiS.avif (before: 888kB, after: 8kB) (+1.74s) (222/4055)
11:35:49   ▶ /_astro/shutterstock_1598735734-1.ijfqX0Km_2h9ktN.avif (before: 38kB, after: 16kB) (+1.74s) (223/4055)
11:35:49   ▶ /_astro/AdobeStock_541244802.BS7Q-vUW_ZASJa8.jpg (before: 153kB, after: 19kB) (+1.74s) (224/4055)
11:35:49   ▶ /_astro/cerrar-cliente-feliz-clinica-dental.BxcEL7G7_JJbWG.jpg (before: 868kB, after: 28kB) (+1.74s) (225/4055)
11:35:49   ▶ /_astro/how-long-after-wisdom-teeth-removal-can-i-get-a-dental-cleaning.CEzFQZxl_8mo3s.jpg (before: 38kB, after: 13kB) (+1.74s) (226/4055)
11:35:49   ▶ /_astro/how-do-teeth-whitening-strips-work.CS-UeXiK_2enVfy.jpg (before: 72kB, after: 19kB) (+1.74s) (227/4055)
11:35:49   ▶ /_astro/porcelain-veneers.DSlC1pKs_Z270326.avif (before: 36kB, after: 21kB) (+2.78s) (228/4055)
11:35:50   ▶ /_astro/2858.qoo5V0oN_16QQb9.jpg (before: 583kB, after: 135kB) (+2.20s) (229/4055)
11:35:50   ▶ /_astro/young-female-patient-visiting-dentist-office.BqOGQIbl_Z12ruUM.jpg (before: 923kB, after: 49kB) (+767ms) (230/4055)
11:35:50   ▶ /_astro/Invisalign-1-Small-scaled.CPR6q4pU_Z2eHSgi.avif (before: 290kB, after: 26kB) (+2.41s) (231/4055)
11:35:50   ▶ /_astro/young-girl-with-bruxism.BdWzo013_Z2cmc1D.avif (before: 382kB, after: 3kB) (+676ms) (232/4055)
11:35:50   ▶ /_astro/18598.azwWK2ji_ZmDJbN.avif (before: 873kB, after: 16kB) (+2.42s) (233/4055)
11:35:50   ▶ /_astro/AdobeStock_541244802.BS7Q-vUW_Z1xPect.jpg (before: 153kB, after: 36kB) (+676ms) (234/4055)
11:35:50   ▶ /_astro/how-long-after-wisdom-teeth-removal-can-i-get-a-dental-cleaning.CEzFQZxl_Z1PkqjQ.jpg (before: 38kB, after: 23kB) (+566ms) (235/4055)
11:35:50   ▶ /_astro/how-do-teeth-whitening-strips-work.CS-UeXiK_28AoAJ.jpg (before: 72kB, after: 36kB) (+566ms) (236/4055)
11:35:50   ▶ /_astro/porcelain-veneers.DSlC1pKs_1zbHhU.jpg (before: 36kB, after: 46kB) (+566ms) (237/4055)
11:35:51   ▶ /_astro/cerrar-cliente-feliz-clinica-dental.BxcEL7G7_Z1rwBnW.jpg (before: 868kB, after: 43kB) (+1.68s) (238/4055)
11:35:51   ▶ /_astro/Invisalign-1-Small-scaled.CPR6q4pU_ZbTROi.jpg (before: 290kB, after: 176kB) (+1.02s) (239/4055)
11:35:51   ▶ /_astro/young-girl-with-bruxism.BdWzo013_ZEhTrb.avif (before: 382kB, after: 5kB) (+1.02s) (240/4055)
11:35:51   ▶ /_astro/18598.azwWK2ji_Z2hCjah.avif (before: 873kB, after: 3kB) (+1.02s) (241/4055)
11:35:51   ▶ /_astro/AdobeStock_541244802.BS7Q-vUW_Z2gPriC.jpg (before: 153kB, after: 59kB) (+1.02s) (242/4055)
11:35:51   ▶ /_astro/how-long-after-wisdom-teeth-removal-can-i-get-a-dental-cleaning.CEzFQZxl_Z1WIu4V.jpg (before: 38kB, after: 35kB) (+1.04s) (243/4055)
11:35:51   ▶ /_astro/shutterstock_1598735734-1.ijfqX0Km_2jE9oz.avif (before: 38kB, after: 21kB) (+1.77s) (244/4055)
11:35:51   ▶ /_astro/how-do-teeth-whitening-strips-work.CS-UeXiK_Z2ciY9D.jpg (before: 72kB, after: 55kB) (+1.04s) (245/4055)
11:35:51   ▶ /_astro/29272.DsDhBZ7X_ZBlPEa.avif (before: 888kB, after: 12kB) (+1.77s) (246/4055)
11:35:51   ▶ /_astro/porcelain-veneers.DSlC1pKs_1IwOCl.jpg (before: 36kB, after: 20kB) (+1.62s) (247/4055)
11:35:52   ▶ /_astro/Invisalign-1-Small-scaled.CPR6q4pU_1kaBmk.jpg (before: 290kB, after: 10kB) (+930ms) (248/4055)
11:35:52   ▶ /_astro/cerrar-cliente-feliz-clinica-dental.BxcEL7G7_Z5ziMs.jpg (before: 868kB, after: 82kB) (+945ms) (249/4055)
11:35:52   ▶ /_astro/young-girl-with-bruxism.BdWzo013_ZDY39v.jpg (before: 382kB, after: 27kB) (+930ms) (250/4055)
11:35:52   ▶ /_astro/how-long-after-wisdom-teeth-removal-can-i-get-a-dental-cleaning.CEzFQZxl_ZqVkSq.avif (before: 38kB, after: 5kB) (+1.14s) (251/4055)
11:35:52   ▶ /_astro/18598.azwWK2ji_2997ej.avif (before: 873kB, after: 5kB) (+1.21s) (252/4055)
11:35:52   ▶ /_astro/shutterstock_1598735734-1.ijfqX0Km_28dSC5.jpg (before: 38kB, after: 67kB) (+1.14s) (253/4055)
11:35:52   ▶ /_astro/how-do-teeth-whitening-strips-work.CS-UeXiK_hqVi5.avif (before: 72kB, after: 9kB) (+1.14s) (254/4055)
11:35:53   ▶ /_astro/2858.qoo5V0oN_Z2hH4pW.avif (before: 583kB, after: 19kB) (+3.64s) (255/4055)
11:35:53   ▶ /_astro/porcelain-veneers.DSlC1pKs_Z2qqLkr.jpg (before: 36kB, after: 39kB) (+1.92s) (256/4055)
11:35:54   ▶ /_astro/Invisalign-1-Small-scaled.CPR6q4pU_BudGL.jpg (before: 290kB, after: 18kB) (+1.94s) (257/4055)
11:35:54   ▶ /_astro/woman-smiles-broadly-points-her-perfect-even-teeth-indicates-corners-lips-looks-away-wears-casual-blue-jumper-isolated-white-with-blank-copy-space.Bme_aEMP_27nfKn.avif (before: 290kB, after: 21kB) (+3.89s) (258/4055)
11:35:54   ▶ /_astro/young-girl-with-bruxism.BdWzo013_Z14tXBE.jpg (before: 382kB, after: 5kB) (+1.94s) (259/4055)
11:35:54   ▶ /_astro/how-long-after-wisdom-teeth-removal-can-i-get-a-dental-cleaning.CEzFQZxl_2dbiMl.avif (before: 38kB, after: 2kB) (+1.80s) (260/4055)
11:35:54   ▶ /_astro/cerrar-cliente-feliz-clinica-dental.BxcEL7G7_ZYwqvL.avif (before: 868kB, after: 13kB) (+2.08s) (261/4055)
11:35:54   ▶ /_astro/shutterstock_1598735734-1.ijfqX0Km_1tzFfK.jpg (before: 38kB, after: 23kB) (+1.80s) (262/4055)
11:35:54   ▶ /_astro/how-do-teeth-whitening-strips-work.CS-UeXiK_138ISH.avif (before: 72kB, after: 3kB) (+1.80s) (263/4055)
11:35:54   ▶ /_astro/18598.azwWK2ji_Z1KO2f0.avif (before: 873kB, after: 7kB) (+2.17s) (264/4055)
11:35:54   ▶ /_astro/porcelain-veneers.DSlC1pKs_1bAnjd.jpg (before: 36kB, after: 60kB) (+805ms) (265/4055)
11:35:54   ▶ /_astro/40926.sqr5qYQ5_ZshifN.avif (before: 1086kB, after: 27kB) (+3.42s) (266/4055)
11:35:54   ▶ /_astro/2858.qoo5V0oN_ZPaEeP.avif (before: 583kB, after: 2kB) (+848ms) (267/4055)
11:35:54   ▶ /_astro/Invisalign-1-Small-scaled.CPR6q4pU_ZY02Fu.jpg (before: 290kB, after: 29kB) (+552ms) (268/4055)
11:35:54   ▶ /_astro/young-girl-with-bruxism.BdWzo013_Z1LxxmT.jpg (before: 382kB, after: 11kB) (+787ms) (269/4055)
11:35:54   ▶ /_astro/29272.DsDhBZ7X_1ie8Gw.avif (before: 888kB, after: 22kB) (+3.58s) (270/4055)
11:35:54   ▶ /_astro/how-long-after-wisdom-teeth-removal-can-i-get-a-dental-cleaning.CEzFQZxl_1580xP.avif (before: 38kB, after: 3kB) (+651ms) (271/4055)
11:35:54   ▶ /_astro/shutterstock_1598735734-1.ijfqX0Km_8M3dR.jpg (before: 38kB, after: 42kB) (+654ms) (272/4055)
11:35:55   ▶ /_astro/cerrar-cliente-feliz-clinica-dental.BxcEL7G7_5MICc.avif (before: 868kB, after: 3kB) (+1.30s) (273/4055)
11:35:55   ▶ /_astro/woman-smiles-broadly-points-her-perfect-even-teeth-indicates-corners-lips-looks-away-wears-casual-blue-jumper-isolated-white-with-blank-copy-space.Bme_aEMP_ZcIJaL.avif (before: 290kB, after: 7kB) (+1.44s) (274/4055)
11:35:55   ▶ /_astro/how-do-teeth-whitening-strips-work.CS-UeXiK_Z1202xC.avif (before: 72kB, after: 5kB) (+1.37s) (275/4055)
11:35:55   ▶ /_astro/porcelain-veneers.DSlC1pKs_Z2qDitu.avif (before: 36kB, after: 17kB) (+1.01s) (276/4055)
11:35:55   ▶ /_astro/40926.sqr5qYQ5_1DSdq9.avif (before: 1086kB, after: 5kB) (+967ms) (277/4055)
11:35:55   ▶ /_astro/Invisalign-1-Small-scaled.CPR6q4pU_28NS8v.jpg (before: 290kB, after: 54kB) (+1.13s) (278/4055)
11:35:55   ▶ /_astro/2858.qoo5V0oN_ZsrkEy.avif (before: 583kB, after: 3kB) (+1.13s) (279/4055)
11:35:55   ▶ /_astro/young-girl-with-bruxism.BdWzo013_ZetfMr.jpg (before: 382kB, after: 18kB) (+891ms) (280/4055)
11:35:55   ▶ /_astro/18598.azwWK2ji_Z1TMLc.avif (before: 873kB, after: 10kB) (+1.19s) (281/4055)
11:35:56   ▶ /_astro/shutterstock_1598735734-1.ijfqX0Km_bhR8D.jpg (before: 38kB, after: 63kB) (+2.01s) (282/4055)
11:35:56   ▶ /_astro/how-long-after-wisdom-teeth-removal-can-i-get-a-dental-cleaning.CEzFQZxl_1arU3P.avif (before: 38kB, after: 4kB) (+2.01s) (283/4055)
11:35:57   ▶ /_astro/how-do-teeth-whitening-strips-work.CS-UeXiK_Z1JYxux.avif (before: 72kB, after: 7kB) (+2.05s) (284/4055)
11:35:57   ▶ /_astro/cerrar-cliente-feliz-clinica-dental.BxcEL7G7_1V29DK.avif (before: 868kB, after: 4kB) (+2.13s) (285/4055)
11:35:57   ▶ /_astro/woman-smiles-broadly-points-her-perfect-even-teeth-indicates-corners-lips-looks-away-wears-casual-blue-jumper-isolated-white-with-blank-copy-space.Bme_aEMP_Zx5gwm.avif (before: 290kB, after: 13kB) (+2.13s) (286/4055)
11:35:57   ▶ /_astro/porcelain-veneers.DSlC1pKs_1knYfL.avif (before: 36kB, after: 5kB) (+2.10s) (287/4055)
11:35:58   ▶ /_astro/Invisalign-1-Small-scaled.CPR6q4pU_Z1AkpzL.jpg (before: 290kB, after: 84kB) (+2.57s) (288/4055)
11:35:58   ▶ /_astro/40926.sqr5qYQ5_Z2x2n3B.avif (before: 1086kB, after: 8kB) (+2.73s) (289/4055)
11:35:58   ▶ /_astro/2858.qoo5V0oN_16SrQJ.avif (before: 583kB, after: 5kB) (+2.57s) (290/4055)
11:35:59   ▶ /_astro/how-long-after-wisdom-teeth-removal-can-i-get-a-dental-cleaning.CEzFQZxl_1yd22S.jpg (before: 38kB, after: 19kB) (+2.58s) (291/4055)
11:35:59   ▶ /_astro/shutterstock_1598735734-1.ijfqX0Km_2gTVQ1.avif (before: 38kB, after: 13kB) (+2.58s) (292/4055)
11:35:59   ▶ /_astro/how-do-teeth-whitening-strips-work.CS-UeXiK_jiifI.jpg (before: 72kB, after: 33kB) (+2.24s) (293/4055)
11:36:00   ▶ /_astro/cerrar-cliente-feliz-clinica-dental.BxcEL7G7_1KWcy5.avif (before: 868kB, after: 6kB) (+3.00s) (294/4055)
11:36:00   ▶ /_astro/woman-smiles-broadly-points-her-perfect-even-teeth-indicates-corners-lips-looks-away-wears-casual-blue-jumper-isolated-white-with-blank-copy-space.Bme_aEMP_Z1NJ7OX.jpg (before: 290kB, after: 55kB) (+3.00s) (295/4055)
11:36:00   ▶ /_astro/18598.azwWK2ji_Z2cuVV1.avif (before: 873kB, after: 13kB) (+4.91s) (296/4055)
11:36:00   ▶ /_astro/porcelain-veneers.DSlC1pKs_1qkbDu.avif (before: 36kB, after: 9kB) (+3.13s) (297/4055)
11:36:00   ▶ /_astro/29272.DsDhBZ7X_1vobVx.avif (before: 888kB, after: 33kB) (+5.96s) (298/4055)
11:36:01   ▶ /_astro/foto-dentista-sonriente-pie-brazos-cruzados-su-colega-mostrando-signo-bien.D1HG_DZN_i78Hz.avif (before: 937kB, after: 35kB) (+5.32s) (299/4055)
11:36:01   ▶ /_astro/how-long-after-wisdom-teeth-removal-can-i-get-a-dental-cleaning.CEzFQZxl_277hh6.jpg (before: 38kB, after: 5kB) (+1.69s) (300/4055)
11:36:01   ▶ /_astro/2858.qoo5V0oN_Hk3sM.avif (before: 583kB, after: 8kB) (+2.82s) (301/4055)
11:36:01   ▶ /_astro/how-do-teeth-whitening-strips-work.CS-UeXiK_ZJQTTz.jpg (before: 72kB, after: 8kB) (+1.57s) (302/4055)
11:36:01   ▶ /_astro/shutterstock_1598735734-1.ijfqX0Km_Z1Wk9ib.avif (before: 38kB, after: 5kB) (+2.09s) (303/4055)
11:36:01   ▶ /_astro/danielle-profile1-tiny.BkErRIOv_Z1t6g9x.avif (before: 38kB, after: 11kB) (+3.23s) (304/4055)
11:36:01   ▶ /_astro/woman-smiles-broadly-points-her-perfect-even-teeth-indicates-corners-lips-looks-away-wears-casual-blue-jumper-isolated-white-with-blank-copy-space.Bme_aEMP_Vl12O.jpg (before: 290kB, after: 17kB) (+970ms) (305/4055)
11:36:01   ▶ /_astro/18598.azwWK2ji_1DySSX.jpg (before: 873kB, after: 83kB) (+1.20s) (306/4055)
11:36:01   ▶ /_astro/29272.DsDhBZ7X_sUQQu.jpg (before: 888kB, after: 174kB) (+1.07s) (307/4055)
11:36:02   ▶ /_astro/40926.sqr5qYQ5_bcFMh.avif (before: 1086kB, after: 11kB) (+3.69s) (308/4055)
11:36:02   ▶ /_astro/how-long-after-wisdom-teeth-removal-can-i-get-a-dental-cleaning.CEzFQZxl_Y3Y2A.jpg (before: 38kB, after: 10kB) (+1.04s) (309/4055)
11:36:02   ▶ /_astro/porcelain-veneers.DSlC1pKs_ZsVJtc.avif (before: 36kB, after: 13kB) (+1.37s) (310/4055)
11:36:02   ▶ /_astro/how-do-teeth-whitening-strips-work.CS-UeXiK_2fbrs2.jpg (before: 72kB, after: 16kB) (+945ms) (311/4055)
11:36:02   ▶ /_astro/foto-dentista-sonriente-pie-brazos-cruzados-su-colega-mostrando-signo-bien.D1HG_DZN_Z12ADK9.avif (before: 937kB, after: 9kB) (+1.43s) (312/4055)
11:36:02   ▶ /_astro/cerrar-cliente-feliz-clinica-dental.BxcEL7G7_Z1BO1KW.avif (before: 868kB, after: 10kB) (+1.86s) (313/4055)
11:36:02   ▶ /_astro/woman-smiles-broadly-points-her-perfect-even-teeth-indicates-corners-lips-looks-away-wears-casual-blue-jumper-isolated-white-with-blank-copy-space.Bme_aEMP_AYtGe.jpg (before: 290kB, after: 35kB) (+913ms) (314/4055)
11:36:02   ▶ /_astro/29272.DsDhBZ7X_ZxKmhz.jpg (before: 888kB, after: 12kB) (+702ms) (315/4055)
11:36:02   ▶ /_astro/18598.azwWK2ji_1ntLnn.jpg (before: 873kB, after: 8kB) (+704ms) (316/4055)
11:36:02   ▶ /_astro/danielle-profile1-tiny.BkErRIOv_1YtJbJ.avif (before: 38kB, after: 7kB) (+1.25s) (317/4055)
11:36:03   ▶ /_astro/shutterstock_1598735734-1.ijfqX0Km_ZqGspf.avif (before: 38kB, after: 7kB) (+2.24s) (318/4055)
11:36:03   ▶ /_astro/porcelain-veneers.DSlC1pKs_Z1G6N1w.jpg (before: 36kB, after: 43kB) (+1.61s) (319/4055)
11:36:03   ▶ /_astro/how-long-after-wisdom-teeth-removal-can-i-get-a-dental-cleaning.CEzFQZxl_14nSxA.jpg (before: 38kB, after: 15kB) (+1.61s) (320/4055)
11:36:04   ▶ /_astro/how-do-teeth-whitening-strips-work.CS-UeXiK_1wbVv7.jpg (before: 72kB, after: 24kB) (+1.67s) (321/4055)
11:36:04   ▶ /_astro/cerrar-cliente-feliz-clinica-dental.BxcEL7G7_Z2dPjBX.jpg (before: 868kB, after: 56kB) (+1.56s) (322/4055)
11:36:04   ▶ /_astro/foto-dentista-sonriente-pie-brazos-cruzados-su-colega-mostrando-signo-bien.D1HG_DZN_ZlNIaP.avif (before: 937kB, after: 15kB) (+1.56s) (323/4055)
11:36:04   ▶ /_astro/29272.DsDhBZ7X_kvb2B.jpg (before: 888kB, after: 22kB) (+2.12s) (324/4055)
11:36:04   ▶ /_astro/woman-smiles-broadly-points-her-perfect-even-teeth-indicates-corners-lips-looks-away-wears-casual-blue-jumper-isolated-white-with-blank-copy-space.Bme_aEMP_196cQF.avif (before: 290kB, after: 8kB) (+2.19s) (325/4055)
11:36:04   ▶ /_astro/18598.azwWK2ji_J43X2.jpg (before: 873kB, after: 14kB) (+2.13s) (326/4055)
11:36:04   ▶ /_astro/shutterstock_1598735734-1.ijfqX0Km_ZpQcsx.avif (before: 38kB, after: 10kB) (+971ms) (327/4055)
11:36:04   ▶ /_astro/porcelain-veneers.DSlC1pKs_ZrcIcQ.jpg (before: 36kB, after: 11kB) (+971ms) (328/4055)
11:36:05   ▶ /_astro/2858.qoo5V0oN_Z215hTa.avif (before: 583kB, after: 13kB) (+4.56s) (329/4055)
11:36:05   ▶ /_astro/danielle-profile1-tiny.BkErRIOv_ZjnrCE.avif (before: 38kB, after: 10kB) (+2.91s) (330/4055)
11:36:05   ▶ /_astro/cerrar-cliente-feliz-clinica-dental.BxcEL7G7_12oSq1.jpg (before: 868kB, after: 7kB) (+1.81s) (331/4055)
11:36:05   ▶ /_astro/40926.sqr5qYQ5_xLTxz.avif (before: 1086kB, after: 17kB) (+3.86s) (332/4055)
11:36:05   ▶ /_astro/woman-smiles-broadly-points-her-perfect-even-teeth-indicates-corners-lips-looks-away-wears-casual-blue-jumper-isolated-white-with-blank-copy-space.Bme_aEMP_Z1tbwMI.avif (before: 290kB, after: 2kB) (+1.16s) (333/4055)
11:36:05   ▶ /_astro/29272.DsDhBZ7X_Z21qSUr.jpg (before: 888kB, after: 35kB) (+1.16s) (334/4055)
11:36:06   ▶ /_astro/18598.azwWK2ji_1Ti3iE.jpg (before: 873kB, after: 21kB) (+1.29s) (335/4055)
11:36:06   ▶ /_astro/shutterstock_1598735734-1.ijfqX0Km_28b3oc.jpg (before: 38kB, after: 23kB) (+1.29s) (336/4055)
11:36:06   ▶ /_astro/porcelain-veneers.DSlC1pKs_ZlgvO8.jpg (before: 36kB, after: 21kB) (+1.29s) (337/4055)
11:36:09   ▶ /_astro/2858.qoo5V0oN_1np17H.jpg (before: 583kB, after: 78kB) (+3.60s) (338/4055)
11:36:09   ▶ /_astro/danielle-profile1-tiny.BkErRIOv_Z21Nekx.jpg (before: 38kB, after: 36kB) (+3.60s) (339/4055)
11:36:09   ▶ /_astro/cerrar-cliente-feliz-clinica-dental.BxcEL7G7_Z2cxOmm.jpg (before: 868kB, after: 13kB) (+3.57s) (340/4055)
11:36:09   ▶ /_astro/foto-dentista-sonriente-pie-brazos-cruzados-su-colega-mostrando-signo-bien.D1HG_DZN_Z2bP0GG.avif (before: 937kB, after: 20kB) (+5.38s) (341/4055)
11:36:09   ▶ /_astro/woman-smiles-broadly-points-her-perfect-even-teeth-indicates-corners-lips-looks-away-wears-casual-blue-jumper-isolated-white-with-blank-copy-space.Bme_aEMP_zmhz1.avif (before: 290kB, after: 4kB) (+3.57s) (342/4055)
11:36:09   ▶ /_astro/29272.DsDhBZ7X_Z1KJm1D.jpg (before: 888kB, after: 71kB) (+3.57s) (343/4055)
11:36:09   ▶ /_astro/2149195934.K4PmhIvU_SKABG.avif (before: 1045kB, after: 23kB) (+5.72s) (344/4055)
11:36:09   ▶ /_astro/18598.azwWK2ji_1YiPjz.jpg (before: 873kB, after: 38kB) (+3.53s) (345/4055)
11:36:09   ▶ /_astro/shutterstock_1598735734-1.ijfqX0Km_YuHfO.jpg (before: 38kB, after: 10kB) (+3.49s) (346/4055)
11:36:10   ▶ /_astro/2858.qoo5V0oN_Z1cWOK8.jpg (before: 583kB, after: 5kB) (+1.53s) (347/4055)
11:36:10   ▶ /_astro/porcelain-veneers.DSlC1pKs_Z2fxrVO.jpg (before: 36kB, after: 33kB) (+4.79s) (348/4055)
11:36:11   ▶ /_astro/danielle-profile1-tiny.BkErRIOv_1qLL0J.jpg (before: 38kB, after: 18kB) (+1.97s) (349/4055)
11:36:11   ▶ /_astro/cerrar-cliente-feliz-clinica-dental.BxcEL7G7_Z2mCLs2.jpg (before: 868kB, after: 20kB) (+1.84s) (350/4055)
11:36:11   ▶ /_astro/40926.sqr5qYQ5_KVWMA.avif (before: 1086kB, after: 24kB) (+5.42s) (351/4055)
11:36:11   ▶ /_astro/woman-smiles-broadly-points-her-perfect-even-teeth-indicates-corners-lips-looks-away-wears-casual-blue-jumper-isolated-white-with-blank-copy-space.Bme_aEMP_1vrqy9.avif (before: 290kB, after: 6kB) (+1.84s) (352/4055)
11:36:11   ▶ /_astro/29272.DsDhBZ7X_Z1XfNKI.jpg (before: 888kB, after: 118kB) (+1.88s) (353/4055)
11:36:11   ▶ /_astro/18598.azwWK2ji_ZbhiPf.jpg (before: 873kB, after: 59kB) (+1.79s) (354/4055)
11:36:11   ▶ /_astro/shutterstock_1598735734-1.ijfqX0Km_2v8o8K.jpg (before: 38kB, after: 18kB) (+1.79s) (355/4055)
11:36:11   ▶ /_astro/2149195934.K4PmhIvU_Z2aF4mH.avif (before: 1045kB, after: 5kB) (+2.18s) (356/4055)
11:36:11   ▶ /_astro/danielle-profile1-tiny.BkErRIOv_ZR5pNE.jpg (before: 38kB, after: 32kB) (+669ms) (357/4055)
11:36:11   ▶ /_astro/2858.qoo5V0oN_ZPevaQ.jpg (before: 583kB, after: 10kB) (+1.12s) (358/4055)
11:36:11   ▶ /_astro/40926.sqr5qYQ5_18fOPR.jpg (before: 1086kB, after: 138kB) (+668ms) (359/4055)
11:36:11   ▶ /_astro/cerrar-cliente-feliz-clinica-dental.BxcEL7G7_2e4dVM.jpg (before: 868kB, after: 38kB) (+670ms) (360/4055)
11:36:12   ▶ /_astro/woman-smiles-broadly-points-her-perfect-even-teeth-indicates-corners-lips-looks-away-wears-casual-blue-jumper-isolated-white-with-blank-copy-space.Bme_aEMP_1a7G2q.jpg (before: 290kB, after: 27kB) (+732ms) (361/4055)
11:36:12   ▶ /_astro/49602.SNNI-Q57_Z1lcyj3.avif (before: 461kB, after: 31kB) (+7.96s) (362/4055)
11:36:13   ▶ /_astro/foto-dentista-sonriente-pie-brazos-cruzados-su-colega-mostrando-signo-bien.D1HG_DZN_Z2fnvl2.avif (before: 937kB, after: 30kB) (+4.26s) (363/4055)
11:36:15   ▶ /_astro/shutterstock_1598735734-1.ijfqX0Km_2vXE5s.jpg (before: 38kB, after: 28kB) (+3.77s) (364/4055)
11:36:16   ▶ /_astro/2149195934.K4PmhIvU_1d4nA7.avif (before: 1045kB, after: 7kB) (+5.03s) (365/4055)
11:36:16   ▶ /_astro/danielle-profile1-tiny.BkErRIOv_2mRO0v.avif (before: 38kB, after: 5kB) (+4.77s) (366/4055)
11:36:17   ▶ /_astro/2858.qoo5V0oN_J6hlr.jpg (before: 583kB, after: 16kB) (+5.36s) (367/4055)
11:36:17   ▶ /_astro/40926.sqr5qYQ5_eNa9R.jpg (before: 1086kB, after: 15kB) (+5.36s) (368/4055)
11:36:17   ▶ /_astro/woman-smiles-broadly-points-her-perfect-even-teeth-indicates-corners-lips-looks-away-wears-casual-blue-jumper-isolated-white-with-blank-copy-space.Bme_aEMP_Zk6Lz8.jpg (before: 290kB, after: 6kB) (+5.30s) (369/4055)
11:36:17   ▶ /_astro/49602.SNNI-Q57_kCpbG.avif (before: 461kB, after: 4kB) (+5.30s) (370/4055)
11:36:18   ▶ /_astro/foto-dentista-sonriente-pie-brazos-cruzados-su-colega-mostrando-signo-bien.D1HG_DZN_ZzymtG.jpg (before: 937kB, after: 128kB) (+5.01s) (371/4055)
11:36:19   ▶ /_astro/dentist-doing-check-up-patient.DMKC7kq6_Z9Ffln.avif (before: 1241kB, after: 41kB) (+8.23s) (372/4055)
11:36:20   ▶ /_astro/29272.DsDhBZ7X_Zyatap.avif (before: 888kB, after: 23kB) (+8.76s) (373/4055)
11:36:20   ▶ /_astro/danielle-profile1-tiny.BkErRIOv_1786bV.avif (before: 38kB, after: 3kB) (+3.36s) (374/4055)
11:36:21   ▶ /_astro/2858.qoo5V0oN_ZGJYMu.jpg (before: 583kB, after: 32kB) (+3.89s) (375/4055)
11:36:21   ▶ /_astro/2149195934.K4PmhIvU_1wYd0l.avif (before: 1045kB, after: 10kB) (+4.48s) (376/4055)
11:36:21   ▶ /_astro/dentist-assisting-patient-wear-invisible-braces.nM-aRh9C_PTGe4.avif (before: 813kB, after: 28kB) (+10.37s) (377/4055)
11:36:21   ▶ /_astro/40926.sqr5qYQ5_184Hu3.jpg (before: 1086kB, after: 28kB) (+3.90s) (378/4055)
11:36:21   ▶ /_astro/woman-smiles-broadly-points-her-perfect-even-teeth-indicates-corners-lips-looks-away-wears-casual-blue-jumper-isolated-white-with-blank-copy-space.Bme_aEMP_1Ir2MB.jpg (before: 290kB, after: 12kB) (+3.89s) (379/4055)
11:36:21   ▶ /_astro/foto-dentista-sonriente-pie-brazos-cruzados-su-colega-mostrando-signo-bien.D1HG_DZN_Z2kpqpc.jpg (before: 937kB, after: 21kB) (+2.75s) (380/4055)
11:36:21   ▶ /_astro/dentist-doing-check-up-patient.DMKC7kq6_R1uuI.avif (before: 1241kB, after: 7kB) (+2.38s) (381/4055)
11:36:22   ▶ /_astro/49602.SNNI-Q57_1dSWvR.avif (before: 461kB, after: 8kB) (+5.58s) (382/4055)
11:36:22   ▶ /_astro/29272.DsDhBZ7X_k6hnp.avif (before: 888kB, after: 2kB) (+2.81s) (383/4055)
11:36:23   ▶ /_astro/2858.qoo5V0oN_1E1MDu.jpg (before: 583kB, after: 53kB) (+1.97s) (384/4055)
11:36:23   ▶ /_astro/danielle-profile1-tiny.BkErRIOv_1rdy0Q.avif (before: 38kB, after: 4kB) (+3.09s) (385/4055)
11:36:23   ▶ /_astro/66485.C98K1vnF_DKwI7.avif (before: 819kB, after: 22kB) (+11.22s) (386/4055)
11:36:23   ▶ /_astro/dentist-assisting-patient-wear-invisible-braces.nM-aRh9C_ZR8BKL.avif (before: 813kB, after: 4kB) (+1.97s) (387/4055)
11:36:23   ▶ /_astro/40926.sqr5qYQ5_Z1dRmt0.jpg (before: 1086kB, after: 41kB) (+1.97s) (388/4055)
11:36:24   ▶ /_astro/woman-smiles-broadly-points-her-perfect-even-teeth-indicates-corners-lips-looks-away-wears-casual-blue-jumper-isolated-white-with-blank-copy-space.Bme_aEMP_Z2pEW2c.jpg (before: 290kB, after: 19kB) (+2.80s) (389/4055)
11:36:24   ▶ /_astro/foto-dentista-sonriente-pie-brazos-cruzados-su-colega-mostrando-signo-bien.D1HG_DZN_Z1DCuOS.jpg (before: 937kB, after: 39kB) (+3.06s) (390/4055)
11:36:25   ▶ /_astro/dentist-doing-check-up-patient.DMKC7kq6_ZrVQvh.avif (before: 1241kB, after: 11kB) (+3.55s) (391/4055)
11:36:25   ▶ /_astro/2149195934.K4PmhIvU_Z1r55j.avif (before: 1045kB, after: 16kB) (+4.29s) (392/4055)
11:36:25   ▶ /_astro/29272.DsDhBZ7X_Zjjq1V.avif (before: 888kB, after: 4kB) (+2.96s) (393/4055)
11:36:25   ▶ /_astro/danielle-profile1-tiny.BkErRIOv_1OaPOv.jpg (before: 38kB, after: 18kB) (+2.68s) (394/4055)
11:36:25   ▶ /_astro/66485.C98K1vnF_R39HD.avif (before: 819kB, after: 3kB) (+2.68s) (395/4055)
11:36:25   ▶ /_astro/dentist-assisting-patient-wear-invisible-braces.nM-aRh9C_Z1diwsN.avif (before: 813kB, after: 7kB) (+2.68s) (396/4055)
11:36:30   ▶ /_astro/40926.sqr5qYQ5_Z2vbAaA.jpg (before: 1086kB, after: 75kB) (+7.31s) (397/4055)
11:36:30   ▶ /_astro/2149085891.zrelcexE_9yKKX.avif (before: 978kB, after: 24kB) (+15.40s) (398/4055)
11:36:31   ▶ /_astro/foto-dentista-sonriente-pie-brazos-cruzados-su-colega-mostrando-signo-bien.D1HG_DZN_1Axlsc.jpg (before: 937kB, after: 60kB) (+7.21s) (399/4055)
11:36:31   ▶ /_astro/49602.SNNI-Q57_Z1837rb.avif (before: 461kB, after: 11kB) (+8.83s) (400/4055)
11:36:31   ▶ /_astro/dentist-doing-check-up-patient.DMKC7kq6_Rp4Cn.avif (before: 1241kB, after: 15kB) (+6.24s) (401/4055)
11:36:32   ▶ /_astro/29272.DsDhBZ7X_PTyiG.avif (before: 888kB, after: 6kB) (+6.95s) (402/4055)
11:36:32   ▶ /_astro/danielle-profile1-tiny.BkErRIOv_yq80V.jpg (before: 38kB, after: 8kB) (+6.95s) (403/4055)
11:36:32   ▶ /_astro/2149195934.K4PmhIvU_Zjwa0y.avif (before: 1045kB, after: 21kB) (+7.31s) (404/4055)
11:36:32   ▶ /_astro/66485.C98K1vnF_1KjH2O.avif (before: 819kB, after: 5kB) (+6.95s) (405/4055)
11:36:33   ▶ /_astro/40926.sqr5qYQ5_2mu5Tg.jpg (before: 1086kB, after: 115kB) (+3.00s) (406/4055)
11:36:33   ▶ /_astro/65410.O02aQvth_2vJG7N.avif (before: 720kB, after: 24kB) (+9.49s) (407/4055)
11:36:34   ▶ /_astro/2149085891.zrelcexE_Z1fhsL3.avif (before: 978kB, after: 3kB) (+4.22s) (408/4055)
11:36:34   ▶ /_astro/dentist-assisting-patient-wear-invisible-braces.nM-aRh9C_Zru6UF.avif (before: 813kB, after: 10kB) (+8.85s) (409/4055)
11:36:34   ▶ /_astro/foto-dentista-sonriente-pie-brazos-cruzados-su-colega-mostrando-signo-bien.D1HG_DZN_Z1C5z95.jpg (before: 937kB, after: 109kB) (+2.99s) (410/4055)
11:36:36   ▶ /_astro/young-woman-covering-her-mouth-with-hand-gray-background.NUE3yi3i_1V5tAT.avif (before: 1026kB, after: 46kB) (+13.26s) (411/4055)
11:36:36   ▶ /_astro/danielle-profile1-tiny.BkErRIOv_SvzOQ.jpg (before: 38kB, after: 14kB) (+3.64s) (412/4055)
11:36:36   ▶ /_astro/2149195934.K4PmhIvU_28juwT.jpg (before: 1045kB, after: 110kB) (+3.64s) (413/4055)
11:36:36   ▶ /_astro/29272.DsDhBZ7X_ZdqwJN.avif (before: 888kB, after: 10kB) (+3.64s) (414/4055)
11:36:38   ▶ /_astro/dentist-doing-check-up-patient.DMKC7kq6_1EzzvJ.avif (before: 1241kB, after: 24kB) (+6.25s) (415/4055)
11:36:38   ▶ /_astro/65410.O02aQvth_Z2londm.avif (before: 720kB, after: 5kB) (+4.48s) (416/4055)
11:36:38   ▶ /_astro/66485.C98K1vnF_ZACmUe.avif (before: 819kB, after: 7kB) (+5.33s) (417/4055)
11:36:38   ▶ /_astro/40926.sqr5qYQ5_Z1iBHjm.avif (before: 1086kB, after: 18kB) (+4.64s) (418/4055)
11:36:38   ▶ /_astro/49602.SNNI-Q57_rl2JO.avif (before: 461kB, after: 20kB) (+6.41s) (419/4055)
11:36:39   ▶ /_astro/2149085891.zrelcexE_28rYbL.avif (before: 978kB, after: 5kB) (+4.70s) (420/4055)
11:36:39   ▶ /_astro/young-woman-covering-her-mouth-with-hand-gray-background.NUE3yi3i_Z2cr2vu.avif (before: 1026kB, after: 4kB) (+3.09s) (421/4055)
11:36:39   ▶ /_astro/2149195934.K4PmhIvU_2iNckY.jpg (before: 1045kB, after: 14kB) (+3.09s) (422/4055)
11:36:43   ▶ /_astro/foto-dentista-sonriente-pie-brazos-cruzados-su-colega-mostrando-signo-bien.D1HG_DZN_Z1k9WQF.avif (before: 937kB, after: 23kB) (+8.92s) (423/4055)
11:36:43   ▶ /_astro/dentist-assisting-patient-wear-invisible-braces.nM-aRh9C_Z1bmJBo.avif (before: 813kB, after: 17kB) (+8.92s) (424/4055)
11:36:43   ▶ /_astro/65410.O02aQvth_Z1s7OSb.avif (before: 720kB, after: 8kB) (+5.66s) (425/4055)
11:36:44   ▶ /_astro/29272.DsDhBZ7X_Z2o1FTC.avif (before: 888kB, after: 16kB) (+8.04s) (426/4055)
11:36:44   ▶ /_astro/40926.sqr5qYQ5_17ENOQ.avif (before: 1086kB, after: 3kB) (+6.35s) (427/4055)
11:36:44   ▶ /_astro/dentist-doing-check-up-patient.DMKC7kq6_1STz3h.avif (before: 1241kB, after: 35kB) (+6.51s) (428/4055)
11:36:44   ▶ /_astro/66485.C98K1vnF_1EOJwu.avif (before: 819kB, after: 12kB) (+6.65s) (429/4055)
11:36:44   ▶ /_astro/young-woman-covering-her-mouth-with-hand-gray-background.NUE3yi3i_Z1x6JSH.avif (before: 1026kB, after: 7kB) (+5.32s) (430/4055)
11:36:44   ▶ /_astro/2149085891.zrelcexE_2smNB0.avif (before: 978kB, after: 7kB) (+5.44s) (431/4055)
11:36:45   ▶ /_astro/portrait-man-with-toothache-grimacing-from-pain-touching-cheek-standing-against-blue-background.CSe5Uo9i_29CzAU.avif (before: 1075kB, after: 28kB) (+9.21s) (432/4055)
11:36:45   ▶ /_astro/2149195934.K4PmhIvU_BlvtR.jpg (before: 1045kB, after: 25kB) (+6.12s) (433/4055)
11:36:45   ▶ /_astro/foto-dentista-sonriente-pie-brazos-cruzados-su-colega-mostrando-signo-bien.D1HG_DZN_Z23DXhi.avif (before: 937kB, after: 5kB) (+2.02s) (434/4055)
11:36:48   ▶ /_astro/29272.DsDhBZ7X_1s39Um.jpg (before: 888kB, after: 82kB) (+3.89s) (435/4055)
11:36:48   ▶ /_astro/40926.sqr5qYQ5_tf6pv.avif (before: 1086kB, after: 4kB) (+3.88s) (436/4055)
11:36:48   ▶ /_astro/49602.SNNI-Q57_Ev5YP.avif (before: 461kB, after: 29kB) (+10.24s) (437/4055)
11:36:49   ▶ /_astro/dentist-doing-check-up-patient.DMKC7kq6_KNCch.jpg (before: 1241kB, after: 193kB) (+4.69s) (438/4055)
11:36:49   ▶ /_astro/65410.O02aQvth_1g7dWH.avif (before: 720kB, after: 10kB) (+5.75s) (439/4055)
11:36:49   ▶ /_astro/young-woman-covering-her-mouth-with-hand-gray-background.NUE3yi3i_1EKKnd.avif (before: 1026kB, after: 12kB) (+4.54s) (440/4055)
11:36:49   ▶ /_astro/portrait-man-with-toothache-grimacing-from-pain-touching-cheek-standing-against-blue-background.CSe5Uo9i_24oOhK.avif (before: 1075kB, after: 3kB) (+4.07s) (441/4055)
11:36:49   ▶ /_astro/2149195934.K4PmhIvU_VgkT6.jpg (before: 1045kB, after: 37kB) (+4.07s) (442/4055)
11:36:49   ▶ /_astro/dentist-assisting-patient-wear-invisible-braces.nM-aRh9C_ZAdQ0t.avif (before: 813kB, after: 24kB) (+6.09s) (443/4055)
11:36:49   ▶ /_astro/29272.DsDhBZ7X_Z14XKRR.jpg (before: 888kB, after: 5kB) (+1.38s) (444/4055)
11:36:49   ▶ /_astro/66485.C98K1vnF_1RYMLv.avif (before: 819kB, after: 17kB) (+4.97s) (445/4055)
11:36:49   ▶ /_astro/2149085891.zrelcexE_Z1RDlmA.avif (before: 978kB, after: 13kB) (+4.91s) (446/4055)
11:36:50   ▶ /_astro/foto-dentista-sonriente-pie-brazos-cruzados-su-colega-mostrando-signo-bien.D1HG_DZN_Zw6n62.avif (before: 937kB, after: 8kB) (+4.92s) (447/4055)
11:36:50   ▶ /_astro/49602.SNNI-Q57_fkyMC.jpg (before: 461kB, after: 136kB) (+2.35s) (448/4055)
11:36:50   ▶ /_astro/dentist-doing-check-up-patient.DMKC7kq6_Z1swyk.jpg (before: 1241kB, after: 18kB) (+1.55s) (449/4055)
11:36:51   ▶ /_astro/40926.sqr5qYQ5_1Dt5K8.avif (before: 1086kB, after: 6kB) (+3.26s) (450/4055)
11:36:51   ▶ /_astro/2149195934.K4PmhIvU_1E3v0N.jpg (before: 1045kB, after: 67kB) (+1.92s) (451/4055)
11:36:51   ▶ /_astro/dentist-assisting-patient-wear-invisible-braces.nM-aRh9C_Z1SGIBL.jpg (before: 813kB, after: 165kB) (+1.92s) (452/4055)
11:36:52   ▶ /_astro/29272.DsDhBZ7X_Z1Iotid.jpg (before: 888kB, after: 10kB) (+2.40s) (453/4055)
11:36:52   ▶ /_astro/portrait-man-with-toothache-grimacing-from-pain-touching-cheek-standing-against-blue-background.CSe5Uo9i_16uXpw.avif (before: 1075kB, after: 6kB) (+2.43s) (454/4055)
11:36:52   ▶ /_astro/66485.C98K1vnF_2fiEOM.jpg (before: 819kB, after: 145kB) (+2.40s) (455/4055)
11:36:52   ▶ /_astro/foto-dentista-sonriente-pie-brazos-cruzados-su-colega-mostrando-signo-bien.D1HG_DZN_1UkzyH.avif (before: 937kB, after: 12kB) (+1.96s) (456/4055)
11:36:52   ▶ /_astro/49602.SNNI-Q57_Z14rD4A.jpg (before: 461kB, after: 13kB) (+1.94s) (457/4055)
11:36:52   ▶ /_astro/65410.O02aQvth_Z1xneRK.avif (before: 720kB, after: 16kB) (+3.27s) (458/4055)
11:36:52   ▶ /_astro/dentist-doing-check-up-patient.DMKC7kq6_Z1lqSzk.jpg (before: 1241kB, after: 33kB) (+2.21s) (459/4055)
11:36:53   ▶ /_astro/2149195934.K4PmhIvU_U1ITE.jpg (before: 1045kB, after: 104kB) (+1.60s) (460/4055)
11:36:53   ▶ /_astro/dentist-assisting-patient-wear-invisible-braces.nM-aRh9C_KJEcz.jpg (before: 813kB, after: 14kB) (+1.60s) (461/4055)
11:36:54   ▶ /_astro/29272.DsDhBZ7X_ZyatWA.jpg (before: 888kB, after: 17kB) (+2.15s) (462/4055)
11:36:54   ▶ /_astro/40926.sqr5qYQ5_ZWRKSK.avif (before: 1086kB, after: 10kB) (+2.66s) (463/4055)
11:36:54   ▶ /_astro/66485.C98K1vnF_Zx1SxD.jpg (before: 819kB, after: 10kB) (+2.15s) (464/4055)
11:36:54   ▶ /_astro/young-woman-covering-her-mouth-with-hand-gray-background.NUE3yi3i_Z1nDo0U.avif (before: 1026kB, after: 23kB) (+5.15s) (465/4055)
11:36:54   ▶ /_astro/49602.SNNI-Q57_Zbb5Jp.jpg (before: 461kB, after: 26kB) (+2.19s) (466/4055)
11:36:54   ▶ /_astro/foto-dentista-sonriente-pie-brazos-cruzados-su-colega-mostrando-signo-bien.D1HG_DZN_2jInTL.avif (before: 937kB, after: 17kB) (+2.32s) (467/4055)
11:36:55   ▶ /_astro/dentist-doing-check-up-patient.DMKC7kq6_Z14WqF.jpg (before: 1241kB, after: 51kB) (+2.17s) (468/4055)
11:36:56   ▶ /_astro/2149085891.zrelcexE_Z2aIqhP.avif (before: 978kB, after: 20kB) (+6.63s) (469/4055)
11:36:56   ▶ /_astro/dentist-assisting-patient-wear-invisible-braces.nM-aRh9C_pzJux.jpg (before: 813kB, after: 26kB) (+3.14s) (470/4055)
11:36:56   ▶ /_astro/29272.DsDhBZ7X_1MM6kX.jpg (before: 888kB, after: 32kB) (+2.54s) (471/4055)
11:36:56   ▶ /_astro/portrait-man-with-toothache-grimacing-from-pain-touching-cheek-standing-against-blue-background.CSe5Uo9i_Z2ue6lh.avif (before: 1075kB, after: 9kB) (+4.69s) (472/4055)
11:36:56   ▶ /_astro/66485.C98K1vnF_leDLx.jpg (before: 819kB, after: 19kB) (+2.54s) (473/4055)
11:36:57   ▶ /_astro/2149195934.K4PmhIvU_Z2sIP0L.avif (before: 1045kB, after: 15kB) (+3.74s) (474/4055)
11:36:57   ▶ /_astro/40926.sqr5qYQ5_1VIdKm.avif (before: 1086kB, after: 14kB) (+2.80s) (475/4055)
11:36:57   ▶ /_astro/49602.SNNI-Q57_2x3X6t.jpg (before: 461kB, after: 42kB) (+2.25s) (476/4055)
11:36:57   ▶ /_astro/foto-dentista-sonriente-pie-brazos-cruzados-su-colega-mostrando-signo-bien.D1HG_DZN_ZGR1EI.jpg (before: 937kB, after: 76kB) (+2.49s) (477/4055)
11:36:57   ▶ /_astro/2149085891.zrelcexE_1o7EGb.jpg (before: 978kB, after: 130kB) (+1.21s) (478/4055)
11:36:57   ▶ /_astro/dentist-doing-check-up-patient.DMKC7kq6_ZAFJr7.jpg (before: 1241kB, after: 97kB) (+2.49s) (479/4055)
11:36:57   ▶ /_astro/65410.O02aQvth_Z1kdbCJ.avif (before: 720kB, after: 21kB) (+5.13s) (480/4055)
11:36:57   ▶ /_astro/dentist-assisting-patient-wear-invisible-braces.nM-aRh9C_1boa2F.jpg (before: 813kB, after: 41kB) (+1.41s) (481/4055)
11:36:57   ▶ /_astro/29272.DsDhBZ7X_ZmN2NQ.jpg (before: 888kB, after: 54kB) (+1.08s) (482/4055)
11:36:57   ▶ /_astro/2149195934.K4PmhIvU_A7CIE.avif (before: 1045kB, after: 2kB) (+932ms) (483/4055)
11:36:58   ▶ /_astro/66485.C98K1vnF_Z20Hqbv.jpg (before: 819kB, after: 30kB) (+1.22s) (484/4055)
11:36:58   ▶ /_astro/40926.sqr5qYQ5_HAULp.jpg (before: 1086kB, after: 82kB) (+964ms) (485/4055)
11:36:58   ▶ /_astro/foto-dentista-sonriente-pie-brazos-cruzados-su-colega-mostrando-signo-bien.D1HG_DZN_1IInRA.jpg (before: 937kB, after: 10kB) (+950ms) (486/4055)
11:36:58   ▶ /_astro/2149085891.zrelcexE_Z1Q0kRi.jpg (before: 978kB, after: 11kB) (+922ms) (487/4055)
11:36:58   ▶ /_astro/49602.SNNI-Q57_2syFPA.jpg (before: 461kB, after: 82kB) (+1.42s) (488/4055)
11:36:58   ▶ /_astro/65410.O02aQvth_ZWTjzs.jpg (before: 720kB, after: 158kB) (+903ms) (489/4055)
11:36:58   ▶ /_astro/dentist-doing-check-up-patient.DMKC7kq6_Z2fMGd0.jpg (before: 1241kB, after: 157kB) (+1.10s) (490/4055)
11:36:58   ▶ /_astro/dentist-assisting-patient-wear-invisible-braces.nM-aRh9C_Z1gLyD4.jpg (before: 813kB, after: 78kB) (+1.10s) (491/4055)
11:36:59   ▶ /_astro/2149195934.K4PmhIvU_2i6b1Y.avif (before: 1045kB, after: 4kB) (+1.28s) (492/4055)
11:36:59   ▶ /_astro/young-woman-covering-her-mouth-with-hand-gray-background.NUE3yi3i_B9LaU.avif (before: 1026kB, after: 37kB) (+4.66s) (493/4055)
11:36:59   ▶ /_astro/40926.sqr5qYQ5_Zhpeqq.jpg (before: 1086kB, after: 7kB) (+1.27s) (494/4055)
11:36:59   ▶ /_astro/66485.C98K1vnF_Z1o8KbF.jpg (before: 819kB, after: 59kB) (+1.27s) (495/4055)
11:36:59   ▶ /_astro/foto-dentista-sonriente-pie-brazos-cruzados-su-colega-mostrando-signo-bien.D1HG_DZN_Z1NU9K5.jpg (before: 937kB, after: 19kB) (+1.38s) (496/4055)
11:36:59   ▶ /_astro/2149085891.zrelcexE_1wJ75w.jpg (before: 978kB, after: 21kB) (+1.16s) (497/4055)
11:37:00   ▶ /_astro/49602.SNNI-Q57_2g3e6v.jpg (before: 461kB, after: 130kB) (+1.59s) (498/4055)
11:37:00   ▶ /_astro/65410.O02aQvth_1jHHki.jpg (before: 720kB, after: 15kB) (+1.41s) (499/4055)
11:37:00   ▶ /_astro/dentist-assisting-patient-wear-invisible-braces.nM-aRh9C_1JlQWC.jpg (before: 813kB, after: 122kB) (+1.58s) (500/4055)
11:37:00   ▶ /_astro/portrait-man-with-toothache-grimacing-from-pain-touching-cheek-standing-against-blue-background.CSe5Uo9i_ZxwGe5.avif (before: 1075kB, after: 15kB) (+3.68s) (501/4055)
11:37:00   ▶ /_astro/young-woman-covering-her-mouth-with-hand-gray-background.NUE3yi3i_Z168E5y.jpg (before: 1026kB, after: 181kB) (+1.31s) (502/4055)
11:37:00   ▶ /_astro/40926.sqr5qYQ5_ZUOVPL.jpg (before: 1086kB, after: 13kB) (+1.45s) (503/4055)
11:37:00   ▶ /_astro/66485.C98K1vnF_Z1AEcUK.jpg (before: 819kB, after: 98kB) (+1.45s) (504/4055)
11:37:01   ▶ /_astro/Tooth-Implant.CJhrg0Qe_Z1q5Wvu.avif (before: 29kB, after: 22kB) (+3.06s) (505/4055)
11:37:01   ▶ /_astro/2149195934.K4PmhIvU_fhUMg.avif (before: 1045kB, after: 5kB) (+1.78s) (506/4055)
11:37:01   ▶ /_astro/foto-dentista-sonriente-pie-brazos-cruzados-su-colega-mostrando-signo-bien.D1HG_DZN_CvMTE.jpg (before: 937kB, after: 30kB) (+1.86s) (507/4055)
11:37:01   ▶ /_astro/2149085891.zrelcexE_1QDVuK.jpg (before: 978kB, after: 33kB) (+1.86s) (508/4055)
11:37:03   ▶ /_astro/65410.O02aQvth_2cYfEt.jpg (before: 720kB, after: 29kB) (+3.58s) (509/4055)
11:37:03   ▶ /_astro/dentist-doing-check-up-patient.DMKC7kq6_1ss39T.avif (before: 1241kB, after: 27kB) (+5.15s) (510/4055)
11:37:03   ▶ /_astro/young-woman-covering-her-mouth-with-hand-gray-background.NUE3yi3i_bg6v7.jpg (before: 1026kB, after: 13kB) (+3.34s) (511/4055)
11:37:04   ▶ /_astro/40926.sqr5qYQ5_eo2tQ.jpg (before: 1086kB, after: 20kB) (+3.38s) (512/4055)
11:37:04   ▶ /_astro/49602.SNNI-Q57_Z1p3z77.avif (before: 461kB, after: 15kB) (+4.05s) (513/4055)
11:37:04   ▶ /_astro/66485.C98K1vnF_ZbyRkr.avif (before: 819kB, after: 11kB) (+3.51s) (514/4055)
11:37:04   ▶ /_astro/dentist-assisting-patient-wear-invisible-braces.nM-aRh9C_rP2FE.avif (before: 813kB, after: 16kB) (+3.81s) (515/4055)
11:37:04   ▶ /_astro/foto-dentista-sonriente-pie-brazos-cruzados-su-colega-mostrando-signo-bien.D1HG_DZN_Z28aNHd.jpg (before: 937kB, after: 54kB) (+3.00s) (516/4055)
11:37:04   ▶ /_astro/Tooth-Implant.CJhrg0Qe_Z13HyGx.avif (before: 29kB, after: 7kB) (+3.55s) (517/4055)
11:37:04   ▶ /_astro/2149195934.K4PmhIvU_1L7U.avif (before: 1045kB, after: 8kB) (+3.67s) (518/4055)
11:37:04   ▶ /_astro/2149085891.zrelcexE_Zc8Kgt.jpg (before: 978kB, after: 65kB) (+3.21s) (519/4055)
11:37:04   ▶ /_astro/65410.O02aQvth_Z8WOiz.jpg (before: 720kB, after: 43kB) (+1.05s) (520/4055)
11:37:04   ▶ /_astro/dentist-doing-check-up-patient.DMKC7kq6_1DMfyQ.avif (before: 1241kB, after: 4kB) (+959ms) (521/4055)
11:37:04   ▶ /_astro/young-woman-covering-her-mouth-with-hand-gray-background.NUE3yi3i_PAo7T.jpg (before: 1026kB, after: 26kB) (+959ms) (522/4055)
11:37:04   ▶ /_astro/40926.sqr5qYQ5_13kRc1.jpg (before: 1086kB, after: 37kB) (+669ms) (523/4055)
11:37:04   ▶ /_astro/portrait-man-with-toothache-grimacing-from-pain-touching-cheek-standing-against-blue-background.CSe5Uo9i_Zknbjn.avif (before: 1075kB, after: 23kB) (+4.31s) (524/4055)
11:37:05   ▶ /_astro/66485.C98K1vnF_kOK7l.avif (before: 819kB, after: 1kB) (+930ms) (525/4055)
11:37:05   ▶ /_astro/49602.SNNI-Q57_ZbzYoB.avif (before: 461kB, after: 2kB) (+1.42s) (526/4055)
11:37:05   ▶ /_astro/dentist-assisting-patient-wear-invisible-braces.nM-aRh9C_Rmjk0.avif (before: 813kB, after: 2kB) (+1.48s) (527/4055)
11:37:05   ▶ /_astro/2149085891.zrelcexE_ZVawmC.jpg (before: 978kB, after: 107kB) (+1.02s) (528/4055)
11:37:05   ▶ /_astro/65410.O02aQvth_sPod1.jpg (before: 720kB, after: 79kB) (+1.11s) (529/4055)
11:37:05   ▶ /_astro/Tooth-Implant.CJhrg0Qe_Z2j5HJk.avif (before: 29kB, after: 12kB) (+1.33s) (530/4055)
11:37:05   ▶ /_astro/young-woman-covering-her-mouth-with-hand-gray-background.NUE3yi3i_Z11Iep7.jpg (before: 1026kB, after: 42kB) (+1.05s) (531/4055)
11:37:06   ▶ /_astro/dentist-doing-check-up-patient.DMKC7kq6_1oYJiu.avif (before: 1241kB, after: 6kB) (+1.26s) (532/4055)
11:37:06   ▶ /_astro/portrait-man-with-toothache-grimacing-from-pain-touching-cheek-standing-against-blue-background.CSe5Uo9i_Z1IOHUB.jpg (before: 1075kB, after: 182kB) (+1.24s) (533/4055)
11:37:06   ▶ /_astro/40926.sqr5qYQ5_Z17fgWN.jpg (before: 1086kB, after: 58kB) (+1.60s) (534/4055)
11:37:07   ▶ /_astro/66485.C98K1vnF_ZizWi0.avif (before: 819kB, after: 2kB) (+2.50s) (535/4055)
11:37:07   ▶ /_astro/49602.SNNI-Q57_ZP0GNW.avif (before: 461kB, after: 3kB) (+2.25s) (536/4055)
11:37:07   ▶ /_astro/2149195934.K4PmhIvU_2hNMtK.avif (before: 1045kB, after: 11kB) (+3.17s) (537/4055)
11:37:07   ▶ /_astro/dentist-assisting-patient-wear-invisible-braces.nM-aRh9C_1ad490.avif (before: 813kB, after: 3kB) (+2.06s) (538/4055)
11:37:07   ▶ /_astro/65410.O02aQvth_gjVsV.jpg (before: 720kB, after: 120kB) (+1.97s) (539/4055)
11:37:07   ▶ /_astro/young-woman-covering-her-mouth-with-hand-gray-background.NUE3yi3i_1suakN.jpg (before: 1026kB, after: 87kB) (+1.97s) (540/4055)
11:37:08   ▶ /_astro/dentist-doing-check-up-patient.DMKC7kq6_137tQ8.avif (before: 1241kB, after: 8kB) (+2.24s) (541/4055)
11:37:08   ▶ /_astro/portrait-man-with-toothache-grimacing-from-pain-touching-cheek-standing-against-blue-background.CSe5Uo9i_1aUO7I.jpg (before: 1075kB, after: 11kB) (+2.24s) (542/4055)
11:37:09   ▶ /_astro/toothbrush-composition.3MEH1Hfh_Zbwor.avif (before: 1750kB, after: 29kB) (+5.05s) (543/4055)
11:37:09   ▶ /_astro/66485.C98K1vnF_QD22C.avif (before: 819kB, after: 3kB) (+2.15s) (544/4055)
11:37:09   ▶ /_astro/2149195934.K4PmhIvU_ZMeeTE.jpg (before: 1045kB, after: 70kB) (+2.04s) (545/4055)
11:37:09   ▶ /_astro/Tooth-Implant.CJhrg0Qe_2wkDNH.avif (before: 29kB, after: 18kB) (+4.01s) (546/4055)
11:37:09   ▶ /_astro/2149085891.zrelcexE_Kg2vS.avif (before: 978kB, after: 14kB) (+4.10s) (547/4055)
11:37:09   ▶ /_astro/dentist-assisting-patient-wear-invisible-braces.nM-aRh9C_Z1FsPQ0.avif (before: 813kB, after: 5kB) (+2.04s) (548/4055)
11:37:09   ▶ /_astro/49602.SNNI-Q57_kdhvF.avif (before: 461kB, after: 4kB) (+2.04s) (549/4055)
11:37:10   ▶ /_astro/young-woman-covering-her-mouth-with-hand-gray-background.NUE3yi3i_Z2q4mvx.jpg (before: 1026kB, after: 146kB) (+2.49s) (550/4055)
11:37:10   ▶ /_astro/portrait-man-with-toothache-grimacing-from-pain-touching-cheek-standing-against-blue-background.CSe5Uo9i_d1Xfu.jpg (before: 1075kB, after: 22kB) (+2.01s) (551/4055)
11:37:11   ▶ /_astro/dentist-doing-check-up-patient.DMKC7kq6_RcVGz.avif (before: 1241kB, after: 13kB) (+2.97s) (552/4055)
11:37:11   ▶ /_astro/toothbrush-composition.3MEH1Hfh_1RK4yp.avif (before: 1750kB, after: 6kB) (+2.02s) (553/4055)
11:37:11   ▶ /_astro/2149195934.K4PmhIvU_ZAemA.jpg (before: 1045kB, after: 6kB) (+1.74s) (554/4055)
11:37:11   ▶ /_astro/Tooth-Implant.CJhrg0Qe_Zbx3Ah.jpg (before: 29kB, after: 40kB) (+1.74s) (555/4055)
11:37:11   ▶ /_astro/2149085891.zrelcexE_1vvekj.avif (before: 978kB, after: 2kB) (+1.74s) (556/4055)
11:37:11   ▶ /_astro/66485.C98K1vnF_9a45a.avif (before: 819kB, after: 5kB) (+1.74s) (557/4055)
11:37:11   ▶ /_astro/65410.O02aQvth_1Fph4f.avif (before: 720kB, after: 15kB) (+3.78s) (558/4055)
11:37:11   ▶ /_astro/dentist-assisting-patient-wear-invisible-braces.nM-aRh9C_ZpAYKt.avif (before: 813kB, after: 9kB) (+1.87s) (559/4055)
11:37:11   ▶ /_astro/portrait-man-with-toothache-grimacing-from-pain-touching-cheek-standing-against-blue-background.CSe5Uo9i_1Gu2iC.jpg (before: 1075kB, after: 37kB) (+1.42s) (560/4055)
11:37:13   ▶ /_astro/49602.SNNI-Q57_Z14jCGv.avif (before: 461kB, after: 8kB) (+3.24s) (561/4055)
11:37:13   ▶ /_astro/toothbrush-composition.3MEH1Hfh_11BKAc.avif (before: 1750kB, after: 8kB) (+1.60s) (562/4055)
11:37:13   ▶ /_astro/2149195934.K4PmhIvU_1GniUJ.jpg (before: 1045kB, after: 12kB) (+1.60s) (563/4055)
11:37:13   ▶ /_astro/Tooth-Implant.CJhrg0Qe_aPkdF.jpg (before: 29kB, after: 18kB) (+1.60s) (564/4055)
11:37:13   ▶ /_astro/shocked-young-caucasian-woman-puts-hands-mouth.B4CTk5VF_ZOiTf3.avif (before: 879kB, after: 27kB) (+6.78s) (565/4055)
11:37:13   ▶ /_astro/2149085891.zrelcexE_Z1QHmbi.avif (before: 978kB, after: 3kB) (+1.60s) (566/4055)
11:37:13   ▶ /_astro/dentist-doing-check-up-patient.DMKC7kq6_ZkF2PT.avif (before: 1241kB, after: 20kB) (+1.93s) (567/4055)
11:37:13   ▶ /_astro/65410.O02aQvth_2czm0h.avif (before: 720kB, after: 3kB) (+1.87s) (568/4055)
11:37:13   ▶ /_astro/young-woman-covering-her-mouth-with-hand-gray-background.NUE3yi3i_Z1bMRdY.avif (before: 1026kB, after: 20kB) (+3.15s) (569/4055)
11:37:14   ▶ /_astro/portrait-man-with-toothache-grimacing-from-pain-touching-cheek-standing-against-blue-background.CSe5Uo9i_2gU5zv.jpg (before: 1075kB, after: 77kB) (+3.12s) (570/4055)
11:37:14   ▶ /_astro/dentist-assisting-patient-wear-invisible-braces.nM-aRh9C_1IqO7I.avif (before: 813kB, after: 12kB) (+3.14s) (571/4055)
11:37:14   ▶ /_astro/66485.C98K1vnF_Z21q54E.avif (before: 819kB, after: 8kB) (+3.28s) (572/4055)
11:37:14   ▶ /_astro/2149195934.K4PmhIvU_ZlpViY.jpg (before: 1045kB, after: 18kB) (+1.68s) (573/4055)
11:37:14   ▶ /_astro/toothbrush-composition.3MEH1Hfh_ZH0JsQ.avif (before: 1750kB, after: 11kB) (+1.68s) (574/4055)
11:37:14   ▶ /_astro/Tooth-Implant.CJhrg0Qe_Z14wNO7.jpg (before: 29kB, after: 35kB) (+1.68s) (575/4055)
11:37:14   ▶ /_astro/dentist-doing-check-up-patient.DMKC7kq6_ZMNgMW.jpg (before: 1241kB, after: 114kB) (+1.68s) (576/4055)
11:37:14   ▶ /_astro/shocked-young-caucasian-woman-puts-hands-mouth.B4CTk5VF_ZIMEva.avif (before: 879kB, after: 3kB) (+1.71s) (577/4055)
11:37:14   ▶ /_astro/49602.SNNI-Q57_1PhlWB.avif (before: 461kB, after: 11kB) (+1.81s) (578/4055)
11:37:15   ▶ /_astro/2149085891.zrelcexE_1aFwnU.avif (before: 978kB, after: 4kB) (+2.00s) (579/4055)
11:37:15   ▶ /_astro/65410.O02aQvth_1y9DzV.avif (before: 720kB, after: 5kB) (+1.77s) (580/4055)
11:37:15   ▶ /_astro/dentist-assisting-patient-wear-invisible-braces.nM-aRh9C_mqdDY.jpg (before: 813kB, after: 81kB) (+360ms) (581/4055)
11:37:15   ▶ /_astro/66485.C98K1vnF_1ODKKk.jpg (before: 819kB, after: 65kB) (+361ms) (582/4055)
11:37:15   ▶ /_astro/young-woman-covering-her-mouth-with-hand-gray-background.NUE3yi3i_2aMqDm.avif (before: 1026kB, after: 2kB) (+1.77s) (583/4055)
11:37:15   ▶ /_astro/Tooth-Implant.CJhrg0Qe_Z1jiA51.jpg (before: 29kB, after: 53kB) (+359ms) (584/4055)
11:37:15   ▶ /_astro/portrait-man-with-toothache-grimacing-from-pain-touching-cheek-standing-against-blue-background.CSe5Uo9i_QlDX2.jpg (before: 1075kB, after: 131kB) (+385ms) (585/4055)
11:37:15   ▶ /_astro/dentist-doing-check-up-patient.DMKC7kq6_KiduN.jpg (before: 1241kB, after: 8kB) (+474ms) (586/4055)
11:37:15   ▶ /_astro/2149195934.K4PmhIvU_1Fwme2.jpg (before: 1045kB, after: 32kB) (+477ms) (587/4055)
11:37:16   ▶ /_astro/49602.SNNI-Q57_Ba3XE.jpg (before: 461kB, after: 71kB) (+1.75s) (588/4055)
11:37:16   ▶ /_astro/65410.O02aQvth_Z2lNuSn.avif (before: 720kB, after: 7kB) (+1.43s) (589/4055)
11:37:16   ▶ /_astro/shocked-young-caucasian-woman-puts-hands-mouth.B4CTk5VF_Zbt1mo.avif (before: 879kB, after: 5kB) (+1.76s) (590/4055)
11:37:16   ▶ /_astro/dentist-assisting-patient-wear-invisible-braces.nM-aRh9C_2vfAil.jpg (before: 813kB, after: 7kB) (+1.43s) (591/4055)
11:37:16   ▶ /_astro/66485.C98K1vnF_Z14fi8V.jpg (before: 819kB, after: 5kB) (+1.44s) (592/4055)
11:37:16   ▶ /_astro/2149085891.zrelcexE_Z1Qau9m.avif (before: 978kB, after: 6kB) (+1.47s) (593/4055)
11:37:16   ▶ /_astro/young-woman-covering-her-mouth-with-hand-gray-background.NUE3yi3i_Z1d5ILW.avif (before: 1026kB, after: 3kB) (+1.44s) (594/4055)
11:37:16   ▶ /_astro/Tooth-Implant.CJhrg0Qe_Z8K1QC.avif (before: 29kB, after: 12kB) (+1.55s) (595/4055)
11:37:16   ▶ /_astro/dentist-doing-check-up-patient.DMKC7kq6_vuHer.jpg (before: 1241kB, after: 16kB) (+1.43s) (596/4055)
11:37:18   ▶ /_astro/49602.SNNI-Q57_Z1AF2ES.jpg (before: 461kB, after: 5kB) (+1.51s) (597/4055)
11:37:18   ▶ /_astro/2149195934.K4PmhIvU_Z16RKe4.jpg (before: 1045kB, after: 49kB) (+2.92s) (598/4055)
11:37:18   ▶ /_astro/toothbrush-composition.3MEH1Hfh_Zzkxdt.avif (before: 1750kB, after: 18kB) (+3.40s) (599/4055)
11:37:18   ▶ /_astro/dentist-assisting-patient-wear-invisible-braces.nM-aRh9C_Z2h5MGA.jpg (before: 813kB, after: 12kB) (+1.61s) (600/4055)
11:37:18   ▶ /_astro/66485.C98K1vnF_Z1HF0yh.jpg (before: 819kB, after: 9kB) (+1.61s) (601/4055)
11:37:18   ▶ /_astro/65410.O02aQvth_219dtQ.avif (before: 720kB, after: 10kB) (+1.61s) (602/4055)
11:37:18   ▶ /_astro/portrait-man-with-toothache-grimacing-from-pain-touching-cheek-standing-against-blue-background.CSe5Uo9i_So8jq.avif (before: 1075kB, after: 19kB) (+3.04s) (603/4055)
11:37:18   ▶ /_astro/young-woman-covering-her-mouth-with-hand-gray-background.NUE3yi3i_2sVA6B.avif (before: 1026kB, after: 5kB) (+1.70s) (604/4055)
11:37:18   ▶ /_astro/Tooth-Implant.CJhrg0Qe_Z1mv6BE.avif (before: 29kB, after: 3kB) (+1.59s) (605/4055)
11:37:18   ▶ /_astro/dentist-doing-check-up-patient.DMKC7kq6_9CrM5.jpg (before: 1241kB, after: 25kB) (+2.05s) (606/4055)
11:37:20   ▶ /_astro/49602.SNNI-Q57_Z2f5K5e.jpg (before: 461kB, after: 10kB) (+1.81s) (607/4055)
11:37:20   ▶ /_astro/shocked-young-caucasian-woman-puts-hands-mouth.B4CTk5VF_I39tr.avif (before: 879kB, after: 8kB) (+3.32s) (608/4055)
11:37:20   ▶ /_astro/dentist-assisting-patient-wear-invisible-braces.nM-aRh9C_Z2zyRE.jpg (before: 813kB, after: 19kB) (+1.71s) (609/4055)
11:37:20   ▶ /_astro/66485.C98K1vnF_Zxr1dE.jpg (before: 819kB, after: 14kB) (+1.71s) (610/4055)
11:37:20   ▶ /_astro/2149085891.zrelcexE_qBwct.avif (before: 978kB, after: 10kB) (+3.32s) (611/4055)
11:37:20   ▶ /_astro/portrait-man-with-toothache-grimacing-from-pain-touching-cheek-standing-against-blue-background.CSe5Uo9i_1k3uiI.avif (before: 1075kB, after: 2kB) (+1.95s) (612/4055)
11:37:20   ▶ /_astro/Tooth-Implant.CJhrg0Qe_wxUy1.avif (before: 29kB, after: 6kB) (+1.86s) (613/4055)
11:37:20   ▶ /_astro/young-woman-covering-her-mouth-with-hand-gray-background.NUE3yi3i_1L2IaJ.avif (before: 1026kB, after: 9kB) (+1.86s) (614/4055)
11:37:21   ▶ /_astro/dentist-doing-check-up-patient.DMKC7kq6_Z1o3ngh.jpg (before: 1241kB, after: 47kB) (+2.86s) (615/4055)
11:37:22   ▶ /_astro/49602.SNNI-Q57_Z14QKJB.jpg (before: 461kB, after: 16kB) (+2.09s) (616/4055)
11:37:22   ▶ /_astro/65410.O02aQvth_Z9qUEX.avif (before: 720kB, after: 12kB) (+3.80s) (617/4055)
11:37:22   ▶ /_astro/dentist-assisting-patient-wear-invisible-braces.nM-aRh9C_Zv0NM9.jpg (before: 813kB, after: 36kB) (+2.09s) (618/4055)
11:37:22   ▶ /_astro/66485.C98K1vnF_2anHaV.jpg (before: 819kB, after: 26kB) (+2.09s) (619/4055)
11:37:22   ▶ /_astro/toothbrush-composition.3MEH1Hfh_sm9bW.avif (before: 1750kB, after: 25kB) (+3.81s) (620/4055)
11:37:22   ▶ /_astro/2149085891.zrelcexE_2qKCC0.jpg (before: 978kB, after: 72kB) (+2.36s) (621/4055)
11:37:22   ▶ /_astro/portrait-man-with-toothache-grimacing-from-pain-touching-cheek-standing-against-blue-background.CSe5Uo9i_Z1gAfC7.avif (before: 1075kB, after: 4kB) (+2.13s) (622/4055)
11:37:22   ▶ /_astro/Tooth-Implant.CJhrg0Qe_Z1uopm0.avif (before: 29kB, after: 9kB) (+2.13s) (623/4055)
11:37:23   ▶ /_astro/dentist-doing-check-up-patient.DMKC7kq6_2tfL0b.jpg (before: 1241kB, after: 76kB) (+1.37s) (624/4055)
11:37:23   ▶ /_astro/49602.SNNI-Q57_VT0og.jpg (before: 461kB, after: 31kB) (+1.03s) (625/4055)
11:37:23   ▶ /_astro/shocked-young-caucasian-woman-puts-hands-mouth.B4CTk5VF_1bcrkL.avif (before: 879kB, after: 14kB) (+3.13s) (626/4055)
11:37:23   ▶ /_astro/65410.O02aQvth_Z1nydDU.jpg (before: 720kB, after: 81kB) (+1.04s) (627/4055)
11:37:23   ▶ /_astro/dentist-assisting-patient-wear-invisible-braces.nM-aRh9C_1D2063.jpg (before: 813kB, after: 57kB) (+1.04s) (628/4055)
11:37:23   ▶ /_astro/66485.C98K1vnF_ZcqXS.jpg (before: 819kB, after: 42kB) (+1.04s) (629/4055)
11:37:23   ▶ /_astro/2149085891.zrelcexE_TMme4.jpg (before: 978kB, after: 5kB) (+765ms) (630/4055)
11:37:23   ▶ /_astro/toothbrush-composition.3MEH1Hfh_Z28xNEn.jpg (before: 1750kB, after: 187kB) (+1.03s) (631/4055)
11:37:23   ▶ /_astro/Tooth-Implant.CJhrg0Qe_Z2q7gPu.jpg (before: 29kB, after: 31kB) (+765ms) (632/4055)
11:37:23   ▶ /_astro/young-woman-covering-her-mouth-with-hand-gray-background.NUE3yi3i_ZrSIoG.avif (before: 1026kB, after: 14kB) (+3.51s) (633/4055)
11:37:23   ▶ /_astro/49602.SNNI-Q57_Z1dG8Ky.jpg (before: 461kB, after: 50kB) (+624ms) (634/4055)
11:37:27   ▶ /_astro/65410.O02aQvth_MuiJ0.jpg (before: 720kB, after: 8kB) (+4.09s) (635/4055)
11:37:27   ▶ /_astro/aching-young-pretty-girl-touching-cheek-suffering-from-toothache.Bef5DCps_ZMF8L3.avif (before: 1001kB, after: 35kB) (+8.93s) (636/4055)
11:37:27   ▶ /_astro/portrait-man-with-toothache-grimacing-from-pain-touching-cheek-standing-against-blue-background.CSe5Uo9i_Z170c7Q.avif (before: 1075kB, after: 5kB) (+4.85s) (637/4055)
11:37:27   ▶ /_astro/2149085891.zrelcexE_Z2sqehx.jpg (before: 978kB, after: 9kB) (+4.09s) (638/4055)
11:37:27   ▶ /_astro/toothbrush-composition.3MEH1Hfh_ZeudAp.jpg (before: 1750kB, after: 15kB) (+4.09s) (639/4055)
11:37:27   ▶ /_astro/Tooth-Implant.CJhrg0Qe_Z7WcGr.jpg (before: 29kB, after: 8kB) (+4.09s) (640/4055)
11:37:27   ▶ /_astro/dental-implants-surgery-concept-pen-tool-created-clipping-path-included-jpeg-easy-composite.CFR66Hja_Z2lRVh6.avif (before: 348kB, after: 19kB) (+4.29s) (641/4055)
11:37:28   ▶ /_astro/young-woman-covering-her-mouth-with-hand-gray-background.NUE3yi3i_1EkG7J.jpg (before: 1026kB, after: 86kB) (+4.48s) (642/4055)
11:37:28   ▶ /_astro/65410.O02aQvth_94AjE.jpg (before: 720kB, after: 15kB) (+1.07s) (643/4055)
11:37:28   ▶ /_astro/aching-young-pretty-girl-touching-cheek-suffering-from-toothache.Bef5DCps_ZgFf8I.avif (before: 1001kB, after: 3kB) (+1.07s) (644/4055)
11:37:28   ▶ /_astro/dentist-examining-female-patient-with-teeth-shades.zS7PqwaZ_20KM8m.avif (before: 888kB, after: 23kB) (+5.16s) (645/4055)
11:37:28   ▶ /_astro/shocked-young-caucasian-woman-puts-hands-mouth.B4CTk5VF_Z1rKQXH.avif (before: 879kB, after: 20kB) (+5.16s) (646/4055)
11:37:28   ▶ /_astro/beautiful-happy-fair-haired-european-woman-points-index-fingers-mouth-forces-cheerful-smile-shows-perfect-white-teeth-wears-green-jumper-being-good-mood-isolated-purple-background.Cebq-SwG_iOSQ.avif (before: 537kB, after: 63kB) (+5.22s) (647/4055)
11:37:28   ▶ /_astro/Tooth-Implant.CJhrg0Qe_1L6Ote.jpg (before: 29kB, after: 16kB) (+1.07s) (648/4055)
11:37:28   ▶ /_astro/2149085891.zrelcexE_yWEhF.jpg (before: 978kB, after: 15kB) (+1.13s) (649/4055)
11:37:28   ▶ /_astro/toothbrush-composition.3MEH1Hfh_Z15CwyC.jpg (before: 1750kB, after: 29kB) (+1.40s) (650/4055)
11:37:29   ▶ /_astro/young-woman-covering-her-mouth-with-hand-gray-background.NUE3yi3i_ZvGy8X.jpg (before: 1026kB, after: 5kB) (+1.15s) (651/4055)
11:37:29   ▶ /_astro/65410.O02aQvth_1jizEh.jpg (before: 720kB, after: 22kB) (+1.20s) (652/4055)
11:37:29   ▶ /_astro/dental-implants-surgery-concept-pen-tool-created-clipping-path-included-jpeg-easy-composite.CFR66Hja_Z1wqqIr.avif (before: 348kB, after: 3kB) (+2.06s) (653/4055)
11:37:29   ▶ /_astro/portrait-man-with-toothache-grimacing-from-pain-touching-cheek-standing-against-blue-background.CSe5Uo9i_Z186mbC.avif (before: 1075kB, after: 9kB) (+2.27s) (654/4055)
11:37:29   ▶ /_astro/dentist-examining-female-patient-with-teeth-shades.zS7PqwaZ_5QnlK.avif (before: 888kB, after: 4kB) (+1.20s) (655/4055)
11:37:29   ▶ /_astro/Tooth-Implant.CJhrg0Qe_ZfPvqM.jpg (before: 29kB, after: 25kB) (+1.20s) (656/4055)
11:37:29   ▶ /_astro/shocked-young-caucasian-woman-puts-hands-mouth.B4CTk5VF_ZTHIgI.jpg (before: 879kB, after: 129kB) (+1.20s) (657/4055)
11:37:29   ▶ /_astro/aching-young-pretty-girl-touching-cheek-suffering-from-toothache.Bef5DCps_1lb3LT.avif (before: 1001kB, after: 5kB) (+1.20s) (658/4055)
11:37:29   ▶ /_astro/shutterstock_1718366740.B-fkAQU5_1S3TlG.avif (before: 546kB, after: 13kB) (+5.74s) (659/4055)
11:37:29   ▶ /_astro/2149085891.zrelcexE_ZaET3f.jpg (before: 978kB, after: 29kB) (+1.38s) (660/4055)
11:37:30   ▶ /_astro/beautiful-happy-fair-haired-european-woman-points-index-fingers-mouth-forces-cheerful-smile-shows-perfect-white-teeth-wears-green-jumper-being-good-mood-isolated-purple-background.Cebq-SwG_27XbKJ.avif (before: 537kB, after: 3kB) (+2.23s) (661/4055)
11:37:30   ▶ /_astro/young-woman-covering-her-mouth-with-hand-gray-background.NUE3yi3i_1aBpeE.jpg (before: 1026kB, after: 11kB) (+1.22s) (662/4055)
11:37:30   ▶ /_astro/toothbrush-composition.3MEH1Hfh_2fV6bg.jpg (before: 1750kB, after: 46kB) (+1.98s) (663/4055)
11:37:30   ▶ /_astro/65410.O02aQvth_Z12Ohej.jpg (before: 720kB, after: 39kB) (+1.12s) (664/4055)
11:37:30   ▶ /_astro/shocked-young-caucasian-woman-puts-hands-mouth.B4CTk5VF_ZlyjHJ.jpg (before: 879kB, after: 10kB) (+1.30s) (665/4055)
11:37:30   ▶ /_astro/dental-implants-surgery-concept-pen-tool-created-clipping-path-included-jpeg-easy-composite.CFR66Hja_ZmqfcT.avif (before: 348kB, after: 5kB) (+1.30s) (666/4055)
11:37:30   ▶ /_astro/dentist-examining-female-patient-with-teeth-shades.zS7PqwaZ_yBtOP.avif (before: 888kB, after: 7kB) (+1.30s) (667/4055)
11:37:32   ▶ /_astro/shutterstock_1718366740.B-fkAQU5_ZLBTJR.avif (before: 546kB, after: 6kB) (+2.57s) (668/4055)
11:37:32   ▶ /_astro/2149085891.zrelcexE_2777iA.jpg (before: 978kB, after: 48kB) (+2.34s) (669/4055)
11:37:32   ▶ /_astro/beautiful-happy-fair-haired-european-woman-points-index-fingers-mouth-forces-cheerful-smile-shows-perfect-white-teeth-wears-green-jumper-being-good-mood-isolated-purple-background.Cebq-SwG_Z23JLeV.avif (before: 537kB, after: 5kB) (+1.68s) (670/4055)
11:37:32   ▶ /_astro/young-woman-covering-her-mouth-with-hand-gray-background.NUE3yi3i_ZdxoFI.jpg (before: 1026kB, after: 17kB) (+1.63s) (671/4055)
11:37:32   ▶ /_astro/portrait-man-with-toothache-grimacing-from-pain-touching-cheek-standing-against-blue-background.CSe5Uo9i_3fSlt.avif (before: 1075kB, after: 13kB) (+2.75s) (672/4055)
11:37:32   ▶ /_astro/toothbrush-composition.3MEH1Hfh_Z9vSyJ.jpg (before: 1750kB, after: 92kB) (+1.63s) (673/4055)
11:37:32   ▶ /_astro/aching-young-pretty-girl-touching-cheek-suffering-from-toothache.Bef5DCps_Z1XpW9P.avif (before: 1001kB, after: 8kB) (+2.75s) (674/4055)
11:37:32   ▶ /_astro/shocked-young-caucasian-woman-puts-hands-mouth.B4CTk5VF_bKjq2.jpg (before: 879kB, after: 19kB) (+1.45s) (675/4055)
11:37:32   ▶ /_astro/problemas-dentales-hombre-revisando-sus-dientes-mirando-perturbado.B-NSJqPi_ZQewLH.avif (before: 538kB, after: 15kB) (+2.75s) (676/4055)
11:37:33   ▶ /_astro/65410.O02aQvth_1QLHpN.jpg (before: 720kB, after: 58kB) (+2.56s) (677/4055)
11:37:34   ▶ /_astro/shutterstock_1718366740.B-fkAQU5_D91Wi.avif (before: 546kB, after: 8kB) (+2.06s) (678/4055)
11:37:34   ▶ /_astro/young-woman-covering-her-mouth-with-hand-gray-background.NUE3yi3i_Zs0Qht.jpg (before: 1026kB, after: 34kB) (+1.89s) (679/4055)
11:37:34   ▶ /_astro/dental-implants-surgery-concept-pen-tool-created-clipping-path-included-jpeg-easy-composite.CFR66Hja_1vKhXJ.avif (before: 348kB, after: 7kB) (+3.34s) (680/4055)
11:37:34   ▶ /_astro/portrait-man-with-toothache-grimacing-from-pain-touching-cheek-standing-against-blue-background.CSe5Uo9i_Z1mldFU.jpg (before: 1075kB, after: 99kB) (+1.89s) (681/4055)
11:37:34   ▶ /_astro/toothbrush-composition.3MEH1Hfh_Z1F083Y.jpg (before: 1750kB, after: 152kB) (+1.89s) (682/4055)
11:37:34   ▶ /_astro/dentist-examining-female-patient-with-teeth-shades.zS7PqwaZ_V3NdK.avif (before: 888kB, after: 9kB) (+3.34s) (683/4055)
11:37:34   ▶ /_astro/shocked-young-caucasian-woman-puts-hands-mouth.B4CTk5VF_16hugR.jpg (before: 879kB, after: 30kB) (+1.89s) (684/4055)
11:37:34   ▶ /_astro/beautiful-happy-fair-haired-european-woman-points-index-fingers-mouth-forces-cheerful-smile-shows-perfect-white-teeth-wears-green-jumper-being-good-mood-isolated-purple-background.Cebq-SwG_1VmOe9.avif (before: 537kB, after: 8kB) (+1.93s) (685/4055)
11:37:38   ▶ /_astro/problemas-dentales-hombre-revisando-sus-dientes-mirando-perturbado.B-NSJqPi_2obTQF.avif (before: 538kB, after: 4kB) (+6.00s) (686/4055)
11:37:38   ▶ /_astro/shutterstock_1718366740.B-fkAQU5_Z28SLWb.avif (before: 546kB, after: 11kB) (+4.12s) (687/4055)
11:37:38   ▶ /_astro/young-woman-covering-her-mouth-with-hand-gray-background.NUE3yi3i_2oeOW2.jpg (before: 1026kB, after: 57kB) (+4.12s) (688/4055)
11:37:38   ▶ /_astro/chica-sintiendo-dolor-muelas-haciendo-muecas-dolor-mientras-muerde-manzana-verde.DKsEjpdJ_ZG1uVa.avif (before: 616kB, after: 16kB) (+6.17s) (689/4055)
11:37:38   ▶ /_astro/portrait-man-with-toothache-grimacing-from-pain-touching-cheek-standing-against-blue-background.CSe5Uo9i_qzu8G.jpg (before: 1075kB, after: 5kB) (+4.12s) (690/4055)
11:37:38   ▶ /_astro/paciente-femenino-sonriendo-clinica.Chd8lV4O_197kzG.avif (before: 713kB, after: 18kB) (+5.08s) (691/4055)
11:37:38   ▶ /_astro/aching-young-pretty-girl-touching-cheek-suffering-from-toothache.Bef5DCps_Z2ib8kw.avif (before: 1001kB, after: 15kB) (+6.00s) (692/4055)
11:37:38   ▶ /_astro/shocked-young-caucasian-woman-puts-hands-mouth.B4CTk5VF_Z2g6puO.jpg (before: 879kB, after: 59kB) (+4.11s) (693/4055)
11:37:38   ▶ /_astro/dental-implants-surgery-concept-pen-tool-created-clipping-path-included-jpeg-easy-composite.CFR66Hja_ZRe5oj.avif (before: 348kB, after: 11kB) (+4.12s) (694/4055)
11:37:39   ▶ /_astro/toothbrush-composition.3MEH1Hfh_Zslt2l.avif (before: 1750kB, after: 18kB) (+5.56s) (695/4055)
11:37:39   ▶ /_astro/shutterstock_1718366740.B-fkAQU5_2oyip4.jpg (before: 546kB, after: 54kB) (+1.44s) (696/4055)
11:37:40   ▶ /_astro/problemas-dentales-hombre-revisando-sus-dientes-mirando-perturbado.B-NSJqPi_ZeKhft.avif (before: 538kB, after: 6kB) (+2.55s) (697/4055)
11:37:40   ▶ /_astro/portrait-man-with-toothache-grimacing-from-pain-touching-cheek-standing-against-blue-background.CSe5Uo9i_Z2a4fM9.jpg (before: 1075kB, after: 11kB) (+2.55s) (698/4055)
11:37:40   ▶ /_astro/chica-sintiendo-dolor-muelas-haciendo-muecas-dolor-mientras-muerde-manzana-verde.DKsEjpdJ_lCQn.avif (before: 616kB, after: 3kB) (+2.55s) (699/4055)
11:37:40   ▶ /_astro/paciente-femenino-sonriendo-clinica.Chd8lV4O_ZL1c17.avif (before: 713kB, after: 5kB) (+2.55s) (700/4055)
11:37:40   ▶ /_astro/dentist-examining-female-patient-with-teeth-shades.zS7PqwaZ_Z1a5jQv.avif (before: 888kB, after: 15kB) (+6.66s) (701/4055)
11:37:40   ▶ /_astro/shocked-young-caucasian-woman-puts-hands-mouth.B4CTk5VF_Z1xaG0n.jpg (before: 879kB, after: 95kB) (+2.55s) (702/4055)
11:37:42   ▶ /_astro/beautiful-happy-fair-haired-european-woman-points-index-fingers-mouth-forces-cheerful-smile-shows-perfect-white-teeth-wears-green-jumper-being-good-mood-isolated-purple-background.Cebq-SwG_Z1Udp9B.avif (before: 537kB, after: 17kB) (+8.42s) (703/4055)
11:37:43   ▶ /_astro/toothbrush-composition.3MEH1Hfh_nGyID.avif (before: 1750kB, after: 3kB) (+3.75s) (704/4055)
11:37:43   ▶ /_astro/shutterstock_1718366740.B-fkAQU5_Zg7vGu.jpg (before: 546kB, after: 17kB) (+3.75s) (705/4055)
11:37:43   ▶ /_astro/dental-implants-surgery-concept-pen-tool-created-clipping-path-included-jpeg-easy-composite.CFR66Hja_ZsTgKM.avif (before: 348kB, after: 16kB) (+5.42s) (706/4055)
11:37:43   ▶ /_astro/problemas-dentales-hombre-revisando-sus-dientes-mirando-perturbado.B-NSJqPi_1y3SSa.avif (before: 538kB, after: 8kB) (+2.88s) (707/4055)
11:37:43   ▶ /_astro/headshot-glad-woman-laughs-smiles-broadly.1jJ2XEcX_Z1ec8Ew.avif (before: 1329kB, after: 73kB) (+5.43s) (708/4055)
11:37:43   ▶ /_astro/portrait-man-with-toothache-grimacing-from-pain-touching-cheek-standing-against-blue-background.CSe5Uo9i_Z20tchS.jpg (before: 1075kB, after: 19kB) (+2.88s) (709/4055)
11:37:43   ▶ /_astro/chica-sintiendo-dolor-muelas-haciendo-muecas-dolor-mientras-muerde-manzana-verde.DKsEjpdJ_Z1a0xBf.avif (before: 616kB, after: 5kB) (+2.88s) (710/4055)
11:37:43   ▶ /_astro/aching-young-pretty-girl-touching-cheek-suffering-from-toothache.Bef5DCps_Z1mdWB6.avif (before: 1001kB, after: 24kB) (+5.43s) (711/4055)
11:37:46   ▶ /_astro/paciente-femenino-sonriendo-clinica.Chd8lV4O_K0Wpt.avif (before: 713kB, after: 7kB) (+5.35s) (712/4055)
11:37:47   ▶ /_astro/toothbrush-composition.3MEH1Hfh_Z2bNjow.avif (before: 1750kB, after: 5kB) (+3.56s) (713/4055)
11:37:47   ▶ /_astro/shutterstock_1718366740.B-fkAQU5_19Dq0F.jpg (before: 546kB, after: 30kB) (+3.56s) (714/4055)
11:37:47   ▶ /_astro/dental-implants-surgery-concept-pen-tool-created-clipping-path-included-jpeg-easy-composite.CFR66Hja_Z2i475n.jpg (before: 348kB, after: 98kB) (+3.45s) (715/4055)
11:37:47   ▶ /_astro/shocked-young-caucasian-woman-puts-hands-mouth.B4CTk5VF_ZUSIAj.avif (before: 879kB, after: 13kB) (+6.33s) (716/4055)
11:37:47   ▶ /_astro/headshot-glad-woman-laughs-smiles-broadly.1jJ2XEcX_Z27pQ4p.avif (before: 1329kB, after: 15kB) (+3.45s) (717/4055)
11:37:47   ▶ /_astro/problemas-dentales-hombre-revisando-sus-dientes-mirando-perturbado.B-NSJqPi_1IWUdY.avif (before: 538kB, after: 14kB) (+3.45s) (718/4055)
11:37:47   ▶ /_astro/portrait-man-with-toothache-grimacing-from-pain-touching-cheek-standing-against-blue-background.CSe5Uo9i_1GlpBX.jpg (before: 1075kB, after: 39kB) (+3.46s) (719/4055)
11:37:47   ▶ /_astro/dentist-examining-female-patient-with-teeth-shades.zS7PqwaZ_P1Svr.avif (before: 888kB, after: 20kB) (+6.33s) (720/4055)
11:37:47   ▶ /_astro/aching-young-pretty-girl-touching-cheek-suffering-from-toothache.Bef5DCps_1pP4Rm.jpg (before: 1001kB, after: 160kB) (+4.28s) (721/4055)
11:37:48   ▶ /_astro/beautiful-happy-fair-haired-european-woman-points-index-fingers-mouth-forces-cheerful-smile-shows-perfect-white-teeth-wears-green-jumper-being-good-mood-isolated-purple-background.Cebq-SwG_Zw1m1b.avif (before: 537kB, after: 38kB) (+5.81s) (722/4055)
11:37:48   ▶ /_astro/toothbrush-composition.3MEH1Hfh_RjVQg.avif (before: 1750kB, after: 7kB) (+1.37s) (723/4055)
11:37:48   ▶ /_astro/shutterstock_1718366740.B-fkAQU5_Z1ConSN.jpg (before: 546kB, after: 46kB) (+1.49s) (724/4055)
11:37:48   ▶ /_astro/dental-implants-surgery-concept-pen-tool-created-clipping-path-included-jpeg-easy-composite.CFR66Hja_2teQSC.jpg (before: 348kB, after: 9kB) (+1.37s) (725/4055)
11:37:48   ▶ /_astro/shocked-young-caucasian-woman-puts-hands-mouth.B4CTk5VF_Z1uo2GX.avif (before: 879kB, after: 2kB) (+1.37s) (726/4055)
11:37:48   ▶ /_astro/problemas-dentales-hombre-revisando-sus-dientes-mirando-perturbado.B-NSJqPi_1mgFQH.jpg (before: 538kB, after: 82kB) (+1.37s) (727/4055)
11:37:48   ▶ /_astro/chica-sintiendo-dolor-muelas-haciendo-muecas-dolor-mientras-muerde-manzana-verde.DKsEjpdJ_ZhluJ.avif (before: 616kB, after: 8kB) (+4.82s) (728/4055)
11:37:48   ▶ /_astro/dentist-examining-female-patient-with-teeth-shades.zS7PqwaZ_nCrxA.jpg (before: 888kB, after: 159kB) (+1.37s) (729/4055)
11:37:48   ▶ /_astro/portrait-man-with-toothache-grimacing-from-pain-touching-cheek-standing-against-blue-background.CSe5Uo9i_Z2ctsDR.jpg (before: 1075kB, after: 65kB) (+1.65s) (730/4055)
11:37:49   ▶ /_astro/aching-young-pretty-girl-touching-cheek-suffering-from-toothache.Bef5DCps_LGF9I.jpg (before: 1001kB, after: 10kB) (+1.23s) (731/4055)
11:37:49   ▶ /_astro/beautiful-happy-fair-haired-european-woman-points-index-fingers-mouth-forces-cheerful-smile-shows-perfect-white-teeth-wears-green-jumper-being-good-mood-isolated-purple-background.Cebq-SwG_1hVlBa.jpg (before: 537kB, after: 190kB) (+819ms) (732/4055)
11:37:49   ▶ /_astro/headshot-glad-woman-laughs-smiles-broadly.1jJ2XEcX_ZIH3nU.avif (before: 1329kB, after: 26kB) (+2.06s) (733/4055)
11:37:49   ▶ /_astro/dental-implants-surgery-concept-pen-tool-created-clipping-path-included-jpeg-easy-composite.CFR66Hja_Z1qW5oL.jpg (before: 348kB, after: 18kB) (+694ms) (734/4055)
11:37:49   ▶ /_astro/paciente-femenino-sonriendo-clinica.Chd8lV4O_Z1rfPVa.avif (before: 713kB, after: 10kB) (+3.04s) (735/4055)
11:37:49   ▶ /_astro/problemas-dentales-hombre-revisando-sus-dientes-mirando-perturbado.B-NSJqPi_Ztxtu9.jpg (before: 538kB, after: 13kB) (+695ms) (736/4055)
11:37:49   ▶ /_astro/shutterstock_1718366740.B-fkAQU5_Z1m3EkW.avif (before: 546kB, after: 6kB) (+700ms) (737/4055)
11:37:49   ▶ /_astro/shocked-young-caucasian-woman-puts-hands-mouth.B4CTk5VF_RfERq.avif (before: 879kB, after: 3kB) (+700ms) (738/4055)
11:37:52   ▶ /_astro/dentist-examining-female-patient-with-teeth-shades.zS7PqwaZ_1mdGUI.jpg (before: 888kB, after: 14kB) (+3.53s) (739/4055)
11:37:52   ▶ /_astro/toothbrush-composition.3MEH1Hfh_26oicc.avif (before: 1750kB, after: 10kB) (+3.66s) (740/4055)
11:37:52   ▶ /_astro/aching-young-pretty-girl-touching-cheek-suffering-from-toothache.Bef5DCps_2oxY5l.jpg (before: 1001kB, after: 18kB) (+2.85s) (741/4055)
11:37:52   ▶ /_astro/beautiful-happy-fair-haired-european-woman-points-index-fingers-mouth-forces-cheerful-smile-shows-perfect-white-teeth-wears-green-jumper-being-good-mood-isolated-purple-background.Cebq-SwG_ZlkrB0.jpg (before: 537kB, after: 10kB) (+2.84s) (742/4055)
11:37:52   ▶ /_astro/dental-implants-surgery-concept-pen-tool-created-clipping-path-included-jpeg-easy-composite.CFR66Hja_rerLR.jpg (before: 348kB, after: 28kB) (+2.84s) (743/4055)
11:37:52   ▶ /_astro/chica-sintiendo-dolor-muelas-haciendo-muecas-dolor-mientras-muerde-manzana-verde.DKsEjpdJ_ZHLuD2.avif (before: 616kB, after: 14kB) (+3.54s) (744/4055)
11:37:52   ▶ /_astro/headshot-glad-woman-laughs-smiles-broadly.1jJ2XEcX_2lSNr3.avif (before: 1329kB, after: 38kB) (+2.84s) (745/4055)
11:37:52   ▶ /_astro/problemas-dentales-hombre-revisando-sus-dientes-mirando-perturbado.B-NSJqPi_1WGscD.jpg (before: 538kB, after: 24kB) (+2.84s) (746/4055)
11:37:52   ▶ /_astro/shutterstock_1718366740.B-fkAQU5_Z9BoCu.avif (before: 546kB, after: 3kB) (+2.84s) (747/4055)
11:37:53   ▶ /_astro/paciente-femenino-sonriendo-clinica.Chd8lV4O_2VijV.avif (before: 713kB, after: 16kB) (+3.84s) (748/4055)
11:37:53   ▶ /_astro/close-up-portrait-cute-kid-gray-pajamas-brushing-her-teeth.k4plXwGd_10FUfm.avif (before: 817kB, after: 36kB) (+4.25s) (749/4055)
11:37:53   ▶ /_astro/dentist-examining-female-patient-with-teeth-shades.zS7PqwaZ_1OXNoN.jpg (before: 888kB, after: 27kB) (+1.00s) (750/4055)
11:37:53   ▶ /_astro/shocked-young-caucasian-woman-puts-hands-mouth.B4CTk5VF_lBOK3.avif (before: 879kB, after: 4kB) (+3.84s) (751/4055)
11:37:53   ▶ /_astro/beautiful-happy-fair-haired-european-woman-points-index-fingers-mouth-forces-cheerful-smile-shows-perfect-white-teeth-wears-green-jumper-being-good-mood-isolated-purple-background.Cebq-SwG_x8Icg.jpg (before: 537kB, after: 20kB) (+1.00s) (752/4055)
11:37:53   ▶ /_astro/aching-young-pretty-girl-touching-cheek-suffering-from-toothache.Bef5DCps_ZU31Qo.jpg (before: 1001kB, after: 30kB) (+1.00s) (753/4055)
11:37:53   ▶ /_astro/chica-sintiendo-dolor-muelas-haciendo-muecas-dolor-mientras-muerde-manzana-verde.DKsEjpdJ_Z25rYS1.jpg (before: 616kB, after: 71kB) (+1.00s) (754/4055)
11:37:53   ▶ /_astro/dental-implants-surgery-concept-pen-tool-created-clipping-path-included-jpeg-easy-composite.CFR66Hja_1pXTii.jpg (before: 348kB, after: 53kB) (+1.01s) (755/4055)
11:37:53   ▶ /_astro/problemas-dentales-hombre-revisando-sus-dientes-mirando-perturbado.B-NSJqPi_Z1jFusE.jpg (before: 538kB, after: 37kB) (+1.00s) (756/4055)
11:37:54   ▶ /_astro/paciente-femenino-sonriendo-clinica.Chd8lV4O_Z1w58OR.jpg (before: 713kB, after: 91kB) (+1.42s) (757/4055)
11:37:54   ▶ /_astro/shutterstock_1718366740.B-fkAQU5_224Fci.avif (before: 546kB, after: 4kB) (+2.41s) (758/4055)
11:37:54   ▶ /_astro/toothbrush-composition.3MEH1Hfh_1b3A9a.avif (before: 1750kB, after: 14kB) (+2.42s) (759/4055)
11:37:54   ▶ /_astro/close-up-portrait-cute-kid-gray-pajamas-brushing-her-teeth.k4plXwGd_1liRSY.avif (before: 817kB, after: 7kB) (+1.42s) (760/4055)
11:37:54   ▶ /_astro/dentist-examining-female-patient-with-teeth-shades.zS7PqwaZ_2cq7MI.jpg (before: 888kB, after: 41kB) (+1.42s) (761/4055)
11:37:54   ▶ /_astro/beautiful-happy-fair-haired-european-woman-points-index-fingers-mouth-forces-cheerful-smile-shows-perfect-white-teeth-wears-green-jumper-being-good-mood-isolated-purple-background.Cebq-SwG_ZwUO8A.jpg (before: 537kB, after: 34kB) (+1.42s) (762/4055)
11:37:54   ▶ /_astro/aching-young-pretty-girl-touching-cheek-suffering-from-toothache.Bef5DCps_Z5InRp.jpg (before: 1001kB, after: 62kB) (+1.42s) (763/4055)
11:37:54   ▶ /_astro/chica-sintiendo-dolor-muelas-haciendo-muecas-dolor-mientras-muerde-manzana-verde.DKsEjpdJ_4sbgy.jpg (before: 616kB, after: 10kB) (+1.42s) (764/4055)
11:37:54   ▶ /_astro/problemas-dentales-hombre-revisando-sus-dientes-mirando-perturbado.B-NSJqPi_Z17HYVx.jpg (before: 538kB, after: 70kB) (+1.42s) (765/4055)
11:37:55   ▶ /_astro/dental-implants-surgery-concept-pen-tool-created-clipping-path-included-jpeg-easy-composite.CFR66Hja_Zp5rz4.jpg (before: 348kB, after: 81kB) (+2.20s) (766/4055)
11:37:55   ▶ /_astro/shocked-young-caucasian-woman-puts-hands-mouth.B4CTk5VF_1GIDvd.avif (before: 879kB, after: 6kB) (+2.20s) (767/4055)
11:37:55   ▶ /_astro/paciente-femenino-sonriendo-clinica.Chd8lV4O_azWLH.jpg (before: 713kB, after: 14kB) (+786ms) (768/4055)
11:37:55   ▶ /_astro/toothbrush-composition.3MEH1Hfh_Z2wOnB.jpg (before: 1750kB, after: 106kB) (+786ms) (769/4055)
11:37:55   ▶ /_astro/shutterstock_1718366740.B-fkAQU5_Z21csgU.avif (before: 546kB, after: 5kB) (+786ms) (770/4055)
11:37:55   ▶ /_astro/dentist-examining-female-patient-with-teeth-shades.zS7PqwaZ_Z2wkwD0.jpg (before: 888kB, after: 77kB) (+785ms) (771/4055)
11:37:55   ▶ /_astro/headshot-glad-woman-laughs-smiles-broadly.1jJ2XEcX_Z1MEfq6.avif (before: 1329kB, after: 63kB) (+3.20s) (772/4055)
11:37:55   ▶ /_astro/beautiful-happy-fair-haired-european-woman-points-index-fingers-mouth-forces-cheerful-smile-shows-perfect-white-teeth-wears-green-jumper-being-good-mood-isolated-purple-background.Cebq-SwG_Z2wHfqs.jpg (before: 537kB, after: 79kB) (+788ms) (773/4055)
11:37:55   ▶ /_astro/close-up-portrait-cute-kid-gray-pajamas-brushing-her-teeth.k4plXwGd_2o8lSQ.avif (before: 817kB, after: 13kB) (+791ms) (774/4055)
11:37:56   ▶ /_astro/chica-sintiendo-dolor-muelas-haciendo-muecas-dolor-mientras-muerde-manzana-verde.DKsEjpdJ_Z15T0c4.jpg (before: 616kB, after: 19kB) (+1.82s) (775/4055)
11:37:56   ▶ /_astro/aching-young-pretty-girl-touching-cheek-suffering-from-toothache.Bef5DCps_Qhg2j.jpg (before: 1001kB, after: 108kB) (+1.82s) (776/4055)
11:37:56   ▶ /_astro/paciente-femenino-sonriendo-clinica.Chd8lV4O_1GC7di.jpg (before: 713kB, after: 27kB) (+1.04s) (777/4055)
11:37:56   ▶ /_astro/problemas-dentales-hombre-revisando-sus-dientes-mirando-perturbado.B-NSJqPi_Z1qFwxy.avif (before: 538kB, after: 8kB) (+1.82s) (778/4055)
11:37:56   ▶ /_astro/toothbrush-composition.3MEH1Hfh_Z1IxIqb.jpg (before: 1750kB, after: 8kB) (+1.04s) (779/4055)
11:37:56   ▶ /_astro/shutterstock_1718366740.B-fkAQU5_ZBcR54.jpg (before: 546kB, after: 26kB) (+1.04s) (780/4055)
11:37:56   ▶ /_astro/headshot-glad-woman-laughs-smiles-broadly.1jJ2XEcX_Z11xmDu.jpg (before: 1329kB, after: 205kB) (+1.04s) (781/4055)
11:37:56   ▶ /_astro/dentist-examining-female-patient-with-teeth-shades.zS7PqwaZ_ZM6r4k.jpg (before: 888kB, after: 119kB) (+1.04s) (782/4055)
11:37:56   ▶ /_astro/beautiful-happy-fair-haired-european-woman-points-index-fingers-mouth-forces-cheerful-smile-shows-perfect-white-teeth-wears-green-jumper-being-good-mood-isolated-purple-background.Cebq-SwG_KB9G8.jpg (before: 537kB, after: 147kB) (+1.04s) (783/4055)
11:37:58   ▶ /_astro/dental-implants-surgery-concept-pen-tool-created-clipping-path-included-jpeg-easy-composite.CFR66Hja_Z29eEBQ.avif (before: 348kB, after: 9kB) (+3.34s) (784/4055)
11:37:58   ▶ /_astro/chica-sintiendo-dolor-muelas-haciendo-muecas-dolor-mientras-muerde-manzana-verde.DKsEjpdJ_3ObTr.jpg (before: 616kB, after: 29kB) (+2.30s) (785/4055)
11:37:58   ▶ /_astro/paciente-femenino-sonriendo-clinica.Chd8lV4O_ZuDG8l.jpg (before: 713kB, after: 41kB) (+2.30s) (786/4055)
11:37:58   ▶ /_astro/problemas-dentales-hombre-revisando-sus-dientes-mirando-perturbado.B-NSJqPi_1BpUIP.avif (before: 538kB, after: 2kB) (+2.30s) (787/4055)
11:37:58   ▶ /_astro/shocked-young-caucasian-woman-puts-hands-mouth.B4CTk5VF_fQNzn.avif (before: 879kB, after: 10kB) (+3.34s) (788/4055)
11:37:58   ▶ /_astro/shutterstock_1718366740.B-fkAQU5_lRYpS.jpg (before: 546kB, after: 7kB) (+2.30s) (789/4055)
11:37:58   ▶ /_astro/toothbrush-composition.3MEH1Hfh_L8wfA.jpg (before: 1750kB, after: 15kB) (+2.30s) (790/4055)
11:37:58   ▶ /_astro/headshot-glad-woman-laughs-smiles-broadly.1jJ2XEcX_Z1mz3Nw.jpg (before: 1329kB, after: 27kB) (+2.30s) (791/4055)
11:37:58   ▶ /_astro/close-up-portrait-cute-kid-gray-pajamas-brushing-her-teeth.k4plXwGd_Z2fLOfz.avif (before: 817kB, after: 20kB) (+3.34s) (792/4055)
11:37:59   ▶ /_astro/dental-implants-surgery-concept-pen-tool-created-clipping-path-included-jpeg-easy-composite.CFR66Hja_Z1ifghE.avif (before: 348kB, after: 1kB) (+1.05s) (793/4055)
11:37:59   ▶ /_astro/chica-sintiendo-dolor-muelas-haciendo-muecas-dolor-mientras-muerde-manzana-verde.DKsEjpdJ_1mxt9y.jpg (before: 616kB, after: 58kB) (+1.05s) (794/4055)
11:37:59   ▶ /_astro/paciente-femenino-sonriendo-clinica.Chd8lV4O_Z1bmzLg.jpg (before: 713kB, after: 77kB) (+1.05s) (795/4055)
11:37:59   ▶ /_astro/aching-young-pretty-girl-touching-cheek-suffering-from-toothache.Bef5DCps_Z1qKU4p.avif (before: 1001kB, after: 18kB) (+3.35s) (796/4055)
11:37:59   ▶ /_astro/dentist-examining-female-patient-with-teeth-shades.zS7PqwaZ_j7jyQ.avif (before: 888kB, after: 15kB) (+3.35s) (797/4055)
11:37:59   ▶ /_astro/shutterstock_1718366740.B-fkAQU5_Z2wC4yg.jpg (before: 546kB, after: 13kB) (+1.05s) (798/4055)
11:37:59   ▶ /_astro/shocked-young-caucasian-woman-puts-hands-mouth.B4CTk5VF_GYxn2.jpg (before: 879kB, after: 64kB) (+1.05s) (799/4055)
11:37:59   ▶ /_astro/problemas-dentales-hombre-revisando-sus-dientes-mirando-perturbado.B-NSJqPi_Z4WLiA.avif (before: 538kB, after: 3kB) (+1.06s) (800/4055)
11:37:59   ▶ /_astro/headshot-glad-woman-laughs-smiles-broadly.1jJ2XEcX_18IQX.jpg (before: 1329kB, after: 55kB) (+1.06s) (801/4055)
11:38:01   ▶ /_astro/toothbrush-composition.3MEH1Hfh_Z1eUliy.jpg (before: 1750kB, after: 24kB) (+2.46s) (802/4055)
11:38:01   ▶ /_astro/beautiful-happy-fair-haired-european-woman-points-index-fingers-mouth-forces-cheerful-smile-shows-perfect-white-teeth-wears-green-jumper-being-good-mood-isolated-purple-background.Cebq-SwG_ZE1gRS.avif (before: 537kB, after: 31kB) (+4.75s) (803/4055)
11:38:01   ▶ /_astro/dental-implants-surgery-concept-pen-tool-created-clipping-path-included-jpeg-easy-composite.CFR66Hja_lJKgY.avif (before: 348kB, after: 2kB) (+1.41s) (804/4055)
11:38:01   ▶ /_astro/aching-young-pretty-girl-touching-cheek-suffering-from-toothache.Bef5DCps_bMUzd.avif (before: 1001kB, after: 1kB) (+1.41s) (805/4055)
11:38:01   ▶ /_astro/dentist-examining-female-patient-with-teeth-shades.zS7PqwaZ_Z15dGSL.avif (before: 888kB, after: 2kB) (+1.41s) (806/4055)
11:38:01   ▶ /_astro/shutterstock_1718366740.B-fkAQU5_Z1uH4dx.jpg (before: 546kB, after: 19kB) (+1.41s) (807/4055)
11:38:01   ▶ /_astro/paciente-femenino-sonriendo-clinica.Chd8lV4O_Z25jHuz.avif (before: 713kB, after: 10kB) (+1.41s) (808/4055)
11:38:01   ▶ /_astro/shocked-young-caucasian-woman-puts-hands-mouth.B4CTk5VF_Z179GTx.jpg (before: 879kB, after: 5kB) (+1.41s) (809/4055)
11:38:01   ▶ /_astro/chica-sintiendo-dolor-muelas-haciendo-muecas-dolor-mientras-muerde-manzana-verde.DKsEjpdJ_Z1OWX3R.avif (before: 616kB, after: 10kB) (+1.42s) (810/4055)
11:38:01   ▶ /_astro/headshot-glad-woman-laughs-smiles-broadly.1jJ2XEcX_Z1Xrx70.jpg (before: 1329kB, after: 88kB) (+2.31s) (811/4055)
11:38:01   ▶ /_astro/toothbrush-composition.3MEH1Hfh_2wcVPV.jpg (before: 1750kB, after: 45kB) (+904ms) (812/4055)
11:38:02   ▶ /_astro/problemas-dentales-hombre-revisando-sus-dientes-mirando-perturbado.B-NSJqPi_8fJz4.avif (before: 538kB, after: 4kB) (+2.42s) (813/4055)
11:38:02   ▶ /_astro/beautiful-happy-fair-haired-european-woman-points-index-fingers-mouth-forces-cheerful-smile-shows-perfect-white-teeth-wears-green-jumper-being-good-mood-isolated-purple-background.Cebq-SwG_ZAPChX.avif (before: 537kB, after: 2kB) (+1.02s) (814/4055)
11:38:02   ▶ /_astro/aching-young-pretty-girl-touching-cheek-suffering-from-toothache.Bef5DCps_1Pvvdh.avif (before: 1001kB, after: 3kB) (+1.02s) (815/4055)
11:38:02   ▶ /_astro/dental-implants-surgery-concept-pen-tool-created-clipping-path-included-jpeg-easy-composite.CFR66Hja_2uyKj7.avif (before: 348kB, after: 3kB) (+1.02s) (816/4055)
11:38:02   ▶ /_astro/dentist-examining-female-patient-with-teeth-shades.zS7PqwaZ_28bobH.avif (before: 888kB, after: 4kB) (+1.02s) (817/4055)
11:38:02   ▶ /_astro/shocked-young-caucasian-woman-puts-hands-mouth.B4CTk5VF_1fu0EQ.jpg (before: 879kB, after: 9kB) (+1.02s) (818/4055)
11:38:02   ▶ /_astro/paciente-femenino-sonriendo-clinica.Chd8lV4O_12FDRN.avif (before: 713kB, after: 3kB) (+1.35s) (819/4055)
11:38:03   ▶ /_astro/chica-sintiendo-dolor-muelas-haciendo-muecas-dolor-mientras-muerde-manzana-verde.DKsEjpdJ_ZIhDIb.avif (before: 616kB, after: 2kB) (+2.18s) (820/4055)
11:38:03   ▶ /_astro/headshot-glad-woman-laughs-smiles-broadly.1jJ2XEcX_19QGmB.jpg (before: 1329kB, after: 172kB) (+1.28s) (821/4055)
11:38:03   ▶ /_astro/toothbrush-composition.3MEH1Hfh_1AReMT.jpg (before: 1750kB, after: 72kB) (+1.45s) (822/4055)
11:38:03   ▶ /_astro/close-up-portrait-cute-kid-gray-pajamas-brushing-her-teeth.k4plXwGd_VNOTX.avif (before: 817kB, after: 32kB) (+4.81s) (823/4055)
11:38:03   ▶ /_astro/beautiful-happy-fair-haired-european-woman-points-index-fingers-mouth-forces-cheerful-smile-shows-perfect-white-teeth-wears-green-jumper-being-good-mood-isolated-purple-background.Cebq-SwG_Z12IcQ7.avif (before: 537kB, after: 3kB) (+1.33s) (824/4055)
11:38:03   ▶ /_astro/problemas-dentales-hombre-revisando-sus-dientes-mirando-perturbado.B-NSJqPi_ZxitNP.avif (before: 538kB, after: 6kB) (+1.33s) (825/4055)
11:38:03   ▶ /_astro/aching-young-pretty-girl-touching-cheek-suffering-from-toothache.Bef5DCps_ARuGR.avif (before: 1001kB, after: 4kB) (+1.33s) (826/4055)
11:38:03   ▶ /_astro/young-man-feeling-sick-holding-his-chest-pain-while-drinking-tea-living-room.DD-iatK2_55PHQ.avif (before: 311kB, after: 24kB) (+2.35s) (827/4055)
11:38:03   ▶ /_astro/shocked-young-caucasian-woman-puts-hands-mouth.B4CTk5VF_IQaxt.jpg (before: 879kB, after: 14kB) (+1.42s) (828/4055)
11:38:04   ▶ /_astro/dental-implants-surgery-concept-pen-tool-created-clipping-path-included-jpeg-easy-composite.CFR66Hja_18bAPe.avif (before: 348kB, after: 5kB) (+2.48s) (829/4055)
11:38:04   ▶ /_astro/dentist-examining-female-patient-with-teeth-shades.zS7PqwaZ_1vNgH1.avif (before: 888kB, after: 5kB) (+2.48s) (830/4055)
11:38:04   ▶ /_astro/close-up-portrait-cute-kid-gray-pajamas-brushing-her-teeth.k4plXwGd_1L9TdB.jpg (before: 817kB, after: 122kB) (+1.30s) (831/4055)
11:38:04   ▶ /_astro/paciente-femenino-sonriendo-clinica.Chd8lV4O_Z2ch3Tz.avif (before: 713kB, after: 4kB) (+2.30s) (832/4055)
11:38:04   ▶ /_astro/problemas-dentales-hombre-revisando-sus-dientes-mirando-perturbado.B-NSJqPi_LOG5Q.jpg (before: 538kB, after: 42kB) (+1.31s) (833/4055)
11:38:04   ▶ /_astro/chica-sintiendo-dolor-muelas-haciendo-muecas-dolor-mientras-muerde-manzana-verde.DKsEjpdJ_Z2x1cVN.avif (before: 616kB, after: 3kB) (+1.47s) (834/4055)
11:38:04   ▶ /_astro/beautiful-happy-fair-haired-european-woman-points-index-fingers-mouth-forces-cheerful-smile-shows-perfect-white-teeth-wears-green-jumper-being-good-mood-isolated-purple-background.Cebq-SwG_Z275v2F.avif (before: 537kB, after: 4kB) (+1.31s) (835/4055)
11:38:04   ▶ /_astro/young-man-feeling-sick-holding-his-chest-pain-while-drinking-tea-living-room.DD-iatK2_eS2EJ.avif (before: 311kB, after: 8kB) (+1.41s) (836/4055)
11:38:04   ▶ /_astro/headshot-glad-woman-laughs-smiles-broadly.1jJ2XEcX_1n7ESA.avif (before: 1329kB, after: 31kB) (+1.58s) (837/4055)
11:38:05   ▶ /_astro/aching-young-pretty-girl-touching-cheek-suffering-from-toothache.Bef5DCps_zqR2t.avif (before: 1001kB, after: 7kB) (+2.46s) (838/4055)
11:38:05   ▶ /_astro/shocked-young-caucasian-woman-puts-hands-mouth.B4CTk5VF_Z1Jzdkn.jpg (before: 879kB, after: 26kB) (+2.37s) (839/4055)
11:38:06   ▶ /_astro/close-up-portrait-cute-kid-gray-pajamas-brushing-her-teeth.k4plXwGd_Z1FUfMt.jpg (before: 817kB, after: 17kB) (+1.49s) (840/4055)
11:38:06   ▶ /_astro/paciente-femenino-sonriendo-clinica.Chd8lV4O_Z2mm10f.avif (before: 713kB, after: 6kB) (+1.49s) (841/4055)
11:38:06   ▶ /_astro/problemas-dentales-hombre-revisando-sus-dientes-mirando-perturbado.B-NSJqPi_Z1gjsBY.jpg (before: 538kB, after: 5kB) (+1.49s) (842/4055)
11:38:06   ▶ /_astro/dentist-examining-female-patient-with-teeth-shades.zS7PqwaZ_He3o6.avif (before: 888kB, after: 8kB) (+1.65s) (843/4055)
11:38:06   ▶ /_astro/dental-implants-surgery-concept-pen-tool-created-clipping-path-included-jpeg-easy-composite.CFR66Hja_2TLSH.avif (before: 348kB, after: 7kB) (+1.65s) (844/4055)
11:38:06   ▶ /_astro/extreme-close-up-mixed-race-handsome-man-has-trendy-hairdo-smiles-pleasantly-blinks-eye.KJNogYu9_ZbNYJq.avif (before: 570kB, after: 23kB) (+3.11s) (845/4055)
11:38:06   ▶ /_astro/chica-sintiendo-dolor-muelas-haciendo-muecas-dolor-mientras-muerde-manzana-verde.DKsEjpdJ_238SlE.avif (before: 616kB, after: 4kB) (+1.80s) (846/4055)
11:38:07   ▶ /_astro/headshot-glad-woman-laughs-smiles-broadly.1jJ2XEcX_1Vewdt.avif (before: 1329kB, after: 6kB) (+2.72s) (847/4055)
11:38:07   ▶ /_astro/young-man-feeling-sick-holding-his-chest-pain-while-drinking-tea-living-room.DD-iatK2_ZS69ms.avif (before: 311kB, after: 13kB) (+2.72s) (848/4055)
11:38:07   ▶ /_astro/beautiful-happy-fair-haired-european-woman-points-index-fingers-mouth-forces-cheerful-smile-shows-perfect-white-teeth-wears-green-jumper-being-good-mood-isolated-purple-background.Cebq-SwG_17pTMn.avif (before: 537kB, after: 8kB) (+2.91s) (849/4055)
11:38:07   ▶ /_astro/shocked-young-caucasian-woman-puts-hands-mouth.B4CTk5VF_1SK5xI.jpg (before: 879kB, after: 43kB) (+1.75s) (850/4055)
11:38:07   ▶ /_astro/close-up-portrait-cute-kid-gray-pajamas-brushing-her-teeth.k4plXwGd_ZD5LMB.jpg (before: 817kB, after: 34kB) (+1.42s) (851/4055)
11:38:07   ▶ /_astro/problemas-dentales-hombre-revisando-sus-dientes-mirando-perturbado.B-NSJqPi_27tX9w.jpg (before: 538kB, after: 10kB) (+1.43s) (852/4055)
11:38:07   ▶ /_astro/dental-implants-surgery-concept-pen-tool-created-clipping-path-included-jpeg-easy-composite.CFR66Hja_8Xk4K.jpg (before: 348kB, after: 44kB) (+1.42s) (853/4055)
11:38:08   ▶ /_astro/paciente-femenino-sonriendo-clinica.Chd8lV4O_2mzP4b.avif (before: 713kB, after: 8kB) (+2.04s) (854/4055)
11:38:08   ▶ /_astro/extreme-close-up-mixed-race-handsome-man-has-trendy-hairdo-smiles-pleasantly-blinks-eye.KJNogYu9_Zsi7VS.avif (before: 570kB, after: 6kB) (+1.73s) (855/4055)
11:38:09   ▶ /_astro/chica-sintiendo-dolor-muelas-haciendo-muecas-dolor-mientras-muerde-manzana-verde.DKsEjpdJ_Zl02CA.avif (before: 616kB, after: 7kB) (+2.63s) (856/4055)
11:38:09   ▶ /_astro/headshot-glad-woman-laughs-smiles-broadly.1jJ2XEcX_1JtIFB.avif (before: 1329kB, after: 10kB) (+1.60s) (857/4055)
11:38:09   ▶ /_astro/dentist-examining-female-patient-with-teeth-shades.zS7PqwaZ_Z20o0dP.avif (before: 888kB, after: 12kB) (+3.49s) (858/4055)
11:38:09   ▶ /_astro/close-up-portrait-cute-kid-gray-pajamas-brushing-her-teeth.k4plXwGd_ZcNO86.jpg (before: 817kB, after: 54kB) (+2.07s) (859/4055)
11:38:09   ▶ /_astro/aching-young-pretty-girl-touching-cheek-suffering-from-toothache.Bef5DCps_Z1x94Fr.avif (before: 1001kB, after: 12kB) (+3.83s) (860/4055)
11:38:09   ▶ /_astro/dental-implants-surgery-concept-pen-tool-created-clipping-path-included-jpeg-easy-composite.CFR66Hja_Z2mL6tw.jpg (before: 348kB, after: 4kB) (+2.07s) (861/4055)
11:38:09   ▶ /_astro/problemas-dentales-hombre-revisando-sus-dientes-mirando-perturbado.B-NSJqPi_2kHu2b.jpg (before: 538kB, after: 16kB) (+2.16s) (862/4055)
11:38:09   ▶ /_astro/paciente-femenino-sonriendo-clinica.Chd8lV4O_1Kyxda.jpg (before: 713kB, after: 50kB) (+1.55s) (863/4055)
11:38:09   ▶ /_astro/extreme-close-up-mixed-race-handsome-man-has-trendy-hairdo-smiles-pleasantly-blinks-eye.KJNogYu9_ZhX7lO.avif (before: 570kB, after: 11kB) (+1.55s) (864/4055)
11:38:10   ▶ /_astro/young-man-feeling-sick-holding-his-chest-pain-while-drinking-tea-living-room.DD-iatK2_1b5iyd.avif (before: 311kB, after: 19kB) (+2.80s) (865/4055)
11:38:10   ▶ /_astro/chica-sintiendo-dolor-muelas-haciendo-muecas-dolor-mientras-muerde-manzana-verde.DKsEjpdJ_fm0II.jpg (before: 616kB, after: 41kB) (+1.20s) (866/4055)
11:38:10   ▶ /_astro/dentist-examining-female-patient-with-teeth-shades.zS7PqwaZ_Z137ScD.jpg (before: 888kB, after: 87kB) (+675ms) (867/4055)
11:38:10   ▶ /_astro/close-up-portrait-cute-kid-gray-pajamas-brushing-her-teeth.k4plXwGd_Z1DLXUr.jpg (before: 817kB, after: 104kB) (+675ms) (868/4055)
11:38:10   ▶ /_astro/beautiful-happy-fair-haired-european-woman-points-index-fingers-mouth-forces-cheerful-smile-shows-perfect-white-teeth-wears-green-jumper-being-good-mood-isolated-purple-background.Cebq-SwG_N0Awi.avif (before: 537kB, after: 16kB) (+2.75s) (869/4055)
11:38:10   ▶ /_astro/aching-young-pretty-girl-touching-cheek-suffering-from-toothache.Bef5DCps_KFOnH.jpg (before: 1001kB, after: 83kB) (+675ms) (870/4055)
11:38:10   ▶ /_astro/headshot-glad-woman-laughs-smiles-broadly.1jJ2XEcX_1bcEAf.avif (before: 1329kB, after: 15kB) (+1.31s) (871/4055)
11:38:10   ▶ /_astro/dental-implants-surgery-concept-pen-tool-created-clipping-path-included-jpeg-easy-composite.CFR66Hja_ZHL4TS.jpg (before: 348kB, after: 8kB) (+747ms) (872/4055)
11:38:10   ▶ /_astro/paciente-femenino-sonriendo-clinica.Chd8lV4O_1YhNFC.jpg (before: 713kB, after: 7kB) (+659ms) (873/4055)
11:38:11   ▶ /_astro/young-man-feeling-sick-holding-his-chest-pain-while-drinking-tea-living-room.DD-iatK2_HnLTN.jpg (before: 311kB, after: 68kB) (+807ms) (874/4055)
11:38:11   ▶ /_astro/problemas-dentales-hombre-revisando-sus-dientes-mirando-perturbado.B-NSJqPi_1FcIOz.jpg (before: 538kB, after: 30kB) (+1.36s) (875/4055)
11:38:11   ▶ /_astro/dentist-examining-female-patient-with-teeth-shades.zS7PqwaZ_b8BFc.jpg (before: 888kB, after: 7kB) (+944ms) (876/4055)
11:38:11   ▶ /_astro/chica-sintiendo-dolor-muelas-haciendo-muecas-dolor-mientras-muerde-manzana-verde.DKsEjpdJ_ZEb6j0.jpg (before: 616kB, after: 5kB) (+974ms) (877/4055)
11:38:11   ▶ /_astro/beautiful-happy-fair-haired-european-woman-points-index-fingers-mouth-forces-cheerful-smile-shows-perfect-white-teeth-wears-green-jumper-being-good-mood-isolated-purple-background.Cebq-SwG_Z1gv79J.jpg (before: 537kB, after: 101kB) (+944ms) (878/4055)
11:38:11   ▶ /_astro/aching-young-pretty-girl-touching-cheek-suffering-from-toothache.Bef5DCps_1faPRE.jpg (before: 1001kB, after: 5kB) (+944ms) (879/4055)
11:38:11   ▶ /_astro/scared-blond-woman-biting-nails-fingers-panic-afraid-something-scary-trembling-from-fear-while-standing-anxious-against-white-wall.DgGR5sJz_1184tN.avif (before: 271kB, after: 25kB) (+3.79s) (880/4055)
11:38:11   ▶ /_astro/dental-implants-surgery-concept-pen-tool-created-clipping-path-included-jpeg-easy-composite.CFR66Hja_1q2U7f.jpg (before: 348kB, after: 12kB) (+963ms) (881/4055)
11:38:11   ▶ /_astro/paciente-femenino-sonriendo-clinica.Chd8lV4O_Z1fET6K.jpg (before: 713kB, after: 13kB) (+964ms) (882/4055)
11:38:12   ▶ /_astro/young-man-feeling-sick-holding-his-chest-pain-while-drinking-tea-living-room.DD-iatK2_RaXQG.jpg (before: 311kB, after: 19kB) (+1.08s) (883/4055)
11:38:12   ▶ /_astro/dentist-examining-female-patient-with-teeth-shades.zS7PqwaZ_Z1FDq3g.jpg (before: 888kB, after: 13kB) (+977ms) (884/4055)
11:38:12   ▶ /_astro/chica-sintiendo-dolor-muelas-haciendo-muecas-dolor-mientras-muerde-manzana-verde.DKsEjpdJ_Z2sTEwC.jpg (before: 616kB, after: 9kB) (+977ms) (885/4055)
11:38:12   ▶ /_astro/close-up-portrait-cute-kid-gray-pajamas-brushing-her-teeth.k4plXwGd_ejVqn.avif (before: 817kB, after: 19kB) (+1.92s) (886/4055)
11:38:12   ▶ /_astro/headshot-glad-woman-laughs-smiles-broadly.1jJ2XEcX_1b3Cpy.avif (before: 1329kB, after: 23kB) (+1.85s) (887/4055)
11:38:12   ▶ /_astro/beautiful-happy-fair-haired-european-woman-points-index-fingers-mouth-forces-cheerful-smile-shows-perfect-white-teeth-wears-green-jumper-being-good-mood-isolated-purple-background.Cebq-SwG_202R9e.jpg (before: 537kB, after: 4kB) (+977ms) (888/4055)
11:38:12   ▶ /_astro/aching-young-pretty-girl-touching-cheek-suffering-from-toothache.Bef5DCps_Z2biHid.jpg (before: 1001kB, after: 9kB) (+1.07s) (889/4055)
11:38:12   ▶ /_astro/extreme-close-up-mixed-race-handsome-man-has-trendy-hairdo-smiles-pleasantly-blinks-eye.KJNogYu9_Z2660dE.avif (before: 570kB, after: 18kB) (+2.60s) (890/4055)
11:38:12   ▶ /_astro/dental-implants-surgery-concept-pen-tool-created-clipping-path-included-jpeg-easy-composite.CFR66Hja_Z1DMxh6.jpg (before: 348kB, after: 22kB) (+976ms) (891/4055)
11:38:12   ▶ /_astro/paciente-femenino-sonriendo-clinica.Chd8lV4O_Z1pJQcq.jpg (before: 713kB, after: 20kB) (+1.23s) (892/4055)
11:38:12   ▶ /_astro/young-man-feeling-sick-holding-his-chest-pain-while-drinking-tea-living-room.DD-iatK2_ZfNdav.jpg (before: 311kB, after: 35kB) (+407ms) (893/4055)
11:38:12   ▶ /_astro/scared-blond-woman-biting-nails-fingers-panic-afraid-something-scary-trembling-from-fear-while-standing-anxious-against-white-wall.DgGR5sJz_16BhqA.avif (before: 271kB, after: 8kB) (+1.23s) (894/4055)
11:38:12   ▶ /_astro/shutterstock_1224151894.CWpwefbE_151mLL.avif (before: 488kB, after: 12kB) (+1.50s) (895/4055)
11:38:12   ▶ /_astro/headshot-glad-woman-laughs-smiles-broadly.1jJ2XEcX_ZJxw7D.jpg (before: 1329kB, after: 95kB) (+354ms) (896/4055)
11:38:12   ▶ /_astro/chica-sintiendo-dolor-muelas-haciendo-muecas-dolor-mientras-muerde-manzana-verde.DKsEjpdJ_27fqKP.jpg (before: 616kB, after: 14kB) (+357ms) (897/4055)
11:38:12   ▶ /_astro/beautiful-happy-fair-haired-european-woman-points-index-fingers-mouth-forces-cheerful-smile-shows-perfect-white-teeth-wears-green-jumper-being-good-mood-isolated-purple-background.Cebq-SwG_1yahA5.jpg (before: 537kB, after: 9kB) (+484ms) (898/4055)
11:38:12   ▶ /_astro/dentist-examining-female-patient-with-teeth-shades.zS7PqwaZ_Z2i1xwW.jpg (before: 888kB, after: 21kB) (+489ms) (899/4055)
11:38:12   ▶ /_astro/extreme-close-up-mixed-race-handsome-man-has-trendy-hairdo-smiles-pleasantly-blinks-eye.KJNogYu9_hYLuO.jpg (before: 570kB, after: 77kB) (+393ms) (900/4055)
11:38:13   ▶ /_astro/close-up-portrait-cute-kid-gray-pajamas-brushing-her-teeth.k4plXwGd_QxAju.avif (before: 817kB, after: 4kB) (+872ms) (901/4055)
11:38:13   ▶ /_astro/aching-young-pretty-girl-touching-cheek-suffering-from-toothache.Bef5DCps_1Efq0j.jpg (before: 1001kB, after: 15kB) (+782ms) (902/4055)
11:38:13   ▶ /_astro/paciente-femenino-sonriendo-clinica.Chd8lV4O_18gVWY.jpg (before: 713kB, after: 36kB) (+531ms) (903/4055)
11:38:13   ▶ /_astro/young-man-feeling-sick-holding-his-chest-pain-while-drinking-tea-living-room.DD-iatK2_1NneKa.jpg (before: 311kB, after: 56kB) (+531ms) (904/4055)
11:38:13   ▶ /_astro/dental-implants-surgery-concept-pen-tool-created-clipping-path-included-jpeg-easy-composite.CFR66Hja_2l7LAj.jpg (before: 348kB, after: 35kB) (+787ms) (905/4055)
11:38:13   ▶ /_astro/headshot-glad-woman-laughs-smiles-broadly.1jJ2XEcX_Z2o6Okz.jpg (before: 1329kB, after: 11kB) (+569ms) (906/4055)
11:38:13   ▶ /_astro/chica-sintiendo-dolor-muelas-haciendo-muecas-dolor-mientras-muerde-manzana-verde.DKsEjpdJ_1JjVa0.jpg (before: 616kB, after: 28kB) (+612ms) (907/4055)
11:38:13   ▶ /_astro/beautiful-happy-fair-haired-european-woman-points-index-fingers-mouth-forces-cheerful-smile-shows-perfect-white-teeth-wears-green-jumper-being-good-mood-isolated-purple-background.Cebq-SwG_tMYow.jpg (before: 537kB, after: 15kB) (+483ms) (908/4055)
11:38:13   ▶ /_astro/shutterstock_1224151894.CWpwefbE_Z1zErjM.avif (before: 488kB, after: 5kB) (+616ms) (909/4055)
11:38:13   ▶ /_astro/extreme-close-up-mixed-race-handsome-man-has-trendy-hairdo-smiles-pleasantly-blinks-eye.KJNogYu9_1vDim.jpg (before: 570kB, after: 17kB) (+912ms) (910/4055)
11:38:13   ▶ /_astro/dentist-examining-female-patient-with-teeth-shades.zS7PqwaZ_ZE19no.jpg (before: 888kB, after: 39kB) (+913ms) (911/4055)
11:38:13   ▶ /_astro/aching-young-pretty-girl-touching-cheek-suffering-from-toothache.Bef5DCps_Z2iiwjl.jpg (before: 1001kB, after: 30kB) (+758ms) (912/4055)
11:38:14   ▶ /_astro/scared-blond-woman-biting-nails-fingers-panic-afraid-something-scary-trembling-from-fear-while-standing-anxious-against-white-wall.DgGR5sJz_y4pAe.avif (before: 271kB, after: 14kB) (+1.56s) (913/4055)
11:38:14   ▶ /_astro/headshot-glad-woman-laughs-smiles-broadly.1jJ2XEcX_2ukvVu.jpg (before: 1329kB, after: 22kB) (+1000ms) (914/4055)
11:38:14   ▶ /_astro/close-up-portrait-cute-kid-gray-pajamas-brushing-her-teeth.k4plXwGd_2rOSxB.avif (before: 817kB, after: 6kB) (+1.05s) (915/4055)
11:38:14   ▶ /_astro/beautiful-happy-fair-haired-european-woman-points-index-fingers-mouth-forces-cheerful-smile-shows-perfect-white-teeth-wears-green-jumper-being-good-mood-isolated-purple-background.Cebq-SwG_uV4vw.jpg (before: 537kB, after: 33kB) (+957ms) (916/4055)
11:38:14   ▶ /_astro/young-man-feeling-sick-holding-his-chest-pain-while-drinking-tea-living-room.DD-iatK2_Z1EUrwk.avif (before: 311kB, after: 15kB) (+1.14s) (917/4055)
11:38:14   ▶ /_astro/shutterstock_1224151894.CWpwefbE_Z9SuBC.avif (before: 488kB, after: 8kB) (+1.04s) (918/4055)
11:38:14   ▶ /_astro/extreme-close-up-mixed-race-handsome-man-has-trendy-hairdo-smiles-pleasantly-blinks-eye.KJNogYu9_bPDSq.jpg (before: 570kB, after: 37kB) (+1.00s) (919/4055)
11:38:14   ▶ /_astro/girl-smiling-choosing-veneers.C0O1d64S_DcBq.avif (before: 159kB, after: 6kB) (+1.52s) (920/4055)
11:38:14   ▶ /_astro/shutterstock_285790634.CRT9yE-w_ZbcuxG.avif (before: 198kB, after: 13kB) (+1.83s) (921/4055)
11:38:15   ▶ /_astro/dentist-examining-female-patient-with-teeth-shades.zS7PqwaZ_1HxUNB.jpg (before: 888kB, after: 61kB) (+1.58s) (922/4055)
11:38:15   ▶ /_astro/aching-young-pretty-girl-touching-cheek-suffering-from-toothache.Bef5DCps_EiELF.jpg (before: 1001kB, after: 52kB) (+1.40s) (923/4055)
11:38:15   ▶ /_astro/headshot-glad-woman-laughs-smiles-broadly.1jJ2XEcX_1V3rQ8.jpg (before: 1329kB, after: 35kB) (+1.10s) (924/4055)
11:38:15   ▶ /_astro/beautiful-happy-fair-haired-european-woman-points-index-fingers-mouth-forces-cheerful-smile-shows-perfect-white-teeth-wears-green-jumper-being-good-mood-isolated-purple-background.Cebq-SwG_bvKfr.jpg (before: 537kB, after: 61kB) (+1.10s) (925/4055)
11:38:15   ▶ /_astro/teethgrinding.B-bYBi2V_aRlmO.avif (before: 23kB, after: 13kB) (+2.33s) (926/4055)
11:38:15   ▶ /_astro/close-up-portrait-cute-kid-gray-pajamas-brushing-her-teeth.k4plXwGd_ZsoCiv.avif (before: 817kB, after: 9kB) (+1.37s) (927/4055)
11:38:15   ▶ /_astro/young-man-feeling-sick-holding-his-chest-pain-while-drinking-tea-living-room.DD-iatK2_ZLB0Ke.avif (before: 311kB, after: 4kB) (+1.35s) (928/4055)
11:38:15   ▶ /_astro/extreme-close-up-mixed-race-handsome-man-has-trendy-hairdo-smiles-pleasantly-blinks-eye.KJNogYu9_Z1BhdXp.jpg (before: 570kB, after: 62kB) (+961ms) (929/4055)
11:38:15   ▶ /_astro/girl-smiling-choosing-veneers.C0O1d64S_Z17UuLF.avif (before: 159kB, after: 5kB) (+1.05s) (930/4055)
11:38:17   ▶ /_astro/shutterstock_285790634.CRT9yE-w_osEKg.avif (before: 198kB, after: 10kB) (+2.39s) (931/4055)
11:38:17   ▶ /_astro/headshot-glad-woman-laughs-smiles-broadly.1jJ2XEcX_ZVByAF.jpg (before: 1329kB, after: 66kB) (+2.09s) (932/4055)
11:38:17   ▶ /_astro/teethgrinding.B-bYBi2V_xfJbL.avif (before: 23kB, after: 4kB) (+1.82s) (933/4055)
11:38:17   ▶ /_astro/shutterstock_1224151894.CWpwefbE_28fOhP.avif (before: 488kB, after: 11kB) (+3.11s) (934/4055)
11:38:17   ▶ /_astro/scared-blond-woman-biting-nails-fingers-panic-afraid-something-scary-trembling-from-fear-while-standing-anxious-against-white-wall.DgGR5sJz_Zgg2rt.avif (before: 271kB, after: 21kB) (+3.21s) (935/4055)
11:38:17   ▶ /_astro/Toothache.e-LyfB2L_hRNj3.avif (before: 25kB, after: 17kB) (+2.14s) (936/4055)
11:38:17   ▶ /_astro/close-up-portrait-cute-kid-gray-pajamas-brushing-her-teeth.k4plXwGd_ItNPh.avif (before: 817kB, after: 14kB) (+1.84s) (937/4055)
11:38:17   ▶ /_astro/dentist-1.BzExywwc_Z1tspmA.avif (before: 29kB, after: 19kB) (+2.11s) (938/4055)
11:38:17   ▶ /_astro/girl-smiling-choosing-veneers.C0O1d64S_nRxoQ.jpg (before: 159kB, after: 17kB) (+1.69s) (939/4055)
11:38:17   ▶ /_astro/shutterstock_285790634.CRT9yE-w_Z23r8FS.jpg (before: 198kB, after: 25kB) (+503ms) (940/4055)
11:38:18   ▶ /_astro/young-man-feeling-sick-holding-his-chest-pain-while-drinking-tea-living-room.DD-iatK2_Z11Ri6C.avif (before: 311kB, after: 7kB) (+2.51s) (941/4055)
11:38:18   ▶ /_astro/shutterstock_1224151894.CWpwefbE_1AvKP9.jpg (before: 488kB, after: 48kB) (+750ms) (942/4055)
11:38:18   ▶ /_astro/scared-blond-woman-biting-nails-fingers-panic-afraid-something-scary-trembling-from-fear-while-standing-anxious-against-white-wall.DgGR5sJz_ZnFID.jpg (before: 271kB, after: 67kB) (+750ms) (943/4055)
11:38:18   ▶ /_astro/extreme-close-up-mixed-race-handsome-man-has-trendy-hairdo-smiles-pleasantly-blinks-eye.KJNogYu9_1TmmJi.avif (before: 570kB, after: 13kB) (+2.51s) (944/4055)
11:38:18   ▶ /_astro/close-up-portrait-cute-kid-gray-pajamas-brushing-her-teeth.k4plXwGd_Z2mgRp2.jpg (before: 817kB, after: 66kB) (+758ms) (945/4055)
11:38:18   ▶ /_astro/teethgrinding.B-bYBi2V_ZH7oQ1.avif (before: 23kB, after: 7kB) (+775ms) (946/4055)
11:38:18   ▶ /_astro/dentist-1.BzExywwc_Z17Xtyw.avif (before: 29kB, after: 7kB) (+759ms) (947/4055)
11:38:18   ▶ /_astro/girl-smiling-choosing-veneers.C0O1d64S_ZJG9Yf.jpg (before: 159kB, after: 14kB) (+759ms) (948/4055)
11:38:18   ▶ /_astro/shutterstock_285790634.CRT9yE-w_Z1sKXmV.jpg (before: 198kB, after: 20kB) (+736ms) (949/4055)
11:38:18   ▶ /_astro/Toothache.e-LyfB2L_DmJ77.avif (before: 25kB, after: 5kB) (+1.48s) (950/4055)
11:38:18   ▶ /_astro/scared-blond-woman-biting-nails-fingers-panic-afraid-something-scary-trembling-from-fear-while-standing-anxious-against-white-wall.DgGR5sJz_55wd9.jpg (before: 271kB, after: 17kB) (+738ms) (951/4055)
11:38:18   ▶ /_astro/shutterstock_1224151894.CWpwefbE_Z14a3gp.jpg (before: 488kB, after: 15kB) (+738ms) (952/4055)
11:38:18   ▶ /_astro/Tooth-ache.DVfBhUxd_sfdBn.avif (before: 48kB, after: 16kB) (+3.58s) (953/4055)
11:38:18   ▶ /_astro/extreme-close-up-mixed-race-handsome-man-has-trendy-hairdo-smiles-pleasantly-blinks-eye.KJNogYu9_vpXMM.avif (before: 570kB, after: 3kB) (+738ms) (954/4055)
11:38:18   ▶ /_astro/young-man-feeling-sick-holding-his-chest-pain-while-drinking-tea-living-room.DD-iatK2_1Gu7q3.avif (before: 311kB, after: 10kB) (+740ms) (955/4055)
11:38:18   ▶ /_astro/close-up-portrait-cute-kid-gray-pajamas-brushing-her-teeth.k4plXwGd_Z2aFxmX.jpg (before: 817kB, after: 7kB) (+737ms) (956/4055)
11:38:19   ▶ /_astro/Job-interview.hMF9NZDg_1s9sj7.avif (before: 76kB, after: 15kB) (+1.84s) (957/4055)
11:38:19   ▶ /_astro/girl-smiling-choosing-veneers.C0O1d64S_2amQ68.avif (before: 159kB, after: 2kB) (+1.52s) (958/4055)
11:38:19   ▶ /_astro/shutterstock_285790634.CRT9yE-w_1vWyYS.avif (before: 198kB, after: 7kB) (+1.10s) (959/4055)
11:38:19   ▶ /_astro/dentist-1.BzExywwc_22ODOt.avif (before: 29kB, after: 11kB) (+1.54s) (960/4055)
11:38:19   ▶ /_astro/shutterstock_1224151894.CWpwefbE_lASqK.jpg (before: 488kB, after: 27kB) (+833ms) (961/4055)
11:38:19   ▶ /_astro/scared-blond-woman-biting-nails-fingers-panic-afraid-something-scary-trembling-from-fear-while-standing-anxious-against-white-wall.DgGR5sJz_ZsrkCd.jpg (before: 271kB, after: 33kB) (+835ms) (962/4055)
11:38:19   ▶ /_astro/Toothache.e-LyfB2L_Z1g1giO.avif (before: 25kB, after: 9kB) (+838ms) (963/4055)
11:38:19   ▶ /_astro/young-man-feeling-sick-holding-his-chest-pain-while-drinking-tea-living-room.DD-iatK2_2wAb5l.jpg (before: 311kB, after: 40kB) (+833ms) (964/4055)
11:38:19   ▶ /_astro/extreme-close-up-mixed-race-handsome-man-has-trendy-hairdo-smiles-pleasantly-blinks-eye.KJNogYu9_ZJrQXR.avif (before: 570kB, after: 5kB) (+869ms) (965/4055)
11:38:19   ▶ /_astro/Tooth-ache.DVfBhUxd_Z1yb5Lv.avif (before: 48kB, after: 6kB) (+977ms) (966/4055)
11:38:20   ▶ /_astro/close-up-portrait-cute-kid-gray-pajamas-brushing-her-teeth.k4plXwGd_Zzof8Q.jpg (before: 817kB, after: 15kB) (+1.22s) (967/4055)
11:38:20   ▶ /_astro/teethgrinding.B-bYBi2V_ZVSb6U.avif (before: 23kB, after: 10kB) (+2.54s) (968/4055)
11:38:20   ▶ /_astro/girl-smiling-choosing-veneers.C0O1d64S_Z1SvRXt.avif (before: 159kB, after: 2kB) (+1.02s) (969/4055)
11:38:20   ▶ /_astro/shutterstock_1224151894.CWpwefbE_Z2qqUsI.jpg (before: 488kB, after: 41kB) (+999ms) (970/4055)
11:38:20   ▶ /_astro/shutterstock_285790634.CRT9yE-w_Z1hwq2X.avif (before: 198kB, after: 5kB) (+1.00s) (971/4055)
11:38:20   ▶ /_astro/Job-interview.hMF9NZDg_1FcTBQ.avif (before: 76kB, after: 7kB) (+1.48s) (972/4055)
11:38:20   ▶ /_astro/scared-blond-woman-biting-nails-fingers-panic-afraid-something-scary-trembling-from-fear-while-standing-anxious-against-white-wall.DgGR5sJz_Z1hLMEU.jpg (before: 271kB, after: 54kB) (+1.00s) (973/4055)
11:38:20   ▶ /_astro/young-man-feeling-sick-holding-his-chest-pain-while-drinking-tea-living-room.DD-iatK2_Z9j4yh.jpg (before: 311kB, after: 9kB) (+1.15s) (974/4055)
11:38:20   ▶ /_astro/extreme-close-up-mixed-race-handsome-man-has-trendy-hairdo-smiles-pleasantly-blinks-eye.KJNogYu9_Bu90e.avif (before: 570kB, after: 8kB) (+1.18s) (975/4055)
11:38:21   ▶ /_astro/close-up-portrait-cute-kid-gray-pajamas-brushing-her-teeth.k4plXwGd_1zymNX.jpg (before: 817kB, after: 24kB) (+1.43s) (976/4055)
11:38:21   ▶ /_astro/Tooth-ache.DVfBhUxd_Z1HwVPn.avif (before: 48kB, after: 9kB) (+1.70s) (977/4055)
11:38:21   ▶ /_astro/teethgrinding.B-bYBi2V_1pqfi2.jpg (before: 23kB, after: 29kB) (+852ms) (978/4055)
11:38:21   ▶ /_astro/girl-smiling-choosing-veneers.C0O1d64S_Z2wzVUn.jpg (before: 159kB, after: 7kB) (+850ms) (979/4055)
11:38:21   ▶ /_astro/shutterstock_285790634.CRT9yE-w_Zlh48j.jpg (before: 198kB, after: 13kB) (+848ms) (980/4055)
11:38:21   ▶ /_astro/dentist-1.BzExywwc_Z4YuP4.avif (before: 29kB, after: 15kB) (+1.85s) (981/4055)
11:38:21   ▶ /_astro/shutterstock_1224151894.CWpwefbE_ZQltYJ.avif (before: 488kB, after: 9kB) (+852ms) (982/4055)
11:38:21   ▶ /_astro/young-man-feeling-sick-holding-his-chest-pain-while-drinking-tea-living-room.DD-iatK2_ZozlTF.jpg (before: 311kB, after: 17kB) (+741ms) (983/4055)
11:38:21   ▶ /_astro/Job-interview.hMF9NZDg_pOKz4.avif (before: 76kB, after: 11kB) (+1.01s) (984/4055)
11:38:21   ▶ /_astro/extreme-close-up-mixed-race-handsome-man-has-trendy-hairdo-smiles-pleasantly-blinks-eye.KJNogYu9_1N3W27.jpg (before: 570kB, after: 40kB) (+1.01s) (985/4055)
11:38:22   ▶ /_astro/scared-blond-woman-biting-nails-fingers-panic-afraid-something-scary-trembling-from-fear-while-standing-anxious-against-white-wall.DgGR5sJz_15JdBH.avif (before: 271kB, after: 15kB) (+1.27s) (986/4055)
11:38:22   ▶ /_astro/close-up-portrait-cute-kid-gray-pajamas-brushing-her-teeth.k4plXwGd_Z1R7008.jpg (before: 817kB, after: 45kB) (+431ms) (987/4055)
11:38:22   ▶ /_astro/girl-smiling-choosing-veneers.C0O1d64S_Z1vhxb3.jpg (before: 159kB, after: 5kB) (+423ms) (988/4055)
11:38:22   ▶ /_astro/shutterstock_285790634.CRT9yE-w_1Uq4CL.jpg (before: 198kB, after: 9kB) (+424ms) (989/4055)
11:38:22   ▶ /_astro/teethgrinding.B-bYBi2V_1LND6Y.jpg (before: 23kB, after: 15kB) (+426ms) (990/4055)
11:38:22   ▶ /_astro/dentist-1.BzExywwc_2jzoDP.jpg (before: 29kB, after: 39kB) (+426ms) (991/4055)
11:38:22   ▶ /_astro/young-man-feeling-sick-holding-his-chest-pain-while-drinking-tea-living-room.DD-iatK2_2jM3C0.jpg (before: 311kB, after: 27kB) (+459ms) (992/4055)
11:38:22   ▶ /_astro/Job-interview.hMF9NZDg_Z2ntLzB.jpg (before: 76kB, after: 48kB) (+347ms) (993/4055)
11:38:22   ▶ /_astro/extreme-close-up-mixed-race-handsome-man-has-trendy-hairdo-smiles-pleasantly-blinks-eye.KJNogYu9_10eK32.jpg (before: 570kB, after: 7kB) (+221ms) (994/4055)
11:38:22   ▶ /_astro/shutterstock_1224151894.CWpwefbE_ZWDVcp.avif (before: 488kB, after: 3kB) (+819ms) (995/4055)
11:38:23   ▶ /_astro/Toothache.e-LyfB2L_1GlHPz.avif (before: 25kB, after: 14kB) (+3.82s) (996/4055)
11:38:23   ▶ /_astro/teethgrinding.B-bYBi2V_wqu4c.jpg (before: 23kB, after: 27kB) (+1.55s) (997/4055)
11:38:23   ▶ /_astro/dentist-1.BzExywwc_Z2p7Nm2.jpg (before: 29kB, after: 19kB) (+1.71s) (998/4055)
11:38:23   ▶ /_astro/scared-blond-woman-biting-nails-fingers-panic-afraid-something-scary-trembling-from-fear-while-standing-anxious-against-white-wall.DgGR5sJz_1P8m6M.avif (before: 271kB, after: 4kB) (+1.72s) (999/4055)
11:38:23   ▶ /_astro/Job-interview.hMF9NZDg_Z2aqkgR.jpg (before: 76kB, after: 18kB) (+1.62s) (1000/4055)
11:38:23   ▶ /_astro/white-spot.DSAydc9w_ZGz9YH.avif (before: 53kB, after: 10kB) (+1.72s) (1001/4055)
11:38:23   ▶ /_astro/natural-dental-care.DuEl_CR2_JgTYl.avif (before: 76kB, after: 15kB) (+1.88s) (1002/4055)
11:38:23   ▶ /_astro/extreme-close-up-mixed-race-handsome-man-has-trendy-hairdo-smiles-pleasantly-blinks-eye.KJNogYu9_ZfD5IC.jpg (before: 570kB, after: 15kB) (+1.70s) (1003/4055)
11:38:24   ▶ /_astro/Tooth-ache.DVfBhUxd_1tcMiO.avif (before: 48kB, after: 13kB) (+2.44s) (1004/4055)
11:38:24   ▶ /_astro/Toothache.e-LyfB2L_ZYgvts.jpg (before: 25kB, after: 34kB) (+765ms) (1005/4055)
11:38:24   ▶ /_astro/teethgrinding.B-bYBi2V_hEHNi.jpg (before: 23kB, after: 40kB) (+765ms) (1006/4055)
11:38:24   ▶ /_astro/Invisalign.mzuk8YAe_1kT9qE.avif (before: 46kB, after: 11kB) (+2.36s) (1007/4055)
11:38:24   ▶ /_astro/dentist-1.BzExywwc_KFk1X.jpg (before: 29kB, after: 34kB) (+647ms) (1008/4055)
11:38:24   ▶ /_astro/Job-interview.hMF9NZDg_1EnEuh.jpg (before: 76kB, after: 34kB) (+648ms) (1009/4055)
11:38:24   ▶ /_astro/shutterstock_1224151894.CWpwefbE_1e28Cn.avif (before: 488kB, after: 5kB) (+1.96s) (1010/4055)
11:38:24   ▶ /_astro/white-spot.DSAydc9w_2mbEql.avif (before: 53kB, after: 4kB) (+707ms) (1011/4055)
11:38:24   ▶ /_astro/scared-blond-woman-biting-nails-fingers-panic-afraid-something-scary-trembling-from-fear-while-standing-anxious-against-white-wall.DgGR5sJz_ZeGOfM.avif (before: 271kB, after: 7kB) (+710ms) (1012/4055)
11:38:24   ▶ /_astro/natural-dental-care.DuEl_CR2_Z1ObW5P.avif (before: 76kB, after: 5kB) (+1.01s) (1013/4055)
11:38:25   ▶ /_astro/Tooth-ache.DVfBhUxd_1q6jv6.jpg (before: 48kB, after: 40kB) (+1.13s) (1014/4055)
11:38:25   ▶ /_astro/extreme-close-up-mixed-race-handsome-man-has-trendy-hairdo-smiles-pleasantly-blinks-eye.KJNogYu9_16iUft.jpg (before: 570kB, after: 26kB) (+1.26s) (1015/4055)
11:38:25   ▶ /_astro/Toothache.e-LyfB2L_ZCLzFo.jpg (before: 25kB, after: 15kB) (+951ms) (1016/4055)
11:38:25   ▶ /_astro/dentist-1.BzExywwc_Z1m8OCz.jpg (before: 29kB, after: 51kB) (+906ms) (1017/4055)
11:38:25   ▶ /_astro/teethgrinding.B-bYBi2V_Z1cARrj.avif (before: 23kB, after: 7kB) (+951ms) (1018/4055)
11:38:25   ▶ /_astro/Invisalign.mzuk8YAe_ZFw9We.avif (before: 46kB, after: 5kB) (+907ms) (1019/4055)
11:38:25   ▶ /_astro/Job-interview.hMF9NZDg_Z1KqzUj.avif (before: 76kB, after: 11kB) (+950ms) (1020/4055)
11:38:25   ▶ /_astro/white-spot.DSAydc9w_2cONmt.avif (before: 53kB, after: 6kB) (+892ms) (1021/4055)
11:38:25   ▶ /_astro/Trismus.Do_gnc2W_26EK7p.avif (before: 52kB, after: 18kB) (+3.24s) (1022/4055)
11:38:26   ▶ /_astro/shutterstock_1224151894.CWpwefbE_2fW8X6.avif (before: 488kB, after: 7kB) (+1.68s) (1023/4055)
11:38:26   ▶ /_astro/Tooth-ache.DVfBhUxd_ZAjYRM.jpg (before: 48kB, after: 15kB) (+1.08s) (1024/4055)
11:38:26   ▶ /_astro/Toothache.e-LyfB2L_2x1xHB.jpg (before: 25kB, after: 29kB) (+956ms) (1025/4055)
11:38:26   ▶ /_astro/teethgrinding.B-bYBi2V_escgE.avif (before: 23kB, after: 2kB) (+956ms) (1026/4055)
11:38:26   ▶ /_astro/dentist-1.BzExywwc_Z2madgY.avif (before: 29kB, after: 9kB) (+957ms) (1027/4055)
11:38:26   ▶ /_astro/natural-dental-care.DuEl_CR2_mws1P.avif (before: 76kB, after: 8kB) (+1.34s) (1028/4055)
11:38:26   ▶ /_astro/scared-blond-woman-biting-nails-fingers-panic-afraid-something-scary-trembling-from-fear-while-standing-anxious-against-white-wall.DgGR5sJz_Z25RLb9.avif (before: 271kB, after: 11kB) (+1.84s) (1029/4055)
11:38:26   ▶ /_astro/Job-interview.hMF9NZDg_1mpmGJ.avif (before: 76kB, after: 3kB) (+956ms) (1030/4055)
11:38:26   ▶ /_astro/Invisalign.mzuk8YAe_ZOS116.avif (before: 46kB, after: 7kB) (+1.00s) (1031/4055)
11:38:27   ▶ /_astro/shutterstock_1224151894.CWpwefbE_Z6uGIQ.jpg (before: 488kB, after: 30kB) (+991ms) (1032/4055)
11:38:27   ▶ /_astro/Tooth-ache.DVfBhUxd_ZJFPVE.jpg (before: 48kB, after: 27kB) (+823ms) (1033/4055)
11:38:27   ▶ /_astro/Toothache.e-LyfB2L_pco34.jpg (before: 25kB, after: 44kB) (+824ms) (1034/4055)
11:38:27   ▶ /_astro/teethgrinding.B-bYBi2V_28werk.avif (before: 23kB, after: 4kB) (+824ms) (1035/4055)
11:38:27   ▶ /_astro/Trismus.Do_gnc2W_21nzjP.avif (before: 52kB, after: 6kB) (+1.73s) (1036/4055)
11:38:27   ▶ /_astro/white-spot.DSAydc9w_jnoGJ.avif (before: 53kB, after: 8kB) (+1.74s) (1037/4055)
11:38:27   ▶ /_astro/Professional-teeth-whitening.BK4RJNRy_Z1Va0gD.avif (before: 59kB, after: 19kB) (+1.94s) (1038/4055)
11:38:27   ▶ /_astro/scared-blond-woman-biting-nails-fingers-panic-afraid-something-scary-trembling-from-fear-while-standing-anxious-against-white-wall.DgGR5sJz_Zacoip.jpg (before: 271kB, after: 37kB) (+815ms) (1039/4055)
11:38:27   ▶ /_astro/dentist-1.BzExywwc_2hojiJ.avif (before: 29kB, after: 4kB) (+862ms) (1040/4055)
11:38:28   ▶ /_astro/shutterstock_1224151894.CWpwefbE_Zr9x92.jpg (before: 488kB, after: 8kB) (+1.13s) (1041/4055)
11:38:28   ▶ /_astro/Tooth-ache.DVfBhUxd_2r3Scx.jpg (before: 48kB, after: 41kB) (+1.16s) (1042/4055)
11:38:28   ▶ /_astro/Job-interview.hMF9NZDg_Z1NHIVw.avif (before: 76kB, after: 5kB) (+1.94s) (1043/4055)
11:38:28   ▶ /_astro/Toothache.e-LyfB2L_1PChGu.avif (before: 25kB, after: 7kB) (+1.16s) (1044/4055)
11:38:28   ▶ /_astro/teethgrinding.B-bYBi2V_6ySwj.avif (before: 23kB, after: 5kB) (+1.16s) (1045/4055)
11:38:28   ▶ /_astro/white-spot.DSAydc9w_ggUT1.jpg (before: 53kB, after: 47kB) (+1.16s) (1046/4055)
11:38:28   ▶ /_astro/natural-dental-care.DuEl_CR2_ueq3o.avif (before: 76kB, after: 12kB) (+2.00s) (1047/4055)
11:38:28   ▶ /_astro/Trismus.Do_gnc2W_29fpLD.avif (before: 52kB, after: 10kB) (+1.18s) (1048/4055)
11:38:28   ▶ /_astro/Professional-teeth-whitening.BK4RJNRy_2stSMX.avif (before: 59kB, after: 7kB) (+1.15s) (1049/4055)
11:38:28   ▶ /_astro/scared-blond-woman-biting-nails-fingers-panic-afraid-something-scary-trembling-from-fear-while-standing-anxious-against-white-wall.DgGR5sJz_NBASl.jpg (before: 271kB, after: 7kB) (+1.69s) (1050/4055)
11:38:28   ▶ /_astro/shutterstock_1224151894.CWpwefbE_1JwwFK.jpg (before: 488kB, after: 14kB) (+668ms) (1051/4055)
11:38:28   ▶ /_astro/Invisalign.mzuk8YAe_2lQI86.avif (before: 46kB, after: 9kB) (+2.56s) (1052/4055)
11:38:28   ▶ /_astro/Toothache.e-LyfB2L_Z11rAOy.avif (before: 25kB, after: 2kB) (+620ms) (1053/4055)
11:38:28   ▶ /_astro/dentist-1.BzExywwc_Z6t0xi.avif (before: 29kB, after: 6kB) (+1.75s) (1054/4055)
11:38:28   ▶ /_astro/teethgrinding.B-bYBi2V_1Ae1nK.jpg (before: 23kB, after: 25kB) (+623ms) (1055/4055)
11:38:28   ▶ /_astro/Job-interview.hMF9NZDg_1ew3Wo.avif (before: 76kB, after: 8kB) (+668ms) (1056/4055)
11:38:28   ▶ /_astro/white-spot.DSAydc9w_Z1K9ntR.jpg (before: 53kB, after: 14kB) (+667ms) (1057/4055)
11:38:28   ▶ /_astro/natural-dental-care.DuEl_CR2_Z1xcjSl.jpg (before: 76kB, after: 55kB) (+656ms) (1058/4055)
11:38:29   ▶ /_astro/Tooth-ache.DVfBhUxd_1e6Imh.avif (before: 48kB, after: 12kB) (+1.26s) (1059/4055)
11:38:29   ▶ /_astro/scared-blond-woman-biting-nails-fingers-panic-afraid-something-scary-trembling-from-fear-while-standing-anxious-against-white-wall.DgGR5sJz_Z1gdzte.jpg (before: 271kB, after: 15kB) (+730ms) (1060/4055)
11:38:29   ▶ /_astro/Invisalign.mzuk8YAe_2iKfkn.jpg (before: 46kB, after: 40kB) (+672ms) (1061/4055)
11:38:29   ▶ /_astro/shutterstock_1224151894.CWpwefbE_Z2iJAMs.jpg (before: 488kB, after: 22kB) (+673ms) (1062/4055)
11:38:29   ▶ /_astro/Toothache.e-LyfB2L_1ERd8l.avif (before: 25kB, after: 4kB) (+674ms) (1063/4055)
11:38:29   ▶ /_astro/dentist-1.BzExywwc_1a6lvH.avif (before: 29kB, after: 7kB) (+673ms) (1064/4055)
11:38:29   ▶ /_astro/Job-interview.hMF9NZDg_12oiTK.jpg (before: 76kB, after: 35kB) (+653ms) (1065/4055)
11:38:29   ▶ /_astro/teethgrinding.B-bYBi2V_1t16bR.jpg (before: 23kB, after: 7kB) (+698ms) (1066/4055)
11:38:29   ▶ /_astro/Professional-teeth-whitening.BK4RJNRy_1GlEtB.avif (before: 59kB, after: 11kB) (+1.30s) (1067/4055)
11:38:29   ▶ /_astro/white-spot.DSAydc9w_Z1TvexJ.jpg (before: 53kB, after: 26kB) (+900ms) (1068/4055)
11:38:30   ▶ /_astro/natural-dental-care.DuEl_CR2_XvVPp.jpg (before: 76kB, after: 15kB) (+1.18s) (1069/4055)
11:38:30   ▶ /_astro/Invisalign.mzuk8YAe_hjUVu.jpg (before: 46kB, after: 15kB) (+562ms) (1070/4055)
11:38:30   ▶ /_astro/scared-blond-woman-biting-nails-fingers-panic-afraid-something-scary-trembling-from-fear-while-standing-anxious-against-white-wall.DgGR5sJz_1WMBpl.jpg (before: 271kB, after: 25kB) (+564ms) (1071/4055)
11:38:30   ▶ /_astro/dentist-1.BzExywwc_Z1oj7ng.jpg (before: 29kB, after: 29kB) (+563ms) (1072/4055)
11:38:30   ▶ /_astro/Job-interview.hMF9NZDg_Z2tdRbY.jpg (before: 76kB, after: 8kB) (+591ms) (1073/4055)
11:38:30   ▶ /_astro/Tooth-ache.DVfBhUxd_Z2rLhT0.avif (before: 48kB, after: 4kB) (+648ms) (1074/4055)
11:38:30   ▶ /_astro/teethgrinding.B-bYBi2V_Z1H70ro.jpg (before: 23kB, after: 13kB) (+594ms) (1075/4055)
11:38:30   ▶ /_astro/Toothache.e-LyfB2L_Z28JyBA.avif (before: 25kB, after: 6kB) (+624ms) (1076/4055)
11:38:30   ▶ /_astro/white-spot.DSAydc9w_1heuAs.jpg (before: 53kB, after: 40kB) (+822ms) (1077/4055)
11:38:30   ▶ /_astro/natural-dental-care.DuEl_CR2_Z1TVLPQ.jpg (before: 76kB, after: 30kB) (+738ms) (1078/4055)
11:38:30   ▶ /_astro/Invisalign.mzuk8YAe_7X4RC.jpg (before: 46kB, after: 27kB) (+738ms) (1079/4055)
11:38:30   ▶ /_astro/dentist-1.BzExywwc_10eYve.jpg (before: 29kB, after: 9kB) (+737ms) (1080/4055)
11:38:31   ▶ /_astro/Job-interview.hMF9NZDg_Zz9P1j.jpg (before: 76kB, after: 15kB) (+988ms) (1081/4055)
11:38:31   ▶ /_astro/Trismus.Do_gnc2W_Z1P1rsU.avif (before: 52kB, after: 15kB) (+2.88s) (1082/4055)
11:38:31   ▶ /_astro/teethgrinding.B-bYBi2V_1l7Mrw.jpg (before: 23kB, after: 20kB) (+988ms) (1083/4055)
11:38:31   ▶ /_astro/Toothache.e-LyfB2L_Z2gHKdI.jpg (before: 25kB, after: 22kB) (+987ms) (1084/4055)
11:38:31   ▶ /_astro/Tooth-ache.DVfBhUxd_Z2kqzL7.avif (before: 48kB, after: 7kB) (+1.05s) (1085/4055)
11:38:31   ▶ /_astro/Professional-teeth-whitening.BK4RJNRy_2cSpxd.avif (before: 59kB, after: 16kB) (+1.78s) (1086/4055)
11:38:31   ▶ /_astro/natural-dental-care.DuEl_CR2_Z1MeNOi.jpg (before: 76kB, after: 48kB) (+638ms) (1087/4055)
11:38:31   ▶ /_astro/Invisalign.mzuk8YAe_Z1KtjM7.jpg (before: 46kB, after: 40kB) (+642ms) (1088/4055)
11:38:31   ▶ /_astro/white-spot.DSAydc9w_OSJfh.avif (before: 53kB, after: 7kB) (+849ms) (1089/4055)
11:38:31   ▶ /_astro/dentist-1.BzExywwc_Z1nCkkN.jpg (before: 29kB, after: 16kB) (+715ms) (1090/4055)
11:38:31   ▶ /_astro/Job-interview.hMF9NZDg_2t4WRB.jpg (before: 76kB, after: 24kB) (+409ms) (1091/4055)
11:38:31   ▶ /_astro/Trismus.Do_gnc2W_ZWiJAK.jpg (before: 52kB, after: 54kB) (+412ms) (1092/4055)
11:38:32   ▶ /_astro/Toothache.e-LyfB2L_Z2iAUC4.jpg (before: 25kB, after: 6kB) (+967ms) (1093/4055)
11:38:32   ▶ /_astro/Invisalignok.sPmDq1SX_Z1gb4Oj.avif (before: 69kB, after: 19kB) (+2.95s) (1094/4055)
11:38:32   ▶ /_astro/Professional-teeth-whitening.BK4RJNRy_Z2g20r7.jpg (before: 59kB, after: 54kB) (+1.14s) (1095/4055)
11:38:32   ▶ /_astro/natural-dental-care.DuEl_CR2_ZarNEn.avif (before: 76kB, after: 10kB) (+1.06s) (1096/4055)
11:38:32   ▶ /_astro/Tooth-ache.DVfBhUxd_ZwoKaL.avif (before: 48kB, after: 9kB) (+1.33s) (1097/4055)
11:38:32   ▶ /_astro/white-spot.DSAydc9w_1sAsiQ.avif (before: 53kB, after: 2kB) (+1.07s) (1098/4055)
11:38:32   ▶ /_astro/dentist-1.BzExywwc_Z72XgN.jpg (before: 29kB, after: 24kB) (+1.09s) (1099/4055)
11:38:32   ▶ /_astro/teeth-bonding-1.TfNnR7Ok_1gE3vX.avif (before: 62kB, after: 31kB) (+2.55s) (1100/4055)
11:38:32   ▶ /_astro/Invisalign.mzuk8YAe_Z20MfYG.avif (before: 46kB, after: 6kB) (+1.45s) (1101/4055)
11:38:32   ▶ /_astro/Trismus.Do_gnc2W_Z12zUok.jpg (before: 52kB, after: 16kB) (+1.42s) (1102/4055)
11:38:32   ▶ /_astro/Toothache.e-LyfB2L_nHSkP.jpg (before: 25kB, after: 12kB) (+866ms) (1103/4055)
11:38:32   ▶ /_astro/Professional-teeth-whitening.BK4RJNRy_28BSCu.jpg (before: 59kB, after: 17kB) (+492ms) (1104/4055)
11:38:33   ▶ /_astro/natural-dental-care.DuEl_CR2_1Y9uB6.avif (before: 76kB, after: 3kB) (+743ms) (1105/4055)
11:38:33   ▶ /_astro/Tooth-ache.DVfBhUxd_CnQg2.jpg (before: 48kB, after: 33kB) (+746ms) (1106/4055)
11:38:33   ▶ /_astro/Invisalignok.sPmDq1SX_1xy6Wq.avif (before: 69kB, after: 4kB) (+851ms) (1107/4055)
11:38:33   ▶ /_astro/restorativedentistryimage-1.D_3pzGJA_BRMqV.avif (before: 57kB, after: 17kB) (+2.27s) (1108/4055)
11:38:33   ▶ /_astro/Invisalign.mzuk8YAe_Z1z7m4I.avif (before: 46kB, after: 2kB) (+520ms) (1109/4055)
11:38:33   ▶ /_astro/white-spot.DSAydc9w_1zVaqJ.avif (before: 53kB, after: 4kB) (+904ms) (1110/4055)
11:38:33   ▶ /_astro/Trismus.Do_gnc2W_ZTI4Vw.jpg (before: 52kB, after: 31kB) (+865ms) (1111/4055)
11:38:33   ▶ /_astro/teeth-bonding-1.TfNnR7Ok_FY5Ox.avif (before: 62kB, after: 11kB) (+1.20s) (1112/4055)
11:38:33   ▶ /_astro/Toothache.e-LyfB2L_1EifoP.jpg (before: 25kB, after: 18kB) (+865ms) (1113/4055)
11:38:34   ▶ /_astro/Professional-teeth-whitening.BK4RJNRy_1mtEj8.jpg (before: 59kB, after: 33kB) (+1.24s) (1114/4055)
11:38:34   ▶ /_astro/Tooth-ache.DVfBhUxd_Z1tUc0h.jpg (before: 48kB, after: 9kB) (+935ms) (1115/4055)
11:38:34   ▶ /_astro/natural-dental-care.DuEl_CR2_cCSM0.avif (before: 76kB, after: 4kB) (+981ms) (1116/4055)
11:38:34   ▶ /_astro/Invisalignok.sPmDq1SX_Z2c452T.avif (before: 69kB, after: 8kB) (+955ms) (1117/4055)
11:38:34   ▶ /_astro/cosmeticdent-1.DTpjGTvn_27z9Pu.avif (before: 42kB, after: 10kB) (+2.74s) (1118/4055)
11:38:34   ▶ /_astro/restorativedentistryimage-1.D_3pzGJA_Z2ta4Ad.avif (before: 57kB, after: 7kB) (+878ms) (1119/4055)
11:38:34   ▶ /_astro/Trismus.Do_gnc2W_bcbBQ.jpg (before: 52kB, after: 47kB) (+523ms) (1120/4055)
11:38:34   ▶ /_astro/white-spot.DSAydc9w_Z1Ge8LQ.avif (before: 53kB, after: 5kB) (+914ms) (1121/4055)
11:38:34   ▶ /_astro/charcoal-teethbrushing-1.BLNvxxC9_ZOaTM8.avif (before: 54kB, after: 12kB) (+2.27s) (1122/4055)
11:38:35   ▶ /_astro/Invisalign.mzuk8YAe_Z1rLDVP.avif (before: 46kB, after: 3kB) (+1.88s) (1123/4055)
11:38:35   ▶ /_astro/Professional-teeth-whitening.BK4RJNRy_1S1pmJ.jpg (before: 59kB, after: 50kB) (+1.40s) (1124/4055)
11:38:35   ▶ /_astro/Tooth-ache.DVfBhUxd_Z1mztRo.jpg (before: 48kB, after: 16kB) (+1.40s) (1125/4055)
11:38:35   ▶ /_astro/natural-dental-care.DuEl_CR2_kyVnc.avif (before: 76kB, after: 7kB) (+1.46s) (1126/4055)
11:38:35   ▶ /_astro/teeth-bonding-1.TfNnR7Ok_Z1bCjQE.avif (before: 62kB, after: 18kB) (+1.88s) (1127/4055)
11:38:35   ▶ /_astro/cosmeticdent-1.DTpjGTvn_xO4T3.avif (before: 42kB, after: 4kB) (+1.45s) (1128/4055)
11:38:35   ▶ /_astro/restorativedentistryimage-1.D_3pzGJA_1OssDS.avif (before: 57kB, after: 11kB) (+1.73s) (1129/4055)
11:38:35   ▶ /_astro/white-spot.DSAydc9w_eaR92.jpg (before: 53kB, after: 28kB) (+1.66s) (1130/4055)
11:38:36   ▶ /_astro/gum-recession.Bl6umvbk_2bI4JN.avif (before: 38kB, after: 9kB) (+2.22s) (1131/4055)
11:38:36   ▶ /_astro/Trismus.Do_gnc2W_GBKoD.avif (before: 52kB, after: 11kB) (+2.00s) (1132/4055)
11:38:36   ▶ /_astro/charcoal-teethbrushing-1.BLNvxxC9_Z1jrRnB.avif (before: 54kB, after: 5kB) (+1.50s) (1133/4055)
11:38:36   ▶ /_astro/Tooth-ache.DVfBhUxd_qrkHW.jpg (before: 48kB, after: 24kB) (+792ms) (1134/4055)
11:38:36   ▶ /_astro/natural-dental-care.DuEl_CR2_8sDvm.jpg (before: 76kB, after: 34kB) (+974ms) (1135/4055)
11:38:36   ▶ /_astro/Invisalign.mzuk8YAe_lfaDv.avif (before: 46kB, after: 4kB) (+1.36s) (1136/4055)
11:38:36   ▶ /_astro/Professional-teeth-whitening.BK4RJNRy_ZuLwPV.avif (before: 59kB, after: 15kB) (+1.25s) (1137/4055)
11:38:37   ▶ /_astro/Invisalignok.sPmDq1SX_Ny1fa.avif (before: 69kB, after: 13kB) (+2.73s) (1138/4055)
11:38:37   ▶ /_astro/white-spot.DSAydc9w_2qrycz.jpg (before: 53kB, after: 7kB) (+1.01s) (1139/4055)
11:38:37   ▶ /_astro/cosmeticdent-1.DTpjGTvn_o6gk1.avif (before: 42kB, after: 6kB) (+1.31s) (1140/4055)
11:38:37   ▶ /_astro/gum-recession.Bl6umvbk_Z2w5Ffb.avif (before: 38kB, after: 3kB) (+1.29s) (1141/4055)
11:38:37   ▶ /_astro/Trismus.Do_gnc2W_Tavku.avif (before: 52kB, after: 3kB) (+1.04s) (1142/4055)
11:38:37   ▶ /_astro/natural-dental-care.DuEl_CR2_ZijJgA.jpg (before: 76kB, after: 7kB) (+1.04s) (1143/4055)
11:38:37   ▶ /_astro/Invisalign.mzuk8YAe_2sG0I0.jpg (before: 46kB, after: 23kB) (+1.04s) (1144/4055)
11:38:38   ▶ /_astro/charcoal-teethbrushing-1.BLNvxxC9_EWXIh.avif (before: 54kB, after: 7kB) (+1.68s) (1145/4055)
11:38:38   ▶ /_astro/Professional-teeth-whitening.BK4RJNRy_Z2soj3T.avif (before: 59kB, after: 5kB) (+1.22s) (1146/4055)
11:38:38   ▶ /_astro/Invisalignok.sPmDq1SX_pjvgN.jpg (before: 69kB, after: 59kB) (+1.09s) (1147/4055)
11:38:38   ▶ /_astro/white-spot.DSAydc9w_Z2woRtt.jpg (before: 53kB, after: 14kB) (+1.09s) (1148/4055)
11:38:38   ▶ /_astro/teeth-bonding-1.TfNnR7Ok_1nHJik.avif (before: 62kB, after: 26kB) (+2.45s) (1149/4055)
11:38:38   ▶ /_astro/gum-recession.Bl6umvbk_1iIjvX.avif (before: 38kB, after: 5kB) (+1.11s) (1150/4055)
11:38:38   ▶ /_astro/restorativedentistryimage-1.D_3pzGJA_1TsCJk.avif (before: 57kB, after: 15kB) (+2.47s) (1151/4055)
11:38:38   ▶ /_astro/natural-dental-care.DuEl_CR2_Z24Pl5G.jpg (before: 76kB, after: 15kB) (+806ms) (1152/4055)
11:38:38   ▶ /_astro/Invisalign.mzuk8YAe_ZBggb0.jpg (before: 46kB, after: 6kB) (+806ms) (1153/4055)
11:38:38   ▶ /_astro/cosmeticdent-1.DTpjGTvn_12baaO.avif (before: 42kB, after: 8kB) (+1.49s) (1154/4055)
11:38:38   ▶ /_astro/Trismus.Do_gnc2W_ZNDkXy.avif (before: 52kB, after: 5kB) (+1.14s) (1155/4055)
11:38:38   ▶ /_astro/loosetoothadult-1.DH7d-mxM_Z1llFHq.avif (before: 69kB, after: 15kB) (+2.18s) (1156/4055)
11:38:38   ▶ /_astro/Invisalignok.sPmDq1SX_Z1Q8qKo.jpg (before: 69kB, after: 13kB) (+470ms) (1157/4055)
11:38:38   ▶ /_astro/white-spot.DSAydc9w_ZIn2S8.jpg (before: 53kB, after: 20kB) (+528ms) (1158/4055)
11:38:38   ▶ /_astro/teeth-bonding-1.TfNnR7Ok_1D8sy7.jpg (before: 62kB, after: 68kB) (+585ms) (1159/4055)
11:38:39   ▶ /_astro/restorativedentistryimage-1.D_3pzGJA_1ggg7s.jpg (before: 57kB, after: 56kB) (+635ms) (1160/4055)
11:38:39   ▶ /_astro/natural-dental-care.DuEl_CR2_Z1VTiuu.jpg (before: 76kB, after: 24kB) (+604ms) (1161/4055)
11:38:39   ▶ /_astro/Invisalign.mzuk8YAe_ZtUy37.jpg (before: 46kB, after: 12kB) (+604ms) (1162/4055)
11:38:39   ▶ /_astro/cosmeticdent-1.DTpjGTvn_Z9M58n.jpg (before: 42kB, after: 35kB) (+626ms) (1163/4055)
11:38:39   ▶ /_astro/Professional-teeth-whitening.BK4RJNRy_2iIul1.avif (before: 59kB, after: 8kB) (+1.08s) (1164/4055)
11:38:39   ▶ /_astro/Trismus.Do_gnc2W_Z2et3UT.avif (before: 52kB, after: 8kB) (+636ms) (1165/4055)
11:38:39   ▶ /_astro/loosetoothadult-1.DH7d-mxM_Z1c0yn0.avif (before: 69kB, after: 5kB) (+601ms) (1166/4055)
11:38:39   ▶ /_astro/Invisalignok.sPmDq1SX_ZvytVM.jpg (before: 69kB, after: 28kB) (+711ms) (1167/4055)
11:38:39   ▶ /_astro/charcoal-teethbrushing-1.BLNvxxC9_T2oWU.avif (before: 54kB, after: 10kB) (+1.29s) (1168/4055)
11:38:39   ▶ /_astro/teeth-bonding-1.TfNnR7Ok_13suQG.jpg (before: 62kB, after: 24kB) (+1.22s) (1169/4055)
11:38:39   ▶ /_astro/restorativedentistryimage-1.D_3pzGJA_Z1OLATG.jpg (before: 57kB, after: 18kB) (+849ms) (1170/4055)
11:38:40   ▶ /_astro/Invisalign.mzuk8YAe_1j6gxe.jpg (before: 46kB, after: 18kB) (+891ms) (1171/4055)
11:38:40   ▶ /_astro/cosmeticdent-1.DTpjGTvn_Z1Ixa4O.jpg (before: 42kB, after: 13kB) (+859ms) (1172/4055)
11:38:40   ▶ /_astro/Trismus.Do_gnc2W_2i9Svj.jpg (before: 52kB, after: 32kB) (+889ms) (1173/4055)
11:38:40   ▶ /_astro/gum-recession.Bl6umvbk_13Wxg4.avif (before: 38kB, after: 7kB) (+1.66s) (1174/4055)
11:38:40   ▶ /_astro/Professional-teeth-whitening.BK4RJNRy_Z1H75Hj.avif (before: 59kB, after: 11kB) (+944ms) (1175/4055)
11:38:40   ▶ /_astro/Invisalignok.sPmDq1SX_2u3Blh.jpg (before: 69kB, after: 47kB) (+873ms) (1176/4055)
11:38:40   ▶ /_astro/charcoal-teethbrushing-1.BLNvxxC9_Zomg8o.jpg (before: 54kB, after: 40kB) (+819ms) (1177/4055)
11:38:40   ▶ /_astro/teeth-bonding-1.TfNnR7Ok_ZO8TOv.jpg (before: 62kB, after: 45kB) (+276ms) (1178/4055)
11:38:40   ▶ /_astro/loosetoothadult-1.DH7d-mxM_ZgM1vQ.avif (before: 69kB, after: 8kB) (+1.07s) (1179/4055)
11:38:40   ▶ /_astro/restorativedentistryimage-1.D_3pzGJA_2sPVkp.jpg (before: 57kB, after: 33kB) (+707ms) (1180/4055)
11:38:40   ▶ /_astro/cosmeticdent-1.DTpjGTvn_Z1SfXDQ.jpg (before: 42kB, after: 24kB) (+689ms) (1181/4055)
11:38:40   ▶ /_astro/Trismus.Do_gnc2W_Z29MYnF.jpg (before: 52kB, after: 7kB) (+659ms) (1182/4055)
11:38:40   ▶ /_astro/gum-recession.Bl6umvbk_Z1DUa8U.jpg (before: 38kB, after: 35kB) (+616ms) (1183/4055)
11:38:40   ▶ /_astro/Professional-teeth-whitening.BK4RJNRy_ZqjkwN.jpg (before: 59kB, after: 40kB) (+617ms) (1184/4055)
11:38:40   ▶ /_astro/periodontitis.HtI9zdHV_2ssMff.avif (before: 83kB, after: 16kB) (+2.21s) (1185/4055)
11:38:40   ▶ /_astro/Invisalignok.sPmDq1SX_2rb61S.avif (before: 69kB, after: 8kB) (+791ms) (1186/4055)
11:38:40   ▶ /_astro/charcoal-teethbrushing-1.BLNvxxC9_ZSDdIR.jpg (before: 54kB, after: 14kB) (+810ms) (1187/4055)
11:38:41   ▶ /_astro/teeth-bonding-1.TfNnR7Ok_1Kc9kt.jpg (before: 62kB, after: 68kB) (+785ms) (1188/4055)
11:38:41   ▶ /_astro/restorativedentistryimage-1.D_3pzGJA_Z2wl2o5.jpg (before: 57kB, after: 51kB) (+365ms) (1189/4055)
11:38:41   ▶ /_astro/cosmeticdent-1.DTpjGTvn_Z1fb4N3.jpg (before: 42kB, after: 35kB) (+543ms) (1190/4055)
11:38:41   ▶ /_astro/toothbrushing-1.h50CIplH_dB5BA.avif (before: 55kB, after: 17kB) (+2.17s) (1191/4055)
11:38:41   ▶ /_astro/Trismus.Do_gnc2W_1czi7d.jpg (before: 52kB, after: 14kB) (+574ms) (1192/4055)
11:38:41   ▶ /_astro/gum-recession.Bl6umvbk_Z1hwLjX.jpg (before: 38kB, after: 12kB) (+574ms) (1193/4055)
11:38:41   ▶ /_astro/Professional-teeth-whitening.BK4RJNRy_2hUOzy.jpg (before: 59kB, after: 10kB) (+1.13s) (1194/4055)
11:38:41   ▶ /_astro/Invisalignok.sPmDq1SX_RUygI.avif (before: 69kB, after: 2kB) (+908ms) (1195/4055)
11:38:42   ▶ /_astro/periodontitis.HtI9zdHV_Z2fkWJJ.avif (before: 83kB, after: 5kB) (+1.18s) (1196/4055)
11:38:42   ▶ /_astro/charcoal-teethbrushing-1.BLNvxxC9_15LCn1.jpg (before: 54kB, after: 25kB) (+1.10s) (1197/4055)
11:38:42   ▶ /_astro/teeth-bonding-1.TfNnR7Ok_1M7Iht.avif (before: 62kB, after: 16kB) (+1.11s) (1198/4055)
11:38:42   ▶ /_astro/jawbotox-for-tmj-1.CeYgt7p1_Z146aK0.avif (before: 29kB, after: 7kB) (+2.35s) (1199/4055)
11:38:42   ▶ /_astro/restorativedentistryimage-1.D_3pzGJA_ZXi3r0.avif (before: 57kB, after: 11kB) (+1.34s) (1200/4055)
11:38:42   ▶ /_astro/Trismus.Do_gnc2W_ZdfpP8.jpg (before: 52kB, after: 23kB) (+1.08s) (1201/4055)
11:38:42   ▶ /_astro/gum-recession.Bl6umvbk_Z2wTUmK.jpg (before: 38kB, after: 22kB) (+1.08s) (1202/4055)
11:38:42   ▶ /_astro/Professional-teeth-whitening.BK4RJNRy_1XQuax.jpg (before: 59kB, after: 19kB) (+563ms) (1203/4055)
11:38:42   ▶ /_astro/cosmeticdent-1.DTpjGTvn_2mEU1l.avif (before: 42kB, after: 6kB) (+1.20s) (1204/4055)
11:38:42   ▶ /_astro/toothbrushing-1.h50CIplH_Zm3R4P.avif (before: 55kB, after: 7kB) (+1.50s) (1205/4055)
11:38:42   ▶ /_astro/Invisalignok.sPmDq1SX_PDEGq.avif (before: 69kB, after: 4kB) (+993ms) (1206/4055)
11:38:42   ▶ /_astro/loosetoothadult-1.DH7d-mxM_Z1IW0G8.avif (before: 69kB, after: 12kB) (+2.61s) (1207/4055)
11:38:42   ▶ /_astro/charcoal-teethbrushing-1.BLNvxxC9_1jQ3BE.jpg (before: 54kB, after: 38kB) (+794ms) (1208/4055)
11:38:42   ▶ /_astro/teeth-bonding-1.TfNnR7Ok_Zta8Ix.avif (before: 62kB, after: 5kB) (+787ms) (1209/4055)
11:38:42   ▶ /_astro/gum-recession.Bl6umvbk_2ivrbh.jpg (before: 38kB, after: 35kB) (+548ms) (1210/4055)
11:38:43   ▶ /_astro/restorativedentistryimage-1.D_3pzGJA_1Ci2nD.avif (before: 57kB, after: 3kB) (+931ms) (1211/4055)
11:38:43   ▶ /_astro/periodontitis.HtI9zdHV_1zt21p.avif (before: 83kB, after: 9kB) (+1.69s) (1212/4055)
11:38:43   ▶ /_astro/jawbotox-for-tmj-1.CeYgt7p1_TnDVa.avif (before: 29kB, after: 3kB) (+1.35s) (1213/4055)
11:38:43   ▶ /_astro/Professional-teeth-whitening.BK4RJNRy_Z21Y5RM.jpg (before: 59kB, after: 29kB) (+1.35s) (1214/4055)
11:38:43   ▶ /_astro/cosmeticdent-1.DTpjGTvn_1axD1m.avif (before: 42kB, after: 3kB) (+1.50s) (1215/4055)
11:38:44   ▶ /_astro/loosetoothadult-1.DH7d-mxM_1WeJCS.jpg (before: 69kB, after: 52kB) (+1.29s) (1216/4055)
11:38:44   ▶ /_astro/Invisalignok.sPmDq1SX_1uEq96.avif (before: 69kB, after: 6kB) (+1.56s) (1217/4055)
11:38:44   ▶ /_astro/toothbrushing-1.h50CIplH_Z2eFhL2.avif (before: 55kB, after: 10kB) (+1.63s) (1218/4055)
11:38:44   ▶ /_astro/charcoal-teethbrushing-1.BLNvxxC9_1poqBW.avif (before: 54kB, after: 8kB) (+1.53s) (1219/4055)
11:38:44   ▶ /_astro/gum-recession.Bl6umvbk_chVoX.avif (before: 38kB, after: 4kB) (+1.82s) (1220/4055)
11:38:44   ▶ /_astro/teeth-bonding-1.TfNnR7Ok_Z1laWgx.avif (before: 62kB, after: 8kB) (+1.84s) (1221/4055)
11:38:44   ▶ /_astro/restorativedentistryimage-1.D_3pzGJA_Z2ftLE1.avif (before: 57kB, after: 5kB) (+1.46s) (1222/4055)
11:38:45   ▶ /_astro/jawbotox-for-tmj-1.CeYgt7p1_21IfCW.avif (before: 29kB, after: 5kB) (+1.39s) (1223/4055)
11:38:45   ▶ /_astro/preventive-dentist1-1.DGs-xQI6_Z24cM51.avif (before: 65kB, after: 20kB) (+2.87s) (1224/4055)
11:38:45   ▶ /_astro/loosetoothadult-1.DH7d-mxM_26zQXj.jpg (before: 69kB, after: 16kB) (+1.58s) (1225/4055)
11:38:45   ▶ /_astro/cosmeticdent-1.DTpjGTvn_2bQLIN.avif (before: 42kB, after: 4kB) (+1.78s) (1226/4055)
11:38:45   ▶ /_astro/Invisalignok.sPmDq1SX_Z1os8QP.jpg (before: 69kB, after: 26kB) (+1.32s) (1227/4055)
11:38:45   ▶ /_astro/charcoal-teethbrushing-1.BLNvxxC9_Z1OreO5.avif (before: 54kB, after: 3kB) (+1.31s) (1228/4055)
11:38:46   ▶ /_astro/gum-recession.Bl6umvbk_2fiUDD.avif (before: 38kB, after: 1kB) (+1.44s) (1229/4055)
11:38:46   ▶ /_astro/periodontitis.HtI9zdHV_1kHfKv.avif (before: 83kB, after: 13kB) (+2.51s) (1230/4055)
11:38:46   ▶ /_astro/teeth-bonding-1.TfNnR7Ok_Z8M1o0.avif (before: 62kB, after: 12kB) (+1.47s) (1231/4055)
11:38:46   ▶ /_astro/restorativedentistryimage-1.D_3pzGJA_26L6O1.avif (before: 57kB, after: 8kB) (+1.52s) (1232/4055)
11:38:46   ▶ /_astro/austin-invisalign-1.Bw_8VRI4_1wiwdt.avif (before: 54kB, after: 16kB) (+2.74s) (1233/4055)
11:38:46   ▶ /_astro/preventive-dentist1-1.DGs-xQI6_OFy7N.avif (before: 65kB, after: 7kB) (+1.33s) (1234/4055)
11:38:46   ▶ /_astro/loosetoothadult-1.DH7d-mxM_Z23nIYt.jpg (before: 69kB, after: 31kB) (+843ms) (1235/4055)
11:38:46   ▶ /_astro/toothbrushing-1.h50CIplH_kELnW.avif (before: 55kB, after: 14kB) (+2.16s) (1236/4055)
11:38:46   ▶ /_astro/Invisalignok.sPmDq1SX_Z2vKYr6.jpg (before: 69kB, after: 6kB) (+845ms) (1237/4055)
11:38:46   ▶ /_astro/gum-recession.Bl6umvbk_ZUOaYC.avif (before: 38kB, after: 2kB) (+417ms) (1238/4055)
11:38:46   ▶ /_astro/periodontitis.HtI9zdHV_Z1narDt.jpg (before: 83kB, after: 60kB) (+511ms) (1239/4055)
11:38:46   ▶ /_astro/teeth-bonding-1.TfNnR7Ok_Z22vY4K.jpg (before: 62kB, after: 40kB) (+511ms) (1240/4055)
11:38:46   ▶ /_astro/charcoal-teethbrushing-1.BLNvxxC9_Z2wuNzk.avif (before: 54kB, after: 5kB) (+1.09s) (1241/4055)
11:38:46   ▶ /_astro/cosmeticdent-1.DTpjGTvn_Z1MVtBB.avif (before: 42kB, after: 5kB) (+1.19s) (1242/4055)
11:38:46   ▶ /_astro/restorativedentistryimage-1.D_3pzGJA_Z1ia3Bt.jpg (before: 57kB, after: 34kB) (+720ms) (1243/4055)
11:38:46   ▶ /_astro/loosetoothadult-1.DH7d-mxM_1yDpEb.jpg (before: 69kB, after: 48kB) (+423ms) (1244/4055)
11:38:46   ▶ /_astro/toothbrushing-1.h50CIplH_A5uDJ.jpg (before: 55kB, after: 49kB) (+424ms) (1245/4055)
11:38:46   ▶ /_astro/Invisalignok.sPmDq1SX_2w9fMx.jpg (before: 69kB, after: 12kB) (+424ms) (1246/4055)
11:38:47   ▶ /_astro/jawbotox-for-tmj-1.CeYgt7p1_rSB4B.avif (before: 29kB, after: 6kB) (+2.09s) (1247/4055)
11:38:47   ▶ /_astro/periodontitis.HtI9zdHV_Z10M3Ow.jpg (before: 83kB, after: 17kB) (+513ms) (1248/4055)
11:38:47   ▶ /_astro/teeth-bonding-1.TfNnR7Ok_Z6FIGo.jpg (before: 62kB, after: 10kB) (+513ms) (1249/4055)
11:38:47   ▶ /_astro/gum-recession.Bl6umvbk_27pBTi.avif (before: 38kB, after: 3kB) (+754ms) (1250/4055)
11:38:47   ▶ /_astro/austin-invisalign-1.Bw_8VRI4_Z12akQH.avif (before: 54kB, after: 6kB) (+834ms) (1251/4055)
11:38:47   ▶ /_astro/cosmeticdent-1.DTpjGTvn_Z2l2NKr.jpg (before: 42kB, after: 24kB) (+425ms) (1252/4055)
11:38:47   ▶ /_astro/restorativedentistryimage-1.D_3pzGJA_2gFv4a.jpg (before: 57kB, after: 8kB) (+406ms) (1253/4055)
11:38:47   ▶ /_astro/preventive-dentist1-1.DGs-xQI6_Z1tbCGA.avif (before: 65kB, after: 12kB) (+830ms) (1254/4055)
11:38:47   ▶ /_astro/Invisalignok.sPmDq1SX_Z1T27yI.jpg (before: 69kB, after: 18kB) (+404ms) (1255/4055)
11:38:47   ▶ /_astro/toothbrushing-1.h50CIplH_pwWj.jpg (before: 55kB, after: 18kB) (+452ms) (1256/4055)
11:38:47   ▶ /_astro/jawbotox-for-tmj-1.CeYgt7p1_ZjyFi2.jpg (before: 29kB, after: 26kB) (+284ms) (1257/4055)
11:38:47   ▶ /_astro/teeth-bonding-1.TfNnR7Ok_ZXGxeo.jpg (before: 62kB, after: 19kB) (+232ms) (1258/4055)
11:38:47   ▶ /_astro/periodontitis.HtI9zdHV_Z2gacRj.jpg (before: 83kB, after: 34kB) (+276ms) (1259/4055)
11:38:47   ▶ /_astro/cosmeticdent-1.DTpjGTvn_Z16NAWv.jpg (before: 42kB, after: 7kB) (+249ms) (1260/4055)
11:38:47   ▶ /_astro/gum-recession.Bl6umvbk_Z254iyT.jpg (before: 38kB, after: 20kB) (+251ms) (1261/4055)
11:38:47   ▶ /_astro/charcoal-teethbrushing-1.BLNvxxC9_ZYqvYR.avif (before: 54kB, after: 6kB) (+949ms) (1262/4055)
11:38:47   ▶ /_astro/restorativedentistryimage-1.D_3pzGJA_Z1B6iXu.jpg (before: 57kB, after: 16kB) (+407ms) (1263/4055)
11:38:47   ▶ /_astro/toothbrushing-1.h50CIplH_Z1RbRIS.jpg (before: 55kB, after: 34kB) (+494ms) (1264/4055)
11:38:47   ▶ /_astro/jawbotox-for-tmj-1.CeYgt7p1_1DU9o8.jpg (before: 29kB, after: 10kB) (+504ms) (1265/4055)
11:38:47   ▶ /_astro/teeth-bonding-1.TfNnR7Ok_dGnD9.jpg (before: 62kB, after: 30kB) (+504ms) (1266/4055)
11:38:47   ▶ /_astro/loosetoothadult-1.DH7d-mxM_ZSuosn.avif (before: 69kB, after: 8kB) (+988ms) (1267/4055)
11:38:48   ▶ /_astro/periodontitis.HtI9zdHV_Z2uUY8d.jpg (before: 83kB, after: 53kB) (+505ms) (1268/4055)
11:38:48   ▶ /_astro/cosmeticdent-1.DTpjGTvn_Z5usf4.jpg (before: 42kB, after: 12kB) (+488ms) (1269/4055)
11:38:48   ▶ /_astro/gum-recession.Bl6umvbk_Z1Akjf5.jpg (before: 38kB, after: 5kB) (+490ms) (1270/4055)
11:38:48   ▶ /_astro/charcoal-teethbrushing-1.BLNvxxC9_ZHWPCY.jpg (before: 54kB, after: 27kB) (+354ms) (1271/4055)
11:38:48   ▶ /_astro/restorativedentistryimage-1.D_3pzGJA_Z2k2yjo.jpg (before: 57kB, after: 25kB) (+374ms) (1272/4055)
11:38:48   ▶ /_astro/toothbrushing-1.h50CIplH_H9bq6.jpg (before: 55kB, after: 51kB) (+1.00s) (1273/4055)
11:38:48   ▶ /_astro/jawbotox-for-tmj-1.CeYgt7p1_Z2iVnI1.jpg (before: 29kB, after: 18kB) (+996ms) (1274/4055)
11:38:48   ▶ /_astro/austin-invisalign-1.Bw_8VRI4_19y4fX.avif (before: 54kB, after: 10kB) (+1.63s) (1275/4055)
11:38:48   ▶ /_astro/loosetoothadult-1.DH7d-mxM_1Hr1AJ.avif (before: 69kB, after: 3kB) (+1.00s) (1276/4055)
11:38:49   ▶ /_astro/periodontitis.HtI9zdHV_Z1rReKb.avif (before: 83kB, after: 9kB) (+1.43s) (1277/4055)
11:38:49   ▶ /_astro/cosmeticdent-1.DTpjGTvn_YSpds.jpg (before: 42kB, after: 18kB) (+1.37s) (1278/4055)
11:38:49   ▶ /_astro/gum-recession.Bl6umvbk_iIHUA.jpg (before: 38kB, after: 9kB) (+1.37s) (1279/4055)
11:38:49   ▶ /_astro/charcoal-teethbrushing-1.BLNvxxC9_Z1oCAal.jpg (before: 54kB, after: 7kB) (+1.45s) (1280/4055)
11:38:50   ▶ /_astro/toothbrushing-1.h50CIplH_ZfbkVB.avif (before: 55kB, after: 9kB) (+1.31s) (1281/4055)
11:38:50   ▶ /_astro/laser-teeth-whitening-1.Dd0N_uuG_Z1drWE8.avif (before: 64kB, after: 17kB) (+3.55s) (1282/4055)
11:38:50   ▶ /_astro/preventive-dentist1-1.DGs-xQI6_ZPXeLT.avif (before: 65kB, after: 17kB) (+3.55s) (1283/4055)
11:38:50   ▶ /_astro/jawbotox-for-tmj-1.CeYgt7p1_1cq6wz.jpg (before: 29kB, after: 27kB) (+1.97s) (1284/4055)
11:38:50   ▶ /_astro/dental-crown-1.CepJgl_S_1H1FDd.avif (before: 45kB, after: 7kB) (+2.97s) (1285/4055)
11:38:50   ▶ /_astro/periodontitis.HtI9zdHV_2w3D95.avif (before: 83kB, after: 3kB) (+1.55s) (1286/4055)
11:38:51   ▶ /_astro/gum-recession.Bl6umvbk_Z1IdBYq.jpg (before: 38kB, after: 14kB) (+1.55s) (1287/4055)
11:38:51   ▶ /_astro/loosetoothadult-1.DH7d-mxM_1NndYs.avif (before: 69kB, after: 4kB) (+2.02s) (1288/4055)
11:38:51   ▶ /_astro/dentistcavities-G.CzNzrt66_ZTNcrI.avif (before: 66kB, after: 25kB) (+2.83s) (1289/4055)
11:38:51   ▶ /_astro/charcoal-teethbrushing-1.BLNvxxC9_Z26G9UA.jpg (before: 54kB, after: 13kB) (+2.16s) (1290/4055)
11:38:51   ▶ /_astro/austin-invisalign-1.Bw_8VRI4_1hg2hw.avif (before: 54kB, after: 14kB) (+2.75s) (1291/4055)
11:38:52   ▶ /_astro/preventive-dentist1-1.DGs-xQI6_2shnxU.jpg (before: 65kB, after: 62kB) (+1.43s) (1292/4055)
11:38:52   ▶ /_astro/toothbrushing-1.h50CIplH_Z1wd6CU.avif (before: 55kB, after: 3kB) (+1.45s) (1293/4055)
11:38:52   ▶ /_astro/dental-crown-1.CepJgl_S_8gAGL.avif (before: 45kB, after: 3kB) (+1.44s) (1294/4055)
11:38:52   ▶ /_astro/laser-teeth-whitening-1.Dd0N_uuG_Z1CYFUA.avif (before: 64kB, after: 7kB) (+1.57s) (1295/4055)
11:38:52   ▶ /_astro/jawbotox-for-tmj-1.CeYgt7p1_Z1h6h4M.avif (before: 29kB, after: 4kB) (+1.57s) (1296/4055)
11:38:52   ▶ /_astro/loosetoothadult-1.DH7d-mxM_Z5SH8e.avif (before: 69kB, after: 6kB) (+1.52s) (1297/4055)
11:38:53   ▶ /_astro/periodontitis.HtI9zdHV_ZE4sub.avif (before: 83kB, after: 5kB) (+2.21s) (1298/4055)
11:38:53   ▶ /_astro/charcoal-teethbrushing-1.BLNvxxC9_ZyBRl8.jpg (before: 54kB, after: 20kB) (+1.55s) (1299/4055)
11:38:53   ▶ /_astro/austin-invisalign-1.Bw_8VRI4_ZKaHEd.jpg (before: 54kB, after: 46kB) (+1.55s) (1300/4055)
11:38:53   ▶ /_astro/preventive-dentist1-1.DGs-xQI6_gXzVN.jpg (before: 65kB, after: 18kB) (+895ms) (1301/4055)
11:38:53   ▶ /_astro/dentistcavities-G.CzNzrt66_ZKs57i.avif (before: 66kB, after: 8kB) (+2.27s) (1302/4055)
11:38:53   ▶ /_astro/toothbrushing-1.h50CIplH_Z2odUaU.avif (before: 55kB, after: 5kB) (+1.34s) (1303/4055)
11:38:53   ▶ /_astro/dental-crown-1.CepJgl_S_Z1rcRg.avif (before: 45kB, after: 5kB) (+1.34s) (1304/4055)
11:38:53   ▶ /_astro/gumabsess-1.CkUL0lKN_2qKAM3.avif (before: 68kB, after: 10kB) (+4.28s) (1305/4055)
11:38:53   ▶ /_astro/loosetoothadult-1.DH7d-mxM_Z8WT0p.jpg (before: 69kB, after: 31kB) (+1.25s) (1306/4055)
11:38:55   ▶ /_astro/jawbotox-for-tmj-1.CeYgt7p1_ZraEqM.avif (before: 29kB, after: 1kB) (+2.59s) (1307/4055)
11:38:55   ▶ /_astro/austin-invisalign-1.Bw_8VRI4_1Kxy4x.jpg (before: 54kB, after: 17kB) (+1.87s) (1308/4055)
11:38:55   ▶ /_astro/periodontitis.HtI9zdHV_2oakoJ.avif (before: 83kB, after: 7kB) (+1.93s) (1309/4055)
11:38:55   ▶ /_astro/preventive-dentist1-1.DGs-xQI6_Z21SARA.jpg (before: 65kB, after: 35kB) (+1.87s) (1310/4055)
11:38:55   ▶ /_astro/laser-teeth-whitening-1.Dd0N_uuG_Z2u7YSN.avif (before: 64kB, after: 11kB) (+2.79s) (1311/4055)
11:38:55   ▶ /_astro/toothbrushing-1.h50CIplH_Z1bOYin.avif (before: 55kB, after: 7kB) (+1.58s) (1312/4055)
11:38:55   ▶ /_astro/dentistcavities-G.CzNzrt66_9KrIQ.avif (before: 66kB, after: 14kB) (+2.03s) (1313/4055)
11:38:55   ▶ /_astro/gumabsess-1.CkUL0lKN_Z22spde.avif (before: 68kB, after: 3kB) (+1.58s) (1314/4055)
11:38:55   ▶ /_astro/loosetoothadult-1.DH7d-mxM_Z49FQS.jpg (before: 69kB, after: 7kB) (+1.58s) (1315/4055)
11:38:55   ▶ /_astro/dental-implant-toothbar-1.B_gJvn2h_1CEctn.avif (before: 56kB, after: 19kB) (+4.67s) (1316/4055)
11:38:55   ▶ /_astro/austin-invisalign-1.Bw_8VRI4_Z17UaBI.jpg (before: 54kB, after: 31kB) (+589ms) (1317/4055)
11:38:55   ▶ /_astro/periodontitis.HtI9zdHV_1kWE4S.jpg (before: 83kB, after: 36kB) (+589ms) (1318/4055)
11:38:55   ▶ /_astro/preventive-dentist1-1.DGs-xQI6_Z1oFcWT.jpg (before: 65kB, after: 54kB) (+589ms) (1319/4055)
11:38:56   ▶ /_astro/jawbotox-for-tmj-1.CeYgt7p1_xlfTs.avif (before: 29kB, after: 2kB) (+1.08s) (1320/4055)
11:38:56   ▶ /_astro/toothbrushing-1.h50CIplH_10m5v6.jpg (before: 55kB, after: 31kB) (+885ms) (1321/4055)
11:38:56   ▶ /_astro/dentalcrownsexampl-1.Cl3vfqto_2wqdNR.avif (before: 47kB, after: 12kB) (+2.92s) (1322/4055)
11:38:56   ▶ /_astro/dental-crown-1.CepJgl_S_BCFXx.avif (before: 45kB, after: 6kB) (+2.46s) (1323/4055)
11:38:56   ▶ /_astro/loosetoothadult-1.DH7d-mxM_1LvvP.jpg (before: 69kB, after: 14kB) (+894ms) (1324/4055)
11:38:56   ▶ /_astro/gumabsess-1.CkUL0lKN_1lh2JA.avif (before: 68kB, after: 6kB) (+1.62s) (1325/4055)
11:38:56   ▶ /_astro/austin-invisalign-1.Bw_8VRI4_Z10dcAa.jpg (before: 54kB, after: 47kB) (+1.24s) (1326/4055)
11:38:56   ▶ /_astro/periodontitis.HtI9zdHV_Z1jzAJD.jpg (before: 83kB, after: 8kB) (+1.24s) (1327/4055)
11:38:56   ▶ /_astro/dental-implant-toothbar-1.B_gJvn2h_Z1gB2hB.avif (before: 56kB, after: 8kB) (+1.30s) (1328/4055)
11:38:57   ▶ /_astro/jawbotox-for-tmj-1.CeYgt7p1_rzA7d.avif (before: 29kB, after: 3kB) (+868ms) (1329/4055)
11:38:57   ▶ /_astro/toothbrushing-1.h50CIplH_Z19IGAL.jpg (before: 55kB, after: 8kB) (+868ms) (1330/4055)
11:38:57   ▶ /_astro/preventive-dentist1-1.DGs-xQI6_Z7YvhP.avif (before: 65kB, after: 11kB) (+1.32s) (1331/4055)
11:38:57   ▶ /_astro/dental-crown-1.CepJgl_S_ZzkykE.jpg (before: 45kB, after: 34kB) (+869ms) (1332/4055)
11:38:57   ▶ /_astro/loosetoothadult-1.DH7d-mxM_Z1RupAQ.jpg (before: 69kB, after: 22kB) (+819ms) (1333/4055)
11:38:57   ▶ /_astro/dentalcrownsexampl-1.Cl3vfqto_Z1lEGlI.avif (before: 47kB, after: 3kB) (+1.50s) (1334/4055)
11:38:57   ▶ /_astro/laser-teeth-whitening-1.Dd0N_uuG_QqCQ5.avif (before: 64kB, after: 15kB) (+2.39s) (1335/4055)
11:38:57   ▶ /_astro/periodontitis.HtI9zdHV_ztqq2.jpg (before: 83kB, after: 16kB) (+728ms) (1336/4055)
11:38:57   ▶ /_astro/dentistcavities-G.CzNzrt66_Z1iowqq.avif (before: 66kB, after: 20kB) (+2.39s) (1337/4055)
11:38:57   ▶ /_astro/jawbotox-for-tmj-1.CeYgt7p1_1vBBQs.jpg (before: 29kB, after: 17kB) (+718ms) (1338/4055)
11:38:57   ▶ /_astro/toothbrushing-1.h50CIplH_Z21Jv8L.jpg (before: 55kB, after: 15kB) (+718ms) (1339/4055)
11:38:57   ▶ /_astro/austin-invisalign-1.Bw_8VRI4_Z1bCByY.avif (before: 54kB, after: 8kB) (+807ms) (1340/4055)
11:38:57   ▶ /_astro/dental-crown-1.CepJgl_S_Z295Dh6.jpg (before: 45kB, after: 12kB) (+718ms) (1341/4055)
11:38:58   ▶ /_astro/dental-implant-toothbar-1.B_gJvn2h_2sMtur.avif (before: 56kB, after: 12kB) (+1.17s) (1342/4055)
11:38:58   ▶ /_astro/preventive-dentist1-1.DGs-xQI6_Z2F4R0.avif (before: 65kB, after: 3kB) (+1.08s) (1343/4055)
11:38:58   ▶ /_astro/laser-teeth-whitening-1.Dd0N_uuG_1JtRYY.jpg (before: 64kB, after: 51kB) (+444ms) (1344/4055)
11:38:58   ▶ /_astro/periodontitis.HtI9zdHV_Z1rsTtY.jpg (before: 83kB, after: 25kB) (+444ms) (1345/4055)
11:38:58   ▶ /_astro/dentistcavities-G.CzNzrt66_2nMdSA.jpg (before: 66kB, after: 58kB) (+444ms) (1346/4055)
11:38:58   ▶ /_astro/jawbotox-for-tmj-1.CeYgt7p1_ilP1b.jpg (before: 29kB, after: 4kB) (+537ms) (1347/4055)
11:38:58   ▶ /_astro/toothbrushing-1.h50CIplH_ZOlzge.jpg (before: 55kB, after: 23kB) (+537ms) (1348/4055)
11:38:58   ▶ /_astro/dentalcrownsexampl-1.Cl3vfqto_Z1weaN9.avif (before: 47kB, after: 6kB) (+620ms) (1349/4055)
11:38:58   ▶ /_astro/dental-crown-1.CepJgl_S_Z2iNrQ8.jpg (before: 45kB, after: 22kB) (+537ms) (1350/4055)
11:38:58   ▶ /_astro/austin-invisalign-1.Bw_8VRI4_Z2j11XH.avif (before: 54kB, after: 3kB) (+1.02s) (1351/4055)
11:38:59   ▶ /_astro/gumabsess-1.CkUL0lKN_1FbR9O.avif (before: 68kB, after: 8kB) (+2.24s) (1352/4055)
11:38:59   ▶ /_astro/laser-teeth-whitening-1.Dd0N_uuG_1jW9Iw.jpg (before: 64kB, after: 18kB) (+1.02s) (1353/4055)
11:38:59   ▶ /_astro/dentistcavities-G.CzNzrt66_Z2x3MzU.jpg (before: 66kB, after: 20kB) (+1.02s) (1354/4055)
11:38:59   ▶ /_astro/jawbotox-for-tmj-1.CeYgt7p1_1hRKmq.jpg (before: 29kB, after: 9kB) (+1.14s) (1355/4055)
11:38:59   ▶ /_astro/preventive-dentist1-1.DGs-xQI6_hpmVU.avif (before: 65kB, after: 6kB) (+1.32s) (1356/4055)
11:38:59   ▶ /_astro/dental-crown-1.CepJgl_S_Z1EIy0k.jpg (before: 45kB, after: 32kB) (+1.14s) (1357/4055)
11:38:59   ▶ /_astro/shutterstock_616331219.Bv2JUpaO_26Ckf3.avif (before: 578kB, after: 9kB) (+2.44s) (1358/4055)
11:38:59   ▶ /_astro/dentalcrownsexampl-1.Cl3vfqto_m3rh1.avif (before: 47kB, after: 8kB) (+1.23s) (1359/4055)
11:38:59   ▶ /_astro/dental-implant-toothbar-1.B_gJvn2h_2viipd.avif (before: 56kB, after: 15kB) (+1.78s) (1360/4055)
11:39:00   ▶ /_astro/gumabsess-1.CkUL0lKN_1P2IFN.jpg (before: 68kB, after: 46kB) (+888ms) (1361/4055)
11:39:00   ▶ /_astro/austin-invisalign-1.Bw_8VRI4_YEv18.avif (before: 54kB, after: 5kB) (+1.26s) (1362/4055)
11:39:00   ▶ /_astro/laser-teeth-whitening-1.Dd0N_uuG_sNPKj.jpg (before: 64kB, after: 33kB) (+890ms) (1363/4055)
11:39:00   ▶ /_astro/dentistcavities-G.CzNzrt66_Z1BPfIL.jpg (before: 66kB, after: 37kB) (+965ms) (1364/4055)
11:39:00   ▶ /_astro/jawbotox-for-tmj-1.CeYgt7p1_1c75zb.jpg (before: 29kB, after: 13kB) (+673ms) (1365/4055)
11:39:00   ▶ /_astro/dental-crown-1.CepJgl_S_ZqVCzq.avif (before: 45kB, after: 4kB) (+673ms) (1366/4055)
11:39:00   ▶ /_astro/preventive-dentist1-1.DGs-xQI6_ZwOpeU.avif (before: 65kB, after: 8kB) (+741ms) (1367/4055)
11:39:00   ▶ /_astro/dentalcrownsexampl-1.Cl3vfqto_1XIfCR.jpg (before: 47kB, after: 52kB) (+729ms) (1368/4055)
11:39:00   ▶ /_astro/dental-implant-toothbar-1.B_gJvn2h_ZuH4Ly.jpg (before: 56kB, after: 49kB) (+430ms) (1369/4055)
11:39:00   ▶ /_astro/gumabsess-1.CkUL0lKN_2r0Qus.jpg (before: 68kB, after: 13kB) (+344ms) (1370/4055)
11:39:00   ▶ /_astro/shutterstock_616331219.Bv2JUpaO_12dmw9.avif (before: 578kB, after: 3kB) (+885ms) (1371/4055)
11:39:00   ▶ /_astro/laser-teeth-whitening-1.Dd0N_uuG_Z1fNEiJ.jpg (before: 64kB, after: 50kB) (+344ms) (1372/4055)
11:39:00   ▶ /_astro/female-dentist-is-installing-patient-s-mouth-device-making-molded-tooth.CnNo74CM_Z1ldARx.avif (before: 293kB, after: 12kB) (+2.36s) (1373/4055)
11:39:00   ▶ /_astro/dentistcavities-G.CzNzrt66_20bSTS.jpg (before: 66kB, after: 57kB) (+380ms) (1374/4055)
11:39:00   ▶ /_astro/preventive-dentist1-1.DGs-xQI6_Z20e9q2.jpg (before: 65kB, after: 36kB) (+357ms) (1375/4055)
11:39:00   ▶ /_astro/dentalcrownsexampl-1.Cl3vfqto_Z12JeaY.jpg (before: 47kB, after: 12kB) (+555ms) (1376/4055)
11:39:00   ▶ /_astro/dental-crown-1.CepJgl_S_K09O5.avif (before: 45kB, after: 1kB) (+697ms) (1377/4055)
11:39:01   ▶ /_astro/austin-invisalign-1.Bw_8VRI4_17AxBk.avif (before: 54kB, after: 6kB) (+1.06s) (1378/4055)
11:39:01   ▶ /_astro/dental-implant-toothbar-1.B_gJvn2h_1FdOgo.jpg (before: 56kB, after: 19kB) (+806ms) (1379/4055)
11:39:01   ▶ /_astro/gumabsess-1.CkUL0lKN_JyaDl.jpg (before: 68kB, after: 25kB) (+764ms) (1380/4055)
11:39:01   ▶ /_astro/shutterstock_1448097926.00p3LtfA_Z1cKYIF.avif (before: 615kB, after: 19kB) (+2.84s) (1381/4055)
11:39:01   ▶ /_astro/laser-teeth-whitening-1.Dd0N_uuG_EAVpd.avif (before: 64kB, after: 10kB) (+859ms) (1382/4055)
11:39:01   ▶ /_astro/shutterstock_616331219.Bv2JUpaO_Z1nyYk5.avif (before: 578kB, after: 5kB) (+863ms) (1383/4055)
11:39:01   ▶ /_astro/preventive-dentist1-1.DGs-xQI6_ZAn330.jpg (before: 65kB, after: 8kB) (+807ms) (1384/4055)
11:39:01   ▶ /_astro/female-dentist-is-installing-patient-s-mouth-device-making-molded-tooth.CnNo74CM_Ur5bX.avif (before: 293kB, after: 5kB) (+979ms) (1385/4055)
11:39:01   ▶ /_astro/dentalcrownsexampl-1.Cl3vfqto_Z1diHCp.jpg (before: 47kB, after: 24kB) (+660ms) (1386/4055)
11:39:01   ▶ /_astro/austin-invisalign-1.Bw_8VRI4_ZRH9of.jpg (before: 54kB, after: 28kB) (+630ms) (1387/4055)
11:39:01   ▶ /_astro/dental-implant-toothbar-1.B_gJvn2h_kqcev.jpg (before: 56kB, after: 34kB) (+598ms) (1388/4055)
11:39:01   ▶ /_astro/gumabsess-1.CkUL0lKN_14t03z.jpg (before: 68kB, after: 39kB) (+597ms) (1389/4055)
11:39:01   ▶ /_astro/dental-crown-1.CepJgl_S_1Ljiww.avif (before: 45kB, after: 2kB) (+928ms) (1390/4055)
11:39:01   ▶ /_astro/laser-teeth-whitening-1.Dd0N_uuG_1W8W3z.avif (before: 64kB, after: 4kB) (+625ms) (1391/4055)
11:39:01   ▶ /_astro/dentistcavities-G.CzNzrt66_2q7aRB.avif (before: 66kB, after: 13kB) (+1.37s) (1392/4055)
11:39:01   ▶ /_astro/shutterstock_1530279239.Crbu0Of1_1rKeyG.avif (before: 503kB, after: 13kB) (+1.86s) (1393/4055)
11:39:02   ▶ /_astro/preventive-dentist1-1.DGs-xQI6_ZghAe5.jpg (before: 65kB, after: 16kB) (+1.10s) (1394/4055)
11:39:02   ▶ /_astro/shutterstock_1448097926.00p3LtfA_gmYr0.avif (before: 615kB, after: 9kB) (+1.31s) (1395/4055)
11:39:02   ▶ /_astro/austin-invisalign-1.Bw_8VRI4_tGQWx.jpg (before: 54kB, after: 8kB) (+914ms) (1396/4055)
11:39:02   ▶ /_astro/dentalcrownsexampl-1.Cl3vfqto_EXTrK.jpg (before: 47kB, after: 37kB) (+1.33s) (1397/4055)
11:39:02   ▶ /_astro/dental-implant-toothbar-1.B_gJvn2h_mV19h.jpg (before: 56kB, after: 51kB) (+1.07s) (1398/4055)
11:39:02   ▶ /_astro/dental-crown-1.CepJgl_S_Z2dtWNS.avif (before: 45kB, after: 3kB) (+1.07s) (1399/4055)
11:39:02   ▶ /_astro/gumabsess-1.CkUL0lKN_27EVpQ.avif (before: 68kB, after: 6kB) (+1.16s) (1400/4055)
11:39:02   ▶ /_astro/female-dentist-is-installing-patient-s-mouth-device-making-molded-tooth.CnNo74CM_ZEJrjh.avif (before: 293kB, after: 8kB) (+1.42s) (1401/4055)
11:39:03   ▶ /_astro/laser-teeth-whitening-1.Dd0N_uuG_ZClV4A.avif (before: 64kB, after: 6kB) (+1.49s) (1402/4055)
11:39:03   ▶ /_astro/dentistcavities-G.CzNzrt66_28YuQr.avif (before: 66kB, after: 4kB) (+1.52s) (1403/4055)
11:39:03   ▶ /_astro/preventive-dentist1-1.DGs-xQI6_Z15wnpU.jpg (before: 65kB, after: 26kB) (+942ms) (1404/4055)
11:39:03   ▶ /_astro/austin-invisalign-1.Bw_8VRI4_Z1hNIQy.jpg (before: 54kB, after: 14kB) (+928ms) (1405/4055)
11:39:03   ▶ /_astro/shutterstock_1530279239.Crbu0Of1_Z1cUzwR.avif (before: 503kB, after: 5kB) (+1.62s) (1406/4055)
11:39:03   ▶ /_astro/dentalcrownsexampl-1.Cl3vfqto_Z1JKYSC.avif (before: 47kB, after: 7kB) (+792ms) (1407/4055)
11:39:03   ▶ /_astro/dental-crown-1.CepJgl_S_Z4sdxh.jpg (before: 45kB, after: 20kB) (+789ms) (1408/4055)
11:39:03   ▶ /_astro/shutterstock_616331219.Bv2JUpaO_K5lNl.avif (before: 578kB, after: 8kB) (+2.59s) (1409/4055)
11:39:03   ▶ /_astro/dental-implant-toothbar-1.B_gJvn2h_Z1XzKs2.avif (before: 56kB, after: 10kB) (+1.03s) (1410/4055)
11:39:04   ▶ /_astro/gumabsess-1.CkUL0lKN_IkhS8.avif (before: 68kB, after: 2kB) (+1.42s) (1411/4055)
11:39:04   ▶ /_astro/shutterstock_1448097926.00p3LtfA_1G8V9a.avif (before: 615kB, after: 13kB) (+1.94s) (1412/4055)
11:39:04   ▶ /_astro/austin-invisalign-1.Bw_8VRI4_Z19RGgm.jpg (before: 54kB, after: 21kB) (+882ms) (1413/4055)
11:39:04   ▶ /_astro/laser-teeth-whitening-1.Dd0N_uuG_2qLkbc.avif (before: 64kB, after: 8kB) (+1.48s) (1414/4055)
11:39:04   ▶ /_astro/dentistcavities-G.CzNzrt66_2eUHfa.avif (before: 66kB, after: 7kB) (+1.45s) (1415/4055)
11:39:04   ▶ /_astro/dental-crown-1.CepJgl_S_Z1wm59M.jpg (before: 45kB, after: 5kB) (+1.24s) (1416/4055)
11:39:04   ▶ /_astro/dentalcrownsexampl-1.Cl3vfqto_ZekVmf.avif (before: 47kB, after: 2kB) (+1.29s) (1417/4055)
11:39:04   ▶ /_astro/shutterstock_1530279239.Crbu0Of1_cPmai.avif (before: 503kB, after: 8kB) (+1.29s) (1418/4055)
11:39:04   ▶ /_astro/shutterstock_616331219.Bv2JUpaO_enG6Q.jpg (before: 578kB, after: 49kB) (+1.10s) (1419/4055)
11:39:05   ▶ /_astro/dental-implant-toothbar-1.B_gJvn2h_Z1KG0hx.avif (before: 56kB, after: 4kB) (+1.56s) (1420/4055)
11:39:05   ▶ /_astro/gumabsess-1.CkUL0lKN_2qiPbs.avif (before: 68kB, after: 3kB) (+1.39s) (1421/4055)
11:39:06   ▶ /_astro/laser-teeth-whitening-1.Dd0N_uuG_15pA3W.jpg (before: 64kB, after: 31kB) (+1.36s) (1422/4055)
11:39:06   ▶ /_astro/dentistcavities-G.CzNzrt66_kDL7t.avif (before: 66kB, after: 10kB) (+1.36s) (1423/4055)
11:39:06   ▶ /_astro/dental-crown-1.CepJgl_S_Zv2Vrl.jpg (before: 45kB, after: 10kB) (+1.36s) (1424/4055)
11:39:06   ▶ /_astro/dentalcrownsexampl-1.Cl3vfqto_Z1sKqw8.avif (before: 47kB, after: 3kB) (+1.61s) (1425/4055)
11:39:06   ▶ /_astro/shutterstock_1718366740-2.v7RsUidM_1WOeXo.avif (before: 546kB, after: 13kB) (+3.13s) (1426/4055)
11:39:06   ▶ /_astro/female-dentist-is-installing-patient-s-mouth-device-making-molded-tooth.CnNo74CM_Z2i9L7e.avif (before: 293kB, after: 10kB) (+3.63s) (1427/4055)
11:39:06   ▶ /_astro/shutterstock_616331219.Bv2JUpaO_ZP1gB3.jpg (before: 578kB, after: 12kB) (+1.63s) (1428/4055)
11:39:06   ▶ /_astro/dental-implant-toothbar-1.B_gJvn2h_Zf3joB.avif (before: 56kB, after: 6kB) (+1.21s) (1429/4055)
11:39:06   ▶ /_astro/gumabsess-1.CkUL0lKN_nuzVJ.avif (before: 68kB, after: 4kB) (+1.19s) (1430/4055)
11:39:07   ▶ /_astro/laser-teeth-whitening-1.Dd0N_uuG_Za6l6f.jpg (before: 64kB, after: 8kB) (+809ms) (1431/4055)
11:39:07   ▶ /_astro/dentistcavities-G.CzNzrt66_Z1Txstm.jpg (before: 66kB, after: 36kB) (+809ms) (1432/4055)
11:39:07   ▶ /_astro/dental-crown-1.CepJgl_S_zkV1b.jpg (before: 45kB, after: 15kB) (+807ms) (1433/4055)
11:39:07   ▶ /_astro/shutterstock_1448097926.00p3LtfA_Z15SRKj.avif (before: 615kB, after: 17kB) (+2.65s) (1434/4055)
11:39:07   ▶ /_astro/shutterstock_1530279239.Crbu0Of1_2uYG4K.avif (before: 503kB, after: 11kB) (+2.16s) (1435/4055)
11:39:07   ▶ /_astro/female-dentist-is-installing-patient-s-mouth-device-making-molded-tooth.CnNo74CM_7LLE1.jpg (before: 293kB, after: 46kB) (+522ms) (1436/4055)
11:39:07   ▶ /_astro/dentalcrownsexampl-1.Cl3vfqto_wFv9Q.avif (before: 47kB, after: 5kB) (+559ms) (1437/4055)
11:39:07   ▶ /_astro/shutterstock_616331219.Bv2JUpaO_1OnvlE.jpg (before: 578kB, after: 24kB) (+534ms) (1438/4055)
11:39:07   ▶ /_astro/shutterstock_1437249140.60ySkdVK_ZsXfxr.avif (before: 375kB, after: 9kB) (+2.69s) (1439/4055)
11:39:07   ▶ /_astro/gumabsess-1.CkUL0lKN_Z1h1BhX.jpg (before: 68kB, after: 25kB) (+307ms) (1440/4055)
11:39:07   ▶ /_astro/laser-teeth-whitening-1.Dd0N_uuG_2kzTzw.jpg (before: 64kB, after: 15kB) (+245ms) (1441/4055)
11:39:07   ▶ /_astro/dentistcavities-G.CzNzrt66_mnMnO.jpg (before: 66kB, after: 9kB) (+274ms) (1442/4055)
11:39:07   ▶ /_astro/shutterstock_1530279239.Crbu0Of1_1XfCC4.jpg (before: 503kB, after: 49kB) (+241ms) (1443/4055)
11:39:07   ▶ /_astro/shutterstock_1448097926.00p3LtfA_ZGgAFi.jpg (before: 615kB, after: 69kB) (+244ms) (1444/4055)
11:39:07   ▶ /_astro/dentalcrownsexampl-1.Cl3vfqto_Z2isX4C.jpg (before: 47kB, after: 27kB) (+267ms) (1445/4055)
11:39:07   ▶ /_astro/shutterstock_1718366740-2.v7RsUidM_Zn7vSY.avif (before: 546kB, after: 6kB) (+816ms) (1446/4055)
11:39:07   ▶ /_astro/female-dentist-is-installing-patient-s-mouth-device-making-molded-tooth.CnNo74CM_2orsIw.jpg (before: 293kB, after: 14kB) (+293ms) (1447/4055)
11:39:07   ▶ /_astro/shutterstock_616331219.Bv2JUpaO_Z179hjQ.jpg (before: 578kB, after: 40kB) (+331ms) (1448/4055)
11:39:07   ▶ /_astro/dental-implant-toothbar-1.B_gJvn2h_Zed3rT.avif (before: 56kB, after: 8kB) (+913ms) (1449/4055)
11:39:07   ▶ /_astro/gumabsess-1.CkUL0lKN_7BpLS.jpg (before: 68kB, after: 6kB) (+490ms) (1450/4055)
11:39:07   ▶ /_astro/laser-teeth-whitening-1.Dd0N_uuG_jw21n.jpg (before: 64kB, after: 23kB) (+469ms) (1451/4055)
11:39:07   ▶ /_astro/dentistcavities-G.CzNzrt66_sjYLx.jpg (before: 66kB, after: 17kB) (+440ms) (1452/4055)
11:39:07   ▶ /_astro/shutterstock_1530279239.Crbu0Of1_ZGqbtu.jpg (before: 503kB, after: 15kB) (+437ms) (1453/4055)
11:39:07   ▶ /_astro/shutterstock_1448097926.00p3LtfA_LRnun.jpg (before: 615kB, after: 21kB) (+436ms) (1454/4055)
11:39:07   ▶ /_astro/dentalcrownsexampl-1.Cl3vfqto_4zvNu.jpg (before: 47kB, after: 7kB) (+483ms) (1455/4055)
11:39:07   ▶ /_astro/female-dentist-is-installing-patient-s-mouth-device-making-molded-tooth.CnNo74CM_NfVdh.jpg (before: 293kB, after: 26kB) (+471ms) (1456/4055)
11:39:07   ▶ /_astro/shutterstock_1437249140.60ySkdVK_1Vx49V.avif (before: 375kB, after: 4kB) (+669ms) (1457/4055)
11:39:07   ▶ /_astro/dental-implant-toothbar-1.B_gJvn2h_Z27jDTQ.jpg (before: 56kB, after: 31kB) (+454ms) (1458/4055)
11:39:08   ▶ /_astro/gumabsess-1.CkUL0lKN_1OzX5d.jpg (before: 68kB, after: 11kB) (+392ms) (1459/4055)
11:39:08   ▶ /_astro/dentistcavities-G.CzNzrt66_Z1qVVl9.jpg (before: 66kB, after: 26kB) (+363ms) (1460/4055)
11:39:08   ▶ /_astro/shutterstock_1530279239.Crbu0Of1_IkKdF.jpg (before: 503kB, after: 28kB) (+363ms) (1461/4055)
11:39:08   ▶ /_astro/shutterstock_1448097926.00p3LtfA_2cDkcx.jpg (before: 615kB, after: 39kB) (+363ms) (1462/4055)
11:39:08   ▶ /_astro/dentalcrownsexampl-1.Cl3vfqto_Z19OXlo.jpg (before: 47kB, after: 12kB) (+353ms) (1463/4055)
11:39:08   ▶ /_astro/shutterstock_1718366740-2.v7RsUidM_Z20j4k.avif (before: 546kB, after: 8kB) (+824ms) (1464/4055)
11:39:08   ▶ /_astro/female-dentist-is-installing-patient-s-mouth-device-making-molded-tooth.CnNo74CM_ZO9nzF.jpg (before: 293kB, after: 39kB) (+353ms) (1465/4055)
11:39:08   ▶ /_astro/shutterstock_616331219.Bv2JUpaO_Z4Ybhg.avif (before: 578kB, after: 5kB) (+743ms) (1466/4055)
11:39:08   ▶ /_astro/dental-implant-toothbar-1.B_gJvn2h_1b8Qgs.jpg (before: 56kB, after: 9kB) (+277ms) (1467/4055)
11:39:08   ▶ /_astro/shutterstock_162886907.BjR3L63N_Z2uXDDa.avif (before: 469kB, after: 14kB) (+1.75s) (1468/4055)
11:39:09   ▶ /_astro/gumabsess-1.CkUL0lKN_Zddh9v.jpg (before: 68kB, after: 18kB) (+947ms) (1469/4055)
11:39:09   ▶ /_astro/shutterstock_1530279239.Crbu0Of1_Z23H3FN.jpg (before: 503kB, after: 42kB) (+943ms) (1470/4055)
11:39:09   ▶ /_astro/shutterstock_1448097926.00p3LtfA_ZzotGV.jpg (before: 615kB, after: 59kB) (+1.27s) (1471/4055)
11:39:09   ▶ /_astro/dentalcrownsexampl-1.Cl3vfqto_PAXkA.jpg (before: 47kB, after: 19kB) (+1.19s) (1472/4055)
11:39:09   ▶ /_astro/shutterstock_1437249140.60ySkdVK_Z1HS7VP.avif (before: 375kB, after: 6kB) (+1.54s) (1473/4055)
11:39:09   ▶ /_astro/female-dentist-is-installing-patient-s-mouth-device-making-molded-tooth.CnNo74CM_Dz6r2.avif (before: 293kB, after: 8kB) (+1.19s) (1474/4055)
11:39:09   ▶ /_astro/shutterstock_616331219.Bv2JUpaO_ZDLIh5.avif (before: 578kB, after: 1kB) (+1.19s) (1475/4055)
11:39:09   ▶ /_astro/dental-implant-toothbar-1.B_gJvn2h_Z2npAEx.jpg (before: 56kB, after: 16kB) (+1.40s) (1476/4055)
11:39:10   ▶ /_astro/shutterstock_162886907.BjR3L63N_Z114LAJ.avif (before: 469kB, after: 5kB) (+1.39s) (1477/4055)
11:39:10   ▶ /_astro/shutterstock_1718366740-2.v7RsUidM_2fAynI.avif (before: 546kB, after: 11kB) (+2.50s) (1478/4055)
11:39:11   ▶ /_astro/shutterstock_1530279239.Crbu0Of1_w32HQ.avif (before: 503kB, after: 7kB) (+2.12s) (1479/4055)
11:39:11   ▶ /_astro/shutterstock_1448097926.00p3LtfA_DGvLn.avif (before: 615kB, after: 12kB) (+1.79s) (1480/4055)
11:39:11   ▶ /_astro/shutterstock_660478255.DcK62t_r_2uI0zu.avif (before: 445kB, after: 12kB) (+3.43s) (1481/4055)
11:39:11   ▶ /_astro/shutterstock_1229852500.BrLeKFGR_Z1uj1lI.avif (before: 494kB, after: 13kB) (+3.06s) (1482/4055)
11:39:11   ▶ /_astro/female-dentist-is-installing-patient-s-mouth-device-making-molded-tooth.CnNo74CM_mKrwm.avif (before: 293kB, after: 3kB) (+1.79s) (1483/4055)
11:39:11   ▶ /_astro/shutterstock_616331219.Bv2JUpaO_2reSyk.avif (before: 578kB, after: 2kB) (+1.84s) (1484/4055)
11:39:11   ▶ /_astro/dental-implant-toothbar-1.B_gJvn2h_Z2mzkHP.jpg (before: 56kB, after: 24kB) (+1.56s) (1485/4055)
11:39:11   ▶ /_astro/shutterstock_162886907.BjR3L63N_1Dk0lX.avif (before: 469kB, after: 8kB) (+1.23s) (1486/4055)
11:39:11   ▶ /_astro/shutterstock_1718366740-2.v7RsUidM_Z9PW2P.jpg (before: 546kB, after: 54kB) (+1.26s) (1487/4055)
11:39:11   ▶ /_astro/shutterstock_1437249140.60ySkdVK_zgbWC.avif (before: 375kB, after: 8kB) (+2.57s) (1488/4055)
11:39:11   ▶ /_astro/shutterstock_1530279239.Crbu0Of1_ZzU4pu.avif (before: 503kB, after: 2kB) (+782ms) (1489/4055)
11:39:11   ▶ /_astro/shutterstock_1448097926.00p3LtfA_Snuyn.avif (before: 615kB, after: 5kB) (+783ms) (1490/4055)
11:39:11   ▶ /_astro/dental-checkup-G-G.DNdJU6OD_fQugG.avif (before: 45kB, after: 10kB) (+2.90s) (1491/4055)
11:39:11   ▶ /_astro/shutterstock_660478255.DcK62t_r_1qj2QA.avif (before: 445kB, after: 3kB) (+783ms) (1492/4055)
11:39:12   ▶ /_astro/female-dentist-is-installing-patient-s-mouth-device-making-molded-tooth.CnNo74CM_ZXO7Qe.avif (before: 293kB, after: 4kB) (+887ms) (1493/4055)
11:39:12   ▶ /_astro/white-teeth-austin-G.BIE8umCM_1PT1lj.avif (before: 56kB, after: 11kB) (+2.76s) (1494/4055)
11:39:12   ▶ /_astro/shutterstock_1229852500.BrLeKFGR_UcilE.avif (before: 494kB, after: 5kB) (+1.65s) (1495/4055)
11:39:12   ▶ /_astro/shutterstock_616331219.Bv2JUpaO_jaJUX.avif (before: 578kB, after: 4kB) (+1.77s) (1496/4055)
11:39:12   ▶ /_astro/shutterstock_1718366740-2.v7RsUidM_Z2uMHUd.jpg (before: 546kB, after: 17kB) (+1.06s) (1497/4055)
11:39:12   ▶ /_astro/shutterstock_1437249140.60ySkdVK_2w8uV.jpg (before: 375kB, after: 44kB) (+1.05s) (1498/4055)
11:39:12   ▶ /_astro/shutterstock_1530279239.Crbu0Of1_1AL0pi.avif (before: 503kB, after: 4kB) (+1.05s) (1499/4055)
11:39:12   ▶ /_astro/shutterstock_1448097926.00p3LtfA_Z207ypL.avif (before: 615kB, after: 7kB) (+1.05s) (1500/4055)
11:39:12   ▶ /_astro/dental-checkup-G-G.DNdJU6OD_2eljWQ.avif (before: 45kB, after: 4kB) (+1.05s) (1501/4055)
11:39:13   ▶ /_astro/shutterstock_162886907.BjR3L63N_Z1icMjx.avif (before: 469kB, after: 12kB) (+1.68s) (1502/4055)
11:39:13   ▶ /_astro/Dentures-1.C-uw-GQk_1dfGLc.avif (before: 71kB, after: 10kB) (+1.97s) (1503/4055)
11:39:13   ▶ /_astro/shutterstock_660478255.DcK62t_r_ZYtiYD.avif (before: 445kB, after: 6kB) (+1.59s) (1504/4055)
11:39:13   ▶ /_astro/shutterstock_616331219.Bv2JUpaO_Z2cetr5.jpg (before: 578kB, after: 26kB) (+617ms) (1505/4055)
11:39:13   ▶ /_astro/shutterstock_1718366740-2.v7RsUidM_Z29Fv5y.jpg (before: 546kB, after: 30kB) (+876ms) (1506/4055)
11:39:13   ▶ /_astro/shutterstock_1437249140.60ySkdVK_2s2sdj.jpg (before: 375kB, after: 13kB) (+876ms) (1507/4055)
11:39:13   ▶ /_astro/female-dentist-is-installing-patient-s-mouth-device-making-molded-tooth.CnNo74CM_Z25xhsT.avif (before: 293kB, after: 6kB) (+1.82s) (1508/4055)
11:39:13   ▶ /_astro/white-teeth-austin-G.BIE8umCM_Uas7C.avif (before: 56kB, after: 4kB) (+1.75s) (1509/4055)
11:39:13   ▶ /_astro/shutterstock_1530279239.Crbu0Of1_Z2rv83U.avif (before: 503kB, after: 5kB) (+878ms) (1510/4055)
11:39:14   ▶ /_astro/shutterstock_162886907.BjR3L63N_GXQ2z.jpg (before: 469kB, after: 52kB) (+922ms) (1511/4055)
11:39:14   ▶ /_astro/shutterstock_1229852500.BrLeKFGR_2kXf3O.avif (before: 494kB, after: 8kB) (+1.23s) (1512/4055)
11:39:14   ▶ /_astro/Dentures-1.C-uw-GQk_pRfTk.avif (before: 71kB, after: 4kB) (+931ms) (1513/4055)
11:39:14   ▶ /_astro/dental-checkup-G-G.DNdJU6OD_Z1Ivd9i.avif (before: 45kB, after: 6kB) (+1.14s) (1514/4055)
11:39:14   ▶ /_astro/shutterstock_616331219.Bv2JUpaO_Z2w1mph.jpg (before: 578kB, after: 5kB) (+590ms) (1515/4055)
11:39:14   ▶ /_astro/shutterstock_1448097926.00p3LtfA_ZXcy53.avif (before: 615kB, after: 10kB) (+1.18s) (1516/4055)
11:39:14   ▶ /_astro/shutterstock_1718366740-2.v7RsUidM_7Ummu.jpg (before: 546kB, after: 46kB) (+313ms) (1517/4055)
11:39:14   ▶ /_astro/shutterstock_1437249140.60ySkdVK_Z1cnISs.jpg (before: 375kB, after: 24kB) (+312ms) (1518/4055)
11:39:14   ▶ /_astro/female-dentist-is-installing-patient-s-mouth-device-making-molded-tooth.CnNo74CM_BXKBT.jpg (before: 293kB, after: 28kB) (+311ms) (1519/4055)
11:39:14   ▶ /_astro/shutterstock_1530279239.Crbu0Of1_1gSOXJ.jpg (before: 503kB, after: 27kB) (+863ms) (1520/4055)
11:39:14   ▶ /_astro/shutterstock_162886907.BjR3L63N_2bRI50.jpg (before: 469kB, after: 14kB) (+836ms) (1521/4055)
11:39:15   ▶ /_astro/white-teeth-austin-G.BIE8umCM_JAXFc.avif (before: 56kB, after: 6kB) (+1.39s) (1522/4055)
11:39:15   ▶ /_astro/Dentures-1.C-uw-GQk_gvoPs.avif (before: 71kB, after: 8kB) (+1.17s) (1523/4055)
11:39:15   ▶ /_astro/shutterstock_616331219.Bv2JUpaO_z0fq8.jpg (before: 578kB, after: 11kB) (+1.12s) (1524/4055)
11:39:15   ▶ /_astro/shutterstock_1448097926.00p3LtfA_1oxj2g.jpg (before: 615kB, after: 40kB) (+1.12s) (1525/4055)
11:39:15   ▶ /_astro/shutterstock_660478255.DcK62t_r_19b28M.avif (before: 445kB, after: 10kB) (+1.76s) (1526/4055)
11:39:15   ▶ /_astro/shutterstock_1437249140.60ySkdVK_15KA10.jpg (before: 375kB, after: 37kB) (+1.12s) (1527/4055)
11:39:15   ▶ /_astro/shutterstock_1718366740-2.v7RsUidM_srncw.avif (before: 546kB, after: 6kB) (+1.12s) (1528/4055)
11:39:15   ▶ /_astro/female-dentist-is-installing-patient-s-mouth-device-making-molded-tooth.CnNo74CM_1PKP3U.jpg (before: 293kB, after: 7kB) (+1.21s) (1529/4055)
11:39:15   ▶ /_astro/shutterstock_1530279239.Crbu0Of1_Z4pFm7.jpg (before: 503kB, after: 7kB) (+759ms) (1530/4055)
11:39:15   ▶ /_astro/shutterstock_162886907.BjR3L63N_ZdTCLe.jpg (before: 469kB, after: 27kB) (+1.09s) (1531/4055)
11:39:15   ▶ /_astro/Dentures-1.C-uw-GQk_2b6MEU.jpg (before: 71kB, after: 38kB) (+719ms) (1532/4055)
11:39:16   ▶ /_astro/shutterstock_616331219.Bv2JUpaO_Z1y3Sce.jpg (before: 578kB, after: 18kB) (+739ms) (1533/4055)
11:39:16   ▶ /_astro/shutterstock_1448097926.00p3LtfA_1oRSBK.jpg (before: 615kB, after: 10kB) (+740ms) (1534/4055)
11:39:16   ▶ /_astro/shutterstock_660478255.DcK62t_r_Ctmri.jpg (before: 445kB, after: 45kB) (+740ms) (1535/4055)
11:39:16   ▶ /_astro/shutterstock_1229852500.BrLeKFGR_Zr4yPE.avif (before: 494kB, after: 11kB) (+1.99s) (1536/4055)
11:39:16   ▶ /_astro/shutterstock_1437249140.60ySkdVK_1HOsU0.avif (before: 375kB, after: 5kB) (+741ms) (1537/4055)
11:39:16   ▶ /_astro/female-dentist-is-installing-patient-s-mouth-device-making-molded-tooth.CnNo74CM_ubfFk.jpg (before: 293kB, after: 13kB) (+708ms) (1538/4055)
11:39:16   ▶ /_astro/shutterstock_1530279239.Crbu0Of1_27gosF.jpg (before: 503kB, after: 13kB) (+637ms) (1539/4055)
11:39:16   ▶ /_astro/shutterstock_1718366740-2.v7RsUidM_Z1DzigT.avif (before: 546kB, after: 3kB) (+895ms) (1540/4055)
11:39:16   ▶ /_astro/shutterstock_162886907.BjR3L63N_1TJHmc.jpg (before: 469kB, after: 43kB) (+377ms) (1541/4055)
11:39:16   ▶ /_astro/Dentures-1.C-uw-GQk_1nIlN3.jpg (before: 71kB, after: 14kB) (+349ms) (1542/4055)
11:39:16   ▶ /_astro/dental-checkup-G-G.DNdJU6OD_1LQh6i.avif (before: 45kB, after: 9kB) (+2.21s) (1543/4055)
11:39:16   ▶ /_astro/shutterstock_1448097926.00p3LtfA_Z1tCamo.jpg (before: 615kB, after: 19kB) (+310ms) (1544/4055)
11:39:16   ▶ /_astro/shutterstock_1229852500.BrLeKFGR_ZXNCil.jpg (before: 494kB, after: 48kB) (+310ms) (1545/4055)
11:39:16   ▶ /_astro/shutterstock_660478255.DcK62t_r_ZqUAgB.jpg (before: 445kB, after: 12kB) (+332ms) (1546/4055)
11:39:16   ▶ /_astro/female-dentist-is-installing-patient-s-mouth-device-making-molded-tooth.CnNo74CM_ZBwSVl.jpg (before: 293kB, after: 20kB) (+491ms) (1547/4055)
11:39:16   ▶ /_astro/shutterstock_1437249140.60ySkdVK_Z2vDywC.avif (before: 375kB, after: 2kB) (+587ms) (1548/4055)
11:39:16   ▶ /_astro/shutterstock_1530279239.Crbu0Of1_Z1V0J0x.jpg (before: 503kB, after: 20kB) (+660ms) (1549/4055)
11:39:16   ▶ /_astro/white-teeth-austin-G.BIE8umCM_Z2rix3z.avif (before: 56kB, after: 9kB) (+1.54s) (1550/4055)
11:39:16   ▶ /_astro/Dentures-1.C-uw-GQk_1emuJb.jpg (before: 71kB, after: 27kB) (+483ms) (1551/4055)
11:39:16   ▶ /_astro/dental-checkup-G-G.DNdJU6OD_10nYIE.jpg (before: 45kB, after: 36kB) (+483ms) (1552/4055)
11:39:16   ▶ /_astro/shutterstock_1448097926.00p3LtfA_ZrHa1F.jpg (before: 615kB, after: 29kB) (+483ms) (1553/4055)
11:39:16   ▶ /_astro/shutterstock_1229852500.BrLeKFGR_1qGGp2.jpg (before: 494kB, after: 14kB) (+481ms) (1554/4055)
11:39:16   ▶ /_astro/shutterstock_1718366740-2.v7RsUidM_vYVVU.avif (before: 546kB, after: 4kB) (+715ms) (1555/4055)
11:39:17   ▶ /_astro/shutterstock_660478255.DcK62t_r_2dtbG6.jpg (before: 445kB, after: 23kB) (+843ms) (1556/4055)
11:39:17   ▶ /_astro/shutterstock_162886907.BjR3L63N_2ln3lr.avif (before: 469kB, after: 7kB) (+1.45s) (1557/4055)
11:39:17   ▶ /_astro/white-teeth-austin-G.BIE8umCM_29Otw3.jpg (before: 56kB, after: 44kB) (+961ms) (1558/4055)
11:39:17   ▶ /_astro/shutterstock_1437249140.60ySkdVK_ZjWtGP.avif (before: 375kB, after: 3kB) (+1.19s) (1559/4055)
11:39:17   ▶ /_astro/dental-checkup-G-G.DNdJU6OD_Z26jjo7.jpg (before: 45kB, after: 13kB) (+1.11s) (1560/4055)
11:39:17   ▶ /_astro/Dentures-1.C-uw-GQk_1Iq0MY.avif (before: 71kB, after: 6kB) (+1.11s) (1561/4055)
11:39:17   ▶ /_astro/shutterstock_1229852500.BrLeKFGR_Z2dIuGJ.jpg (before: 494kB, after: 26kB) (+1.11s) (1562/4055)
11:39:18   ▶ /_astro/shutterstock_1718366740-2.v7RsUidM_1pz4Mm.avif (before: 546kB, after: 5kB) (+1.19s) (1563/4055)
11:39:18   ▶ /_astro/shutterstock_660478255.DcK62t_r_ZI3AYp.jpg (before: 445kB, after: 37kB) (+1.17s) (1564/4055)
11:39:18   ▶ /_astro/pearlywhiteteeth.BQjgH3PO_ZTonfW.avif (before: 33kB, after: 10kB) (+1.84s) (1565/4055)
11:39:18   ▶ /_astro/shutterstock_162886907.BjR3L63N_2n7goX.avif (before: 469kB, after: 2kB) (+829ms) (1566/4055)
11:39:18   ▶ /_astro/white-teeth-austin-G.BIE8umCM_1e5Uim.jpg (before: 56kB, after: 13kB) (+827ms) (1567/4055)
11:39:18   ▶ /_astro/lock-jaw-1.WBzTnJAl_1TJ6VH.avif (before: 64kB, after: 19kB) (+2.58s) (1568/4055)
11:39:18   ▶ /_astro/dental-checkup-G-G.DNdJU6OD_ZXXHGk.jpg (before: 45kB, after: 24kB) (+682ms) (1569/4055)
11:39:18   ▶ /_astro/shutterstock_1437249140.60ySkdVK_GWvCS.avif (before: 375kB, after: 4kB) (+803ms) (1570/4055)
11:39:18   ▶ /_astro/shutterstock_1229852500.BrLeKFGR_4pOcI.jpg (before: 494kB, after: 40kB) (+682ms) (1571/4055)
11:39:18   ▶ /_astro/shutterstock_1718366740-2.v7RsUidM_F69dy.jpg (before: 546kB, after: 26kB) (+765ms) (1572/4055)
11:39:18   ▶ /_astro/Dentures-1.C-uw-GQk_ZsHVda.avif (before: 71kB, after: 2kB) (+1.05s) (1573/4055)
11:39:18   ▶ /_astro/lockjaw-G.VIOn2l53_ZPTaAU.avif (before: 42kB, after: 10kB) (+2.20s) (1574/4055)
11:39:19   ▶ /_astro/gum-and-braces.DO3lgAHq_1OsKfw.avif (before: 529kB, after: 11kB) (+2.34s) (1575/4055)
11:39:19   ▶ /_astro/white-teeth-austin-G.BIE8umCM_13wqPV.jpg (before: 56kB, after: 26kB) (+590ms) (1576/4055)
11:39:19   ▶ /_astro/shutterstock_162886907.BjR3L63N_nVJqr.avif (before: 469kB, after: 3kB) (+647ms) (1577/4055)
11:39:19   ▶ /_astro/pearlywhiteteeth.BQjgH3PO_Z1sEwet.avif (before: 33kB, after: 4kB) (+837ms) (1578/4055)
11:39:19   ▶ /_astro/shutterstock_1437249140.60ySkdVK_2sFgaS.jpg (before: 375kB, after: 24kB) (+639ms) (1579/4055)
11:39:19   ▶ /_astro/dental-checkup-G-G.DNdJU6OD_2wnLyg.jpg (before: 45kB, after: 36kB) (+639ms) (1580/4055)
11:39:19   ▶ /_astro/shutterstock_1718366740-2.v7RsUidM_1iVDvN.jpg (before: 546kB, after: 7kB) (+708ms) (1581/4055)
11:39:19   ▶ /_astro/shutterstock_660478255.DcK62t_r_1YuwsA.avif (before: 445kB, after: 6kB) (+1.26s) (1582/4055)
11:39:19   ▶ /_astro/lock-jaw-1.WBzTnJAl_Z6Gcrb.avif (before: 64kB, after: 6kB) (+1.02s) (1583/4055)
11:39:19   ▶ /_astro/Dentures-1.C-uw-GQk_Zlne5h.avif (before: 71kB, after: 3kB) (+809ms) (1584/4055)
11:39:19   ▶ /_astro/gum-and-braces.DO3lgAHq_2ge76q.avif (before: 529kB, after: 4kB) (+638ms) (1585/4055)
11:39:20   ▶ /_astro/white-teeth-austin-G.BIE8umCM_Z28n4RP.jpg (before: 56kB, after: 40kB) (+908ms) (1586/4055)
11:39:20   ▶ /_astro/lockjaw-G.VIOn2l53_ZupeMQ.avif (before: 42kB, after: 4kB) (+1.12s) (1587/4055)
11:39:20   ▶ /_astro/shutterstock_1229852500.BrLeKFGR_xsxLX.avif (before: 494kB, after: 8kB) (+1.49s) (1588/4055)
11:39:20   ▶ /_astro/shutterstock_1437249140.60ySkdVK_Z209atf.jpg (before: 375kB, after: 6kB) (+856ms) (1589/4055)
11:39:20   ▶ /_astro/shutterstock_1718366740-2.v7RsUidM_Z1AFf4j.jpg (before: 546kB, after: 13kB) (+579ms) (1590/4055)
11:39:20   ▶ /_astro/shutterstock_660478255.DcK62t_r_ZfG2VD.avif (before: 445kB, after: 1kB) (+1.07s) (1591/4055)
11:39:20   ▶ /_astro/shutterstock_162886907.BjR3L63N_Z1J7obU.avif (before: 469kB, after: 5kB) (+1.49s) (1592/4055)
11:39:20   ▶ /_astro/pearlywhiteteeth.BQjgH3PO_ZHPdyt.avif (before: 33kB, after: 6kB) (+1.70s) (1593/4055)
11:39:20   ▶ /_astro/dental-checkup-G-G.DNdJU6OD_ZNRzKU.avif (before: 45kB, after: 7kB) (+1.71s) (1594/4055)
11:39:20   ▶ /_astro/Dentures-1.C-uw-GQk_1rDAv4.avif (before: 71kB, after: 5kB) (+1.18s) (1595/4055)
11:39:21   ▶ /_astro/gum-and-braces.DO3lgAHq_ZdShyd.avif (before: 529kB, after: 7kB) (+1.21s) (1596/4055)
11:39:21   ▶ /_astro/lock-jaw-1.WBzTnJAl_Zg33v3.avif (before: 64kB, after: 11kB) (+1.37s) (1597/4055)
11:39:21   ▶ /_astro/white-teeth-austin-G.BIE8umCM_Z2nycr2.avif (before: 56kB, after: 7kB) (+933ms) (1598/4055)
11:39:21   ▶ /_astro/shutterstock_1437249140.60ySkdVK_bwTlx.jpg (before: 375kB, after: 11kB) (+995ms) (1599/4055)
11:39:21   ▶ /_astro/shutterstock_1718366740-2.v7RsUidM_ZH67dR.jpg (before: 546kB, after: 19kB) (+1.14s) (1600/4055)
11:39:21   ▶ /_astro/shutterstock_162886907.BjR3L63N_e7KbC.jpg (before: 469kB, after: 25kB) (+585ms) (1601/4055)
11:39:21   ▶ /_astro/shutterstock_1229852500.BrLeKFGR_1xcNt2.avif (before: 494kB, after: 3kB) (+1.56s) (1602/4055)
11:39:21   ▶ /_astro/shutterstock_660478255.DcK62t_r_Z2eQyUa.avif (before: 445kB, after: 3kB) (+972ms) (1603/4055)
11:39:21   ▶ /_astro/Dentures-1.C-uw-GQk_17H8GJ.jpg (before: 71kB, after: 25kB) (+706ms) (1604/4055)
11:39:21   ▶ /_astro/dental-checkup-G-G.DNdJU6OD_RM0zT.avif (before: 45kB, after: 2kB) (+756ms) (1605/4055)
11:39:21   ▶ /_astro/lockjaw-G.VIOn2l53_Z2oNfdM.avif (before: 42kB, after: 6kB) (+1.61s) (1606/4055)
11:39:21   ▶ /_astro/white-teeth-austin-G.BIE8umCM_22ud76.avif (before: 56kB, after: 3kB) (+711ms) (1607/4055)
11:39:22   ▶ /_astro/shutterstock_1437249140.60ySkdVK_1drTGg.jpg (before: 375kB, after: 17kB) (+885ms) (1608/4055)
11:39:22   ▶ /_astro/shutterstock_162886907.BjR3L63N_uRCgL.jpg (before: 469kB, after: 5kB) (+1.11s) (1609/4055)
11:39:23   ▶ /_astro/pearlywhiteteeth.BQjgH3PO_VklvS.avif (before: 33kB, after: 8kB) (+2.16s) (1610/4055)
11:39:23   ▶ /_astro/shutterstock_1229852500.BrLeKFGR_Z1lifv7.avif (before: 494kB, after: 5kB) (+1.44s) (1611/4055)
11:39:23   ▶ /_astro/shutterstock_660478255.DcK62t_r_Hgqgp.avif (before: 445kB, after: 4kB) (+1.44s) (1612/4055)
11:39:23   ▶ /_astro/Dentures-1.C-uw-GQk_u89Fy.jpg (before: 71kB, after: 6kB) (+1.44s) (1613/4055)
11:39:23   ▶ /_astro/gum-and-braces.DO3lgAHq_Z1zRLpt.avif (before: 529kB, after: 9kB) (+2.24s) (1614/4055)
11:39:23   ▶ /_astro/dental-checkup-G-G.DNdJU6OD_1RiUV9.avif (before: 45kB, after: 4kB) (+1.53s) (1615/4055)
11:39:23   ▶ /_astro/white-teeth-austin-G.BIE8umCM_N4HWd.avif (before: 56kB, after: 4kB) (+1.53s) (1616/4055)
11:39:23   ▶ /_astro/shutterstock_162886907.BjR3L63N_Z1thSGK.jpg (before: 469kB, after: 10kB) (+1.39s) (1617/4055)
11:39:24   ▶ /_astro/lock-jaw-1.WBzTnJAl_Z29usaM.avif (before: 64kB, after: 15kB) (+3.15s) (1618/4055)
11:39:24   ▶ /_astro/pearlywhiteteeth.BQjgH3PO_l93bK.jpg (before: 33kB, after: 30kB) (+1.04s) (1619/4055)
11:39:24   ▶ /_astro/shutterstock_1229852500.BrLeKFGR_Zjnfao.avif (before: 494kB, after: 7kB) (+1.04s) (1620/4055)
11:39:24   ▶ /_astro/braces-and-floss-1.DbNOWBW9_9UY9L.avif (before: 114kB, after: 25kB) (+2.87s) (1621/4055)
11:39:24   ▶ /_astro/shutterstock_660478255.DcK62t_r_Z7JKGe.jpg (before: 445kB, after: 22kB) (+1.04s) (1622/4055)
11:39:24   ▶ /_astro/Dentures-1.C-uw-GQk_BsQNr.jpg (before: 71kB, after: 11kB) (+1.07s) (1623/4055)
11:39:24   ▶ /_astro/gum-and-braces.DO3lgAHq_ZqMyHk.jpg (before: 529kB, after: 49kB) (+948ms) (1624/4055)
11:39:24   ▶ /_astro/white-teeth-austin-G.BIE8umCM_Z2gFtaJ.avif (before: 56kB, after: 6kB) (+948ms) (1625/4055)
11:39:24   ▶ /_astro/dental-checkup-G-G.DNdJU6OD_1Lxg8T.avif (before: 45kB, after: 5kB) (+1.03s) (1626/4055)
11:39:24   ▶ /_astro/lockjaw-G.VIOn2l53_xyIUB.avif (before: 42kB, after: 8kB) (+2.62s) (1627/4055)
11:39:24   ▶ /_astro/shutterstock_162886907.BjR3L63N_1sP6tO.jpg (before: 469kB, after: 17kB) (+544ms) (1628/4055)
11:39:24   ▶ /_astro/lock-jaw-1.WBzTnJAl_Z2cAUXv.jpg (before: 64kB, after: 51kB) (+185ms) (1629/4055)
11:39:24   ▶ /_astro/pearlywhiteteeth.BQjgH3PO_Zd75LL.jpg (before: 33kB, after: 11kB) (+183ms) (1630/4055)
11:39:24   ▶ /_astro/shutterstock_1229852500.BrLeKFGR_1ijl2Q.jpg (before: 494kB, after: 27kB) (+191ms) (1631/4055)
11:39:24   ▶ /_astro/placing-invisalign.pUL__mc2_ZXnpcz.avif (before: 55kB, after: 15kB) (+2.36s) (1632/4055)
11:39:24   ▶ /_astro/Dentures-1.C-uw-GQk_2puGoM.jpg (before: 71kB, after: 17kB) (+211ms) (1633/4055)
11:39:24   ▶ /_astro/shutterstock_660478255.DcK62t_r_Z27UG4P.jpg (before: 445kB, after: 5kB) (+244ms) (1634/4055)
11:39:24   ▶ /_astro/gum-and-braces.DO3lgAHq_Z2cQq.jpg (before: 529kB, after: 14kB) (+284ms) (1635/4055)
11:39:24   ▶ /_astro/white-teeth-austin-G.BIE8umCM_28UXbT.jpg (before: 56kB, after: 27kB) (+332ms) (1636/4055)
11:39:24   ▶ /_astro/dental-checkup-G-G.DNdJU6OD_1XPjak.jpg (before: 45kB, after: 24kB) (+253ms) (1637/4055)
11:39:24   ▶ /_astro/lockjaw-G.VIOn2l53_Z283uoq.jpg (before: 42kB, after: 36kB) (+197ms) (1638/4055)
11:39:24   ▶ /_astro/shutterstock_1229852500.BrLeKFGR_23Hcwp.jpg (before: 494kB, after: 7kB) (+432ms) (1639/4055)
11:39:24   ▶ /_astro/pearlywhiteteeth.BQjgH3PO_wHcSe.jpg (before: 33kB, after: 20kB) (+442ms) (1640/4055)
11:39:24   ▶ /_astro/lock-jaw-1.WBzTnJAl_Q9Srx.jpg (before: 64kB, after: 16kB) (+479ms) (1641/4055)
11:39:24   ▶ /_astro/shutterstock_660478255.DcK62t_r_X5UKz.jpg (before: 445kB, after: 9kB) (+413ms) (1642/4055)
11:39:25   ▶ /_astro/braces-and-floss-1.DbNOWBW9_ZJLgeS.avif (before: 114kB, after: 7kB) (+838ms) (1643/4055)
11:39:25   ▶ /_astro/gum-and-braces.DO3lgAHq_Z2u9Bw4.jpg (before: 529kB, after: 27kB) (+520ms) (1644/4055)
11:39:25   ▶ /_astro/white-teeth-austin-G.BIE8umCM_2lpFhP.jpg (before: 56kB, after: 7kB) (+529ms) (1645/4055)
11:39:25   ▶ /_astro/dental-checkup-G-G.DNdJU6OD_1Cjv2R.jpg (before: 45kB, after: 6kB) (+530ms) (1646/4055)
11:39:25   ▶ /_astro/lockjaw-G.VIOn2l53_Z1LyyAm.jpg (before: 42kB, after: 13kB) (+530ms) (1647/4055)
11:39:25   ▶ /_astro/shutterstock_1229852500.BrLeKFGR_ZOMQrJ.jpg (before: 494kB, after: 12kB) (+286ms) (1648/4055)
11:39:25   ▶ /_astro/placing-invisalign.pUL__mc2_266rl9.avif (before: 55kB, after: 6kB) (+799ms) (1649/4055)
11:39:25   ▶ /_astro/pearlywhiteteeth.BQjgH3PO_2bRLXA.jpg (before: 33kB, after: 30kB) (+367ms) (1650/4055)
11:39:25   ▶ /_astro/shutterstock_660478255.DcK62t_r_Z19XcQM.jpg (before: 445kB, after: 15kB) (+373ms) (1651/4055)
11:39:25   ▶ /_astro/lock-jaw-1.WBzTnJAl_GN2nF.jpg (before: 64kB, after: 31kB) (+449ms) (1652/4055)
11:39:25   ▶ /_astro/gum-and-braces.DO3lgAHq_1e32qB.jpg (before: 529kB, after: 42kB) (+882ms) (1653/4055)
11:39:25   ▶ /_astro/white-teeth-austin-G.BIE8umCM_170b7W.jpg (before: 56kB, after: 13kB) (+826ms) (1654/4055)
11:39:25   ▶ /_astro/dental-checkup-G-G.DNdJU6OD_Z2slHpO.jpg (before: 45kB, after: 12kB) (+825ms) (1655/4055)
11:39:25   ▶ /_astro/lockjaw-G.VIOn2l53_1oeyMD.jpg (before: 42kB, after: 23kB) (+883ms) (1656/4055)
11:39:26   ▶ /_astro/shutterstock_1229852500.BrLeKFGR_c78RY.jpg (before: 494kB, after: 19kB) (+1.02s) (1657/4055)
11:39:26   ▶ /_astro/braces-and-floss-1.DbNOWBW9_mykrT.avif (before: 114kB, after: 13kB) (+1.15s) (1658/4055)
11:39:26   ▶ /_astro/placing-invisalign.pUL__mc2_Z1QK5L0.avif (before: 55kB, after: 10kB) (+1.00s) (1659/4055)
11:39:26   ▶ /_astro/lock-jaw-1.WBzTnJAl_Z1bDmh4.jpg (before: 64kB, after: 48kB) (+1.05s) (1660/4055)
11:39:26   ▶ /_astro/pearlywhiteteeth.BQjgH3PO_1LGSPE.avif (before: 33kB, after: 5kB) (+1.27s) (1661/4055)
11:39:26   ▶ /_astro/adcrookedteeth-1.DvQ30oCA_2fTyLd.avif (before: 55kB, after: 4kB) (+1.22s) (1662/4055)
11:39:26   ▶ /_astro/white-teeth-austin-G.BIE8umCM_Z1WK100.jpg (before: 56kB, after: 20kB) (+535ms) (1663/4055)
11:39:26   ▶ /_astro/dental-checkup-G-G.DNdJU6OD_2w4KAR.jpg (before: 45kB, after: 18kB) (+534ms) (1664/4055)
11:39:27   ▶ /_astro/lockjaw-G.VIOn2l53_ZIzzQT.jpg (before: 42kB, after: 35kB) (+1.38s) (1665/4055)
11:39:27   ▶ /_astro/invisalignbraces.DzATL4pE_ZagzzT.avif (before: 60kB, after: 22kB) (+3.27s) (1666/4055)
11:39:27   ▶ /_astro/gum-and-braces.DO3lgAHq_Z28O5ML.avif (before: 529kB, after: 5kB) (+1.80s) (1667/4055)
11:39:27   ▶ /_astro/shutterstock_231558334-1.CF5coeIl_Z2qkn0E.avif (before: 52kB, after: 15kB) (+3.57s) (1668/4055)
11:39:27   ▶ /_astro/lock-jaw-1.WBzTnJAl_qv2k2.avif (before: 64kB, after: 6kB) (+1.59s) (1669/4055)
11:39:27   ▶ /_astro/pearlywhiteteeth.BQjgH3PO_Z21WTOt.avif (before: 33kB, after: 1kB) (+1.57s) (1670/4055)
11:39:28   ▶ /_astro/adcrookedteeth-1.DvQ30oCA_Z1NQUgE.avif (before: 55kB, after: 3kB) (+1.85s) (1671/4055)
11:39:28   ▶ /_astro/braces-and-floss-1.DbNOWBW9_Z1cgj6r.avif (before: 114kB, after: 20kB) (+2.75s) (1672/4055)
11:39:28   ▶ /_astro/placing-invisalign.pUL__mc2_1DBotA.avif (before: 55kB, after: 13kB) (+2.75s) (1673/4055)
11:39:29   ▶ /_astro/lockjaw-G.VIOn2l53_1XCPY3.avif (before: 42kB, after: 5kB) (+1.71s) (1674/4055)
11:39:29   ▶ /_astro/gum-and-braces.DO3lgAHq_16YN6O.avif (before: 529kB, after: 2kB) (+1.35s) (1675/4055)
11:39:29   ▶ /_astro/invisalignbraces.DzATL4pE_ZIwIyq.avif (before: 60kB, after: 7kB) (+1.35s) (1676/4055)
11:39:29   ▶ /_astro/shutterstock_231558334-1.CF5coeIl_29zNcN.avif (before: 52kB, after: 5kB) (+1.21s) (1677/4055)
11:39:29   ▶ /_astro/teethbrushing-1.DM-2flb9_yvaMp.avif (before: 66kB, after: 15kB) (+3.03s) (1678/4055)
11:39:29   ▶ /_astro/lock-jaw-1.WBzTnJAl_Z10hoyF.avif (before: 64kB, after: 2kB) (+1.23s) (1679/4055)
11:39:29   ▶ /_astro/adcrookedteeth-1.DvQ30oCA_Z2rNa0z.jpg (before: 55kB, after: 17kB) (+879ms) (1680/4055)
11:39:29   ▶ /_astro/veneere-1.jO8KeDvC_Z1dJStL.avif (before: 69kB, after: 8kB) (+3.10s) (1681/4055)
11:39:29   ▶ /_astro/braces-and-floss-1.DbNOWBW9_TstBJ.jpg (before: 114kB, after: 80kB) (+620ms) (1682/4055)
11:39:29   ▶ /_astro/placing-invisalign.pUL__mc2_ZdPTJB.jpg (before: 55kB, after: 47kB) (+983ms) (1683/4055)
11:39:29   ▶ /_astro/pearlywhiteteeth.BQjgH3PO_ZtIAnY.avif (before: 33kB, after: 3kB) (+1.90s) (1684/4055)
11:39:29   ▶ /_astro/gum-and-braces.DO3lgAHq_1JbOIo.avif (before: 529kB, after: 3kB) (+855ms) (1685/4055)
11:39:29   ▶ /_astro/lockjaw-G.VIOn2l53_Z2aezJw.avif (before: 42kB, after: 2kB) (+856ms) (1686/4055)
11:39:29   ▶ /_astro/texas-smile-.DYA0O7YD_4P5dm.avif (before: 84kB, after: 58kB) (+3.47s) (1687/4055)
11:39:30   ▶ /_astro/invisalignbraces.DzATL4pE_1hz6z.avif (before: 60kB, after: 12kB) (+963ms) (1688/4055)
11:39:30   ▶ /_astro/lock-jaw-1.WBzTnJAl_ZRVGqM.avif (before: 64kB, after: 3kB) (+890ms) (1689/4055)
11:39:30   ▶ /_astro/adcrookedteeth-1.DvQ30oCA_Z1rnvev.jpg (before: 55kB, after: 14kB) (+1.04s) (1690/4055)
11:39:30   ▶ /_astro/braces-and-floss-1.DbNOWBW9_ZeKLU.jpg (before: 114kB, after: 19kB) (+899ms) (1691/4055)
11:39:30   ▶ /_astro/placing-invisalign.pUL__mc2_Z2eyc0O.jpg (before: 55kB, after: 18kB) (+538ms) (1692/4055)
11:39:30   ▶ /_astro/teethbrushing-1.DM-2flb9_Z19LT1.avif (before: 66kB, after: 5kB) (+1.30s) (1693/4055)
11:39:30   ▶ /_astro/veneere-1.jO8KeDvC_ZRfWFH.avif (before: 69kB, after: 3kB) (+903ms) (1694/4055)
11:39:30   ▶ /_astro/shutterstock_231558334-1.CF5coeIl_ZVbtuf.avif (before: 52kB, after: 8kB) (+1.30s) (1695/4055)
11:39:30   ▶ /_astro/gum-and-braces.DO3lgAHq_Z1e16f2.avif (before: 529kB, after: 4kB) (+807ms) (1696/4055)
11:39:30   ▶ /_astro/lockjaw-G.VIOn2l53_w5edn.avif (before: 42kB, after: 3kB) (+861ms) (1697/4055)
11:39:30   ▶ /_astro/pearlywhiteteeth.BQjgH3PO_ZNv4BR.avif (before: 33kB, after: 3kB) (+867ms) (1698/4055)
11:39:31   ▶ /_astro/adcrookedteeth-1.DvQ30oCA_Z2sAI7v.avif (before: 55kB, after: 2kB) (+1.06s) (1699/4055)
11:39:31   ▶ /_astro/texas-smile-.DYA0O7YD_P2IiP.avif (before: 84kB, after: 11kB) (+1.61s) (1700/4055)
11:39:31   ▶ /_astro/braces-and-floss-1.DbNOWBW9_175OTR.jpg (before: 114kB, after: 41kB) (+1.11s) (1701/4055)
11:39:31   ▶ /_astro/placing-invisalign.pUL__mc2_Z17dAj2.jpg (before: 55kB, after: 33kB) (+1.11s) (1702/4055)
11:39:31   ▶ /_astro/lock-jaw-1.WBzTnJAl_U589y.avif (before: 64kB, after: 5kB) (+1.50s) (1703/4055)
11:39:31   ▶ /_astro/veneere-1.jO8KeDvC_2ixaHi.avif (before: 69kB, after: 5kB) (+1.11s) (1704/4055)
11:39:31   ▶ /_astro/gum-and-braces.DO3lgAHq_Z1dkdf7.jpg (before: 529kB, after: 25kB) (+916ms) (1705/4055)
11:39:31   ▶ /_astro/teethbrushing-1.DM-2flb9_Z1SLcAd.avif (before: 66kB, after: 8kB) (+1.34s) (1706/4055)
11:39:31   ▶ /_astro/pearlywhiteteeth.BQjgH3PO_6bn2.jpg (before: 33kB, after: 17kB) (+1.07s) (1707/4055)
11:39:32   ▶ /_astro/lockjaw-G.VIOn2l53_1MEAhn.avif (before: 42kB, after: 3kB) (+1.50s) (1708/4055)
11:39:32   ▶ /_astro/adcrookedteeth-1.DvQ30oCA_26aXYc.avif (before: 55kB, after: 1kB) (+1.05s) (1709/4055)
11:39:32   ▶ /_astro/braces-and-floss-1.DbNOWBW9_ZrINDt.jpg (before: 114kB, after: 67kB) (+804ms) (1710/4055)
11:39:32   ▶ /_astro/placing-invisalign.pUL__mc2_2o8SVy.jpg (before: 55kB, after: 49kB) (+804ms) (1711/4055)
11:39:32   ▶ /_astro/lock-jaw-1.WBzTnJAl_ZacOLd.jpg (before: 64kB, after: 22kB) (+804ms) (1712/4055)
11:39:32   ▶ /_astro/texas-smile-.DYA0O7YD_2aBF7r.avif (before: 84kB, after: 27kB) (+840ms) (1713/4055)
11:39:32   ▶ /_astro/invisalignbraces.DzATL4pE_1Fs9bV.avif (before: 60kB, after: 18kB) (+2.40s) (1714/4055)
11:39:32   ▶ /_astro/gum-and-braces.DO3lgAHq_Z19gvQ2.jpg (before: 529kB, after: 6kB) (+1.17s) (1715/4055)
11:39:33   ▶ /_astro/pearlywhiteteeth.BQjgH3PO_ZLptmL.jpg (before: 33kB, after: 4kB) (+1.23s) (1716/4055)
11:39:33   ▶ /_astro/lockjaw-G.VIOn2l53_Z28HbVa.jpg (before: 42kB, after: 19kB) (+904ms) (1717/4055)
11:39:33   ▶ /_astro/adcrookedteeth-1.DvQ30oCA_Z267j5m.jpg (before: 55kB, after: 9kB) (+904ms) (1718/4055)
11:39:33   ▶ /_astro/veneere-1.jO8KeDvC_aI12K.avif (before: 69kB, after: 7kB) (+1.72s) (1719/4055)
11:39:33   ▶ /_astro/braces-and-floss-1.DbNOWBW9_Z1P9nuX.avif (before: 114kB, after: 16kB) (+917ms) (1720/4055)
11:39:33   ▶ /_astro/lock-jaw-1.WBzTnJAl_Z2qiEW.jpg (before: 64kB, after: 5kB) (+918ms) (1721/4055)
11:39:33   ▶ /_astro/shutterstock_231558334-1.CF5coeIl_ZH73fB.avif (before: 52kB, after: 12kB) (+2.83s) (1722/4055)
11:39:33   ▶ /_astro/placing-invisalign.pUL__mc2_4KiSa.avif (before: 55kB, after: 9kB) (+930ms) (1723/4055)
11:39:33   ▶ /_astro/invisalignbraces.DzATL4pE_15gPQN.jpg (before: 60kB, after: 56kB) (+912ms) (1724/4055)
11:39:33   ▶ /_astro/pearlywhiteteeth.BQjgH3PO_KNP3I.jpg (before: 33kB, after: 8kB) (+298ms) (1725/4055)
11:39:33   ▶ /_astro/gum-and-braces.DO3lgAHq_Zw4ues.jpg (before: 529kB, after: 12kB) (+654ms) (1726/4055)
11:39:33   ▶ /_astro/adcrookedteeth-1.DvQ30oCA_2sEo1l.jpg (before: 55kB, after: 6kB) (+425ms) (1727/4055)
11:39:33   ▶ /_astro/lockjaw-G.VIOn2l53_1CNegT.jpg (before: 42kB, after: 5kB) (+488ms) (1728/4055)
11:39:33   ▶ /_astro/veneere-1.jO8KeDvC_Z2uTdhh.jpg (before: 69kB, after: 44kB) (+388ms) (1729/4055)
11:39:33   ▶ /_astro/lock-jaw-1.WBzTnJAl_4TorV.jpg (before: 64kB, after: 10kB) (+386ms) (1730/4055)
11:39:33   ▶ /_astro/shutterstock_231558334-1.CF5coeIl_Z20vIlU.jpg (before: 52kB, after: 46kB) (+386ms) (1731/4055)
11:39:33   ▶ /_astro/braces-and-floss-1.DbNOWBW9_Z26kzBP.avif (before: 114kB, after: 5kB) (+430ms) (1732/4055)
11:39:33   ▶ /_astro/placing-invisalign.pUL__mc2_Jx7Xc.avif (before: 55kB, after: 3kB) (+433ms) (1733/4055)
11:39:33   ▶ /_astro/invisalignbraces.DzATL4pE_w0GSh.jpg (before: 60kB, after: 19kB) (+437ms) (1734/4055)
11:39:33   ▶ /_astro/pearlywhiteteeth.BQjgH3PO_r2lOP.jpg (before: 33kB, after: 12kB) (+503ms) (1735/4055)
11:39:34   ▶ /_astro/gum-and-braces.DO3lgAHq_1zTHB3.jpg (before: 529kB, after: 18kB) (+884ms) (1736/4055)
11:39:34   ▶ /_astro/lockjaw-G.VIOn2l53_ZK45z8.jpg (before: 42kB, after: 10kB) (+682ms) (1737/4055)
11:39:34   ▶ /_astro/veneere-1.jO8KeDvC_Z29phtd.jpg (before: 69kB, after: 11kB) (+681ms) (1738/4055)
11:39:34   ▶ /_astro/lock-jaw-1.WBzTnJAl_1RVe3h.jpg (before: 64kB, after: 16kB) (+681ms) (1739/4055)
11:39:34   ▶ /_astro/shutterstock_231558334-1.CF5coeIl_Z2uMFWo.jpg (before: 52kB, after: 15kB) (+681ms) (1740/4055)
11:39:34   ▶ /_astro/teethbrushing-1.DM-2flb9_FyQyL.avif (before: 66kB, after: 12kB) (+2.57s) (1741/4055)
11:39:34   ▶ /_astro/braces-and-floss-1.DbNOWBW9_Z16NEgA.avif (before: 114kB, after: 8kB) (+643ms) (1742/4055)
11:39:34   ▶ /_astro/invisalignbraces.DzATL4pE_1gP0yh.jpg (before: 60kB, after: 37kB) (+635ms) (1743/4055)
11:39:35   ▶ /_astro/lockjaw-G.VIOn2l53_vvgtR.jpg (before: 42kB, after: 15kB) (+1.56s) (1744/4055)
11:39:35   ▶ /_astro/veneere-1.jO8KeDvC_11nPTM.jpg (before: 69kB, after: 22kB) (+1.57s) (1745/4055)
11:39:35   ▶ /_astro/placing-invisalign.pUL__mc2_1J43jr.avif (before: 55kB, after: 6kB) (+2.19s) (1746/4055)
11:39:35   ▶ /_astro/shutterstock_231558334-1.CF5coeIl_ZvmOPv.jpg (before: 52kB, after: 29kB) (+1.56s) (1747/4055)
11:39:35   ▶ /_astro/texas-smile-.DYA0O7YD_62CAz.avif (before: 84kB, after: 47kB) (+3.55s) (1748/4055)
11:39:35   ▶ /_astro/teethbrushing-1.DM-2flb9_UYzOy.jpg (before: 66kB, after: 50kB) (+1.56s) (1749/4055)
11:39:35   ▶ /_astro/braces-and-floss-1.DbNOWBW9_Z1czk3P.avif (before: 114kB, after: 12kB) (+1.56s) (1750/4055)
11:39:35   ▶ /_astro/invisalignbraces.DzATL4pE_Z29byai.jpg (before: 60kB, after: 57kB) (+1.52s) (1751/4055)
11:39:35   ▶ /_astro/is-cosmetic-dentistry-permanent.C1un-7el_nY1PK.avif (before: 57kB, after: 17kB) (+2.26s) (1752/4055)
11:39:36   ▶ /_astro/veneere-1.jO8KeDvC_Z16qiJK.jpg (before: 69kB, after: 34kB) (+879ms) (1753/4055)
11:39:36   ▶ /_astro/what-can-happen-if-i-dont-floss-my-teeth-properly.Bylpfbx3_ZqtU0Q.avif (before: 55kB, after: 8kB) (+2.45s) (1754/4055)
11:39:36   ▶ /_astro/shutterstock_231558334-1.CF5coeIl_ZhioAR.jpg (before: 52kB, after: 45kB) (+880ms) (1755/4055)
11:39:36   ▶ /_astro/texas-smile-.DYA0O7YD_1KkFjt.jpg (before: 84kB, after: 87kB) (+880ms) (1756/4055)
11:39:36   ▶ /_astro/teethbrushing-1.DM-2flb9_ljC88.jpg (before: 66kB, after: 13kB) (+880ms) (1757/4055)
11:39:36   ▶ /_astro/what-type-of-sedation-is-right-for-me.BaU0jAe4_293AY5.avif (before: 54kB, after: 18kB) (+2.92s) (1758/4055)
11:39:36   ▶ /_astro/braces-and-floss-1.DbNOWBW9_Wyvqh.jpg (before: 114kB, after: 46kB) (+880ms) (1759/4055)
11:39:36   ▶ /_astro/placing-invisalign.pUL__mc2_1Dinwc.avif (before: 55kB, after: 7kB) (+885ms) (1760/4055)
11:39:36   ▶ /_astro/what-to-do-when-you-lose-a-tooth.C-Bc8cCv_ZOVscX.avif (before: 56kB, after: 17kB) (+2.45s) (1761/4055)
11:39:37   ▶ /_astro/invisalignbraces.DzATL4pE_ZHk5nu.avif (before: 60kB, after: 10kB) (+1.77s) (1762/4055)
11:39:37   ▶ /_astro/is-cosmetic-dentistry-permanent.C1un-7el_1YhK8c.avif (before: 57kB, after: 6kB) (+1.77s) (1763/4055)
11:39:37   ▶ /_astro/veneere-1.jO8KeDvC_wJPfu.avif (before: 69kB, after: 5kB) (+900ms) (1764/4055)
11:39:37   ▶ /_astro/texas-smile-.DYA0O7YD_2vxjoW.jpg (before: 84kB, after: 23kB) (+897ms) (1765/4055)
11:39:37   ▶ /_astro/teethbrushing-1.DM-2flb9_Z1whMy4.jpg (before: 66kB, after: 26kB) (+897ms) (1766/4055)
11:39:37   ▶ /_astro/what-can-happen-if-i-dont-floss-my-teeth-properly.Bylpfbx3_Z2uLl6a.avif (before: 55kB, after: 3kB) (+902ms) (1767/4055)
11:39:37   ▶ /_astro/braces-and-floss-1.DbNOWBW9_Z1lN59R.jpg (before: 114kB, after: 10kB) (+897ms) (1768/4055)
11:39:37   ▶ /_astro/placing-invisalign.pUL__mc2_Z2cHUYw.jpg (before: 55kB, after: 32kB) (+897ms) (1769/4055)
11:39:37   ▶ /_astro/shutterstock_231558334-1.CF5coeIl_2nzwV2.avif (before: 52kB, after: 8kB) (+901ms) (1770/4055)
11:39:38   ▶ /_astro/what-type-of-sedation-is-right-for-me.BaU0jAe4_Z16Gdoo.avif (before: 54kB, after: 7kB) (+1.36s) (1771/4055)
11:39:38   ▶ /_astro/what-to-do-when-you-lose-a-tooth.C-Bc8cCv_4wPAi.avif (before: 56kB, after: 7kB) (+1.36s) (1772/4055)
11:39:38   ▶ /_astro/invisalignbraces.DzATL4pE_Z1hP79q.avif (before: 60kB, after: 3kB) (+470ms) (1773/4055)
11:39:38   ▶ /_astro/texas-smile-.DYA0O7YD_Z1e4RAn.jpg (before: 84kB, after: 53kB) (+469ms) (1774/4055)
11:39:38   ▶ /_astro/veneere-1.jO8KeDvC_Z2x5iCn.avif (before: 69kB, after: 2kB) (+470ms) (1775/4055)
11:39:38   ▶ /_astro/teethbrushing-1.DM-2flb9_133gAU.jpg (before: 66kB, after: 41kB) (+474ms) (1776/4055)
11:39:38   ▶ /_astro/braces-and-floss-1.DbNOWBW9_Zmh9NC.jpg (before: 114kB, after: 20kB) (+473ms) (1777/4055)
11:39:38   ▶ /_astro/306283610_1074853769828661_499037235804106975_n.obiTnlIu_1DgpsY.avif (before: 83kB, after: 15kB) (+2.26s) (1778/4055)
11:39:38   ▶ /_astro/placing-invisalign.pUL__mc2_1u4Cqa.jpg (before: 55kB, after: 9kB) (+474ms) (1779/4055)
11:39:39   ▶ /_astro/is-cosmetic-dentistry-permanent.C1un-7el_Ejo7c.avif (before: 57kB, after: 10kB) (+1.35s) (1780/4055)
11:39:39   ▶ /_astro/what-can-happen-if-i-dont-floss-my-teeth-properly.Bylpfbx3_Z1KAdu.avif (before: 55kB, after: 5kB) (+1.34s) (1781/4055)
11:39:39   ▶ /_astro/shutterstock_231558334-1.CF5coeIl_1DAqLk.avif (before: 52kB, after: 2kB) (+1.35s) (1782/4055)
11:39:39   ▶ /_astro/texas-smile-.DYA0O7YD_1LxdGG.jpg (before: 84kB, after: 90kB) (+880ms) (1783/4055)
11:39:39   ▶ /_astro/invisalignbraces.DzATL4pE_foch4.avif (before: 60kB, after: 5kB) (+882ms) (1784/4055)
11:39:39   ▶ /_astro/what-type-of-sedation-is-right-for-me.BaU0jAe4_Z1BV5WC.avif (before: 54kB, after: 11kB) (+887ms) (1785/4055)
11:39:39   ▶ /_astro/braces-and-floss-1.DbNOWBW9_Zs2OAR.jpg (before: 114kB, after: 31kB) (+876ms) (1786/4055)
11:39:39   ▶ /_astro/veneere-1.jO8KeDvC_9evkw.avif (before: 69kB, after: 3kB) (+882ms) (1787/4055)
11:39:39   ▶ /_astro/what-to-do-when-you-lose-a-tooth.C-Bc8cCv_Z2pzy4l.avif (before: 56kB, after: 11kB) (+889ms) (1788/4055)
11:39:40   ▶ /_astro/placing-invisalign.pUL__mc2_2tAxLp.jpg (before: 55kB, after: 16kB) (+2.56s) (1789/4055)
11:39:40   ▶ /_astro/teethbrushing-1.DM-2flb9_coYTV.avif (before: 66kB, after: 7kB) (+2.56s) (1790/4055)
11:39:41   ▶ /_astro/306283610_1074853769828661_499037235804106975_n.obiTnlIu_Z2w2rMF.avif (before: 83kB, after: 4kB) (+2.95s) (1791/4055)
11:39:41   ▶ /_astro/shutterstock_231558334-1.CF5coeIl_VwR15.avif (before: 52kB, after: 4kB) (+2.08s) (1792/4055)
11:39:41   ▶ /_astro/texas-smile-.DYA0O7YD_F1Ebk.avif (before: 84kB, after: 31kB) (+2.08s) (1793/4055)
11:39:41   ▶ /_astro/invisalignbraces.DzATL4pE_Z4ngVO.avif (before: 60kB, after: 8kB) (+2.08s) (1794/4055)
11:39:41   ▶ /_astro/what-can-happen-if-i-dont-floss-my-teeth-properly.Bylpfbx3_1o0qCI.avif (before: 55kB, after: 6kB) (+2.09s) (1795/4055)
11:39:41   ▶ /_astro/veneere-1.jO8KeDvC_1pNRow.avif (before: 69kB, after: 4kB) (+2.08s) (1796/4055)
11:39:41   ▶ /_astro/shutterstock_773757976.DqVAbfMp_Mbugp.avif (before: 161kB, after: 5kB) (+2.86s) (1797/4055)
11:39:41   ▶ /_astro/placing-invisalign.pUL__mc2_2nORYa.jpg (before: 55kB, after: 25kB) (+1.29s) (1798/4055)
11:39:41   ▶ /_astro/teethbrushing-1.DM-2flb9_Z1bj1s6.avif (before: 66kB, after: 2kB) (+1.29s) (1799/4055)
11:39:42   ▶ /_astro/is-cosmetic-dentistry-permanent.C1un-7el_1YFkfQ.avif (before: 57kB, after: 13kB) (+3.00s) (1800/4055)
11:39:42   ▶ /_astro/shutterstock_231558334-1.CF5coeIl_2tB9Ax.avif (before: 52kB, after: 5kB) (+920ms) (1801/4055)
11:39:42   ▶ /_astro/306283610_1074853769828661_499037235804106975_n.obiTnlIu_Z31GU0.avif (before: 83kB, after: 6kB) (+921ms) (1802/4055)
11:39:42   ▶ /_astro/invisalignbraces.DzATL4pE_Z2tUMQ7.jpg (before: 60kB, after: 33kB) (+920ms) (1803/4055)
11:39:42   ▶ /_astro/what-type-of-sedation-is-right-for-me.BaU0jAe4_ZGewct.avif (before: 54kB, after: 15kB) (+3.00s) (1804/4055)
11:39:42   ▶ /_astro/what-can-happen-if-i-dont-floss-my-teeth-properly.Bylpfbx3_ZvSJ2w.jpg (before: 55kB, after: 36kB) (+919ms) (1805/4055)
11:39:42   ▶ /_astro/what-to-do-when-you-lose-a-tooth.C-Bc8cCv_1iC5Sk.avif (before: 56kB, after: 15kB) (+3.20s) (1806/4055)
11:39:42   ▶ /_astro/veneere-1.jO8KeDvC_1uAV9d.jpg (before: 69kB, after: 24kB) (+1.39s) (1807/4055)
11:39:42   ▶ /_astro/is-cosmetic-dentistry-permanent.C1un-7el_Zuv0di.jpg (before: 57kB, after: 46kB) (+499ms) (1808/4055)
11:39:42   ▶ /_astro/shutterstock_231558334-1.CF5coeIl_fdfF6.jpg (before: 52kB, after: 27kB) (+499ms) (1809/4055)
11:39:42   ▶ /_astro/texas-smile-.DYA0O7YD_apaC8.avif (before: 84kB, after: 5kB) (+1.42s) (1810/4055)
11:39:42   ▶ /_astro/invisalignbraces.DzATL4pE_Z2hFGI.jpg (before: 60kB, after: 8kB) (+498ms) (1811/4055)
11:39:42   ▶ /_astro/teethbrushing-1.DM-2flb9_Z23jP06.avif (before: 66kB, after: 3kB) (+528ms) (1812/4055)
11:39:42   ▶ /_astro/what-type-of-sedation-is-right-for-me.BaU0jAe4_TJHRS.jpg (before: 54kB, after: 51kB) (+501ms) (1813/4055)
11:39:42   ▶ /_astro/shutterstock_773757976.DqVAbfMp_Z2mRpTd.avif (before: 161kB, after: 4kB) (+647ms) (1814/4055)
11:39:42   ▶ /_astro/what-can-happen-if-i-dont-floss-my-teeth-properly.Bylpfbx3_2u0XG6.jpg (before: 55kB, after: 12kB) (+599ms) (1815/4055)
11:39:42   ▶ /_astro/what-to-do-when-you-lose-a-tooth.C-Bc8cCv_1XYlD7.jpg (before: 56kB, after: 50kB) (+586ms) (1816/4055)
11:39:42   ▶ /_astro/veneere-1.jO8KeDvC_1fWvo3.jpg (before: 69kB, after: 6kB) (+373ms) (1817/4055)
11:39:42   ▶ /_astro/shutterstock_1662297199.BsuU8zhi_Zonsiu.avif (before: 179kB, after: 4kB) (+872ms) (1818/4055)
11:39:42   ▶ /_astro/shutterstock_231558334-1.CF5coeIl_24p5q4.jpg (before: 52kB, after: 6kB) (+346ms) (1819/4055)
11:39:42   ▶ /_astro/is-cosmetic-dentistry-permanent.C1un-7el_15MI49.jpg (before: 57kB, after: 17kB) (+347ms) (1820/4055)
11:39:42   ▶ /_astro/invisalignbraces.DzATL4pE_1uVCIL.jpg (before: 60kB, after: 16kB) (+348ms) (1821/4055)
11:39:42   ▶ /_astro/what-type-of-sedation-is-right-for-me.BaU0jAe4_Z2l06uA.jpg (before: 54kB, after: 19kB) (+343ms) (1822/4055)
11:39:42   ▶ /_astro/shutterstock_773757976.DqVAbfMp_ZLX8BU.jpg (before: 161kB, after: 15kB) (+343ms) (1823/4055)
11:39:43   ▶ /_astro/what-can-happen-if-i-dont-floss-my-teeth-properly.Bylpfbx3_Z7apfa.jpg (before: 55kB, after: 21kB) (+458ms) (1824/4055)
11:39:43   ▶ /_astro/what-to-do-when-you-lose-a-tooth.C-Bc8cCv_Z2bItmy.jpg (before: 56kB, after: 18kB) (+384ms) (1825/4055)
11:39:43   ▶ /_astro/veneere-1.jO8KeDvC_Z17TNrY.jpg (before: 69kB, after: 10kB) (+330ms) (1826/4055)
11:39:43   ▶ /_astro/shutterstock_231558334-1.CF5coeIl_1mlvEO.jpg (before: 52kB, after: 12kB) (+330ms) (1827/4055)
11:39:43   ▶ /_astro/teethbrushing-1.DM-2flb9_ZPUT7y.avif (before: 66kB, after: 5kB) (+674ms) (1828/4055)
11:39:43   ▶ /_astro/texas-smile-.DYA0O7YD_88h2P.avif (before: 84kB, after: 12kB) (+677ms) (1829/4055)
11:39:43   ▶ /_astro/is-cosmetic-dentistry-permanent.C1un-7el_ZeaCVQ.jpg (before: 57kB, after: 31kB) (+330ms) (1830/4055)
11:39:43   ▶ /_astro/invisalignbraces.DzATL4pE_1ba9uS.jpg (before: 60kB, after: 25kB) (+331ms) (1831/4055)
11:39:43   ▶ /_astro/what-type-of-sedation-is-right-for-me.BaU0jAe4_2dW9K7.jpg (before: 54kB, after: 35kB) (+330ms) (1832/4055)
11:39:43   ▶ /_astro/shutterstock_1662297199.BsuU8zhi_2kwEox.avif (before: 179kB, after: 3kB) (+342ms) (1833/4055)
11:39:43   ▶ /_astro/shutterstock_773757976.DqVAbfMp_18a51o.jpg (before: 161kB, after: 13kB) (+512ms) (1834/4055)
11:39:43   ▶ /_astro/what-can-happen-if-i-dont-floss-my-teeth-properly.Bylpfbx3_1iABB3.jpg (before: 55kB, after: 32kB) (+301ms) (1835/4055)
11:39:43   ▶ /_astro/what-to-do-when-you-lose-a-tooth.C-Bc8cCv_olfLJ.jpg (before: 56kB, after: 34kB) (+214ms) (1836/4055)
11:39:43   ▶ /_astro/veneere-1.jO8KeDvC_8ExB1.jpg (before: 69kB, after: 17kB) (+213ms) (1837/4055)
11:39:43   ▶ /_astro/306283610_1074853769828661_499037235804106975_n.obiTnlIu_1mJjVd.avif (before: 83kB, after: 9kB) (+1.39s) (1838/4055)
11:39:43   ▶ /_astro/teethbrushing-1.DM-2flb9_1rWqmD.jpg (before: 66kB, after: 24kB) (+213ms) (1839/4055)
11:39:43   ▶ /_astro/shutterstock_231558334-1.CF5coeIl_Z2aLkyE.jpg (before: 52kB, after: 19kB) (+215ms) (1840/4055)
11:39:43   ▶ /_astro/is-cosmetic-dentistry-permanent.C1un-7el_16bibN.jpg (before: 57kB, after: 47kB) (+252ms) (1841/4055)
11:39:43   ▶ /_astro/shutterstock_1662297199.BsuU8zhi_1zHdgG.jpg (before: 179kB, after: 16kB) (+677ms) (1842/4055)
11:39:43   ▶ /_astro/what-type-of-sedation-is-right-for-me.BaU0jAe4_Z1UxpiF.jpg (before: 54kB, after: 52kB) (+768ms) (1843/4055)
11:39:43   ▶ /_astro/shutterstock_773757976.DqVAbfMp_Z1dW9mB.avif (before: 161kB, after: 3kB) (+611ms) (1844/4055)
11:39:44   ▶ /_astro/what-can-happen-if-i-dont-floss-my-teeth-properly.Bylpfbx3_qBfkJ.avif (before: 55kB, after: 5kB) (+627ms) (1845/4055)
11:39:44   ▶ /_astro/shutterstock_1538855759.luy1QITA_Z1sdA2f.avif (before: 173kB, after: 5kB) (+899ms) (1846/4055)
11:39:44   ▶ /_astro/306283610_1074853769828661_499037235804106975_n.obiTnlIu_Z16l0mQ.jpg (before: 83kB, after: 66kB) (+690ms) (1847/4055)
11:39:44   ▶ /_astro/what-to-do-when-you-lose-a-tooth.C-Bc8cCv_ZWDe4w.jpg (before: 56kB, after: 52kB) (+1.28s) (1848/4055)
11:39:44   ▶ /_astro/teethbrushing-1.DM-2flb9_ZNOBpW.jpg (before: 66kB, after: 5kB) (+1.28s) (1849/4055)
11:39:44   ▶ /_astro/shutterstock_1662297199.BsuU8zhi_ZKyMPd.jpg (before: 179kB, after: 13kB) (+1.02s) (1850/4055)
11:39:45   ▶ /_astro/texas-smile-.DYA0O7YD_M92uv.avif (before: 84kB, after: 21kB) (+1.81s) (1851/4055)
11:39:45   ▶ /_astro/is-cosmetic-dentistry-permanent.C1un-7el_1DxRDi.avif (before: 57kB, after: 8kB) (+1.64s) (1852/4055)
11:39:45   ▶ /_astro/what-type-of-sedation-is-right-for-me.BaU0jAe4_2qlQQE.avif (before: 54kB, after: 8kB) (+1.20s) (1853/4055)
11:39:45   ▶ /_astro/shutterstock_773757976.DqVAbfMp_14VAi1.avif (before: 161kB, after: 2kB) (+1.17s) (1854/4055)
11:39:45   ▶ /_astro/what-can-happen-if-i-dont-floss-my-teeth-properly.Bylpfbx3_KWdDn.avif (before: 55kB, after: 2kB) (+1.20s) (1855/4055)
11:39:45   ▶ /_astro/306283610_1074853769828661_499037235804106975_n.obiTnlIu_2sJQYA.jpg (before: 83kB, after: 13kB) (+1.13s) (1856/4055)
11:39:45   ▶ /_astro/shutterstock_1941500632-1.k5y6kzF9_Z1X49sV.avif (before: 50kB, after: 6kB) (+1.83s) (1857/4055)
11:39:45   ▶ /_astro/shutterstock_1538855759.luy1QITA_1gGwEM.avif (before: 173kB, after: 5kB) (+1.38s) (1858/4055)
11:39:45   ▶ /_astro/shutterstock_462323689-1.9e_MmBIv_Z233Rcm.avif (before: 71kB, after: 11kB) (+2.09s) (1859/4055)
11:39:45   ▶ /_astro/teethbrushing-1.DM-2flb9_Z1FPpWW.jpg (before: 66kB, after: 11kB) (+804ms) (1860/4055)
11:39:45   ▶ /_astro/texas-smile-.DYA0O7YD_1Tzy6x.jpg (before: 84kB, after: 58kB) (+542ms) (1861/4055)
11:39:45   ▶ /_astro/is-cosmetic-dentistry-permanent.C1un-7el_Z2j8CBB.avif (before: 57kB, after: 3kB) (+504ms) (1862/4055)
11:39:45   ▶ /_astro/shutterstock_773757976.DqVAbfMp_2h5ly0.jpg (before: 161kB, after: 9kB) (+446ms) (1863/4055)
11:39:45   ▶ /_astro/what-type-of-sedation-is-right-for-me.BaU0jAe4_ZM6qud.avif (before: 54kB, after: 3kB) (+448ms) (1864/4055)
11:39:45   ▶ /_astro/shutterstock_1662297199.BsuU8zhi_1fWQSf.avif (before: 179kB, after: 2kB) (+761ms) (1865/4055)
11:39:45   ▶ /_astro/306283610_1074853769828661_499037235804106975_n.obiTnlIu_Z8qvVF.jpg (before: 83kB, after: 23kB) (+496ms) (1866/4055)
11:39:45   ▶ /_astro/shutterstock_1538855759.luy1QITA_vR5wV.jpg (before: 173kB, after: 18kB) (+265ms) (1867/4055)
11:39:45   ▶ /_astro/what-to-do-when-you-lose-a-tooth.C-Bc8cCv_16twPf.avif (before: 56kB, after: 10kB) (+1.13s) (1868/4055)
11:39:45   ▶ /_astro/teethbrushing-1.DM-2flb9_Ztru5p.jpg (before: 66kB, after: 17kB) (+328ms) (1869/4055)
11:39:46   ▶ /_astro/texas-smile-.DYA0O7YD_1PTKIf.jpg (before: 84kB, after: 10kB) (+455ms) (1870/4055)
11:39:46   ▶ /_astro/what-can-happen-if-i-dont-floss-my-teeth-properly.Bylpfbx3_Z2lG9hB.avif (before: 55kB, after: 3kB) (+810ms) (1871/4055)
11:39:46   ▶ /_astro/shutterstock_773757976.DqVAbfMp_Zud2Aj.jpg (before: 161kB, after: 7kB) (+446ms) (1872/4055)
11:39:46   ▶ /_astro/shutterstock_1941500632-1.k5y6kzF9_2b5ssB.avif (before: 50kB, after: 3kB) (+817ms) (1873/4055)
11:39:46   ▶ /_astro/shutterstock_462323689-1.9e_MmBIv_1EJibt.avif (before: 71kB, after: 4kB) (+566ms) (1874/4055)
11:39:46   ▶ /_astro/shutterstock_1662297199.BsuU8zhi_Z2opTnT.avif (before: 179kB, after: 2kB) (+431ms) (1875/4055)
11:39:46   ▶ /_astro/shutterstock_1538855759.luy1QITA_Z1OoUyX.jpg (before: 173kB, after: 16kB) (+358ms) (1876/4055)
11:39:46   ▶ /_astro/what-type-of-sedation-is-right-for-me.BaU0jAe4_Z1Hvapk.avif (before: 54kB, after: 5kB) (+778ms) (1877/4055)
11:39:46   ▶ /_astro/306283610_1074853769828661_499037235804106975_n.obiTnlIu_1hkuTx.jpg (before: 83kB, after: 37kB) (+894ms) (1878/4055)
11:39:46   ▶ /_astro/texas-smile-.DYA0O7YD_1NCR8W.jpg (before: 84kB, after: 23kB) (+635ms) (1879/4055)
11:39:46   ▶ /_astro/is-cosmetic-dentistry-permanent.C1un-7el_2wfYUX.avif (before: 57kB, after: 5kB) (+1.33s) (1880/4055)
11:39:46   ▶ /_astro/what-to-do-when-you-lose-a-tooth.C-Bc8cCv_Z14Gsoj.avif (before: 56kB, after: 4kB) (+1.10s) (1881/4055)
11:39:46   ▶ /_astro/what-can-happen-if-i-dont-floss-my-teeth-properly.Bylpfbx3_Z16WnfT.avif (before: 55kB, after: 4kB) (+889ms) (1882/4055)
11:39:47   ▶ /_astro/shutterstock_1662297199.BsuU8zhi_Z1P8Alv.jpg (before: 179kB, after: 9kB) (+1.27s) (1883/4055)
11:39:47   ▶ /_astro/shutterstock_1941500632-1.k5y6kzF9_ZIz4Dt.avif (before: 50kB, after: 4kB) (+1.31s) (1884/4055)
11:39:47   ▶ /_astro/shutterstock_462323689-1.9e_MmBIv_jVF9A.avif (before: 71kB, after: 7kB) (+1.31s) (1885/4055)
11:39:47   ▶ /_astro/shutterstock_1538855759.luy1QITA_c7J9u.avif (before: 173kB, after: 3kB) (+1.64s) (1886/4055)
11:39:47   ▶ /_astro/what-type-of-sedation-is-right-for-me.BaU0jAe4_1iOdCA.avif (before: 54kB, after: 6kB) (+1.36s) (1887/4055)
11:39:47   ▶ /_astro/texas-smile-.DYA0O7YD_2sDCAC.jpg (before: 84kB, after: 40kB) (+1.14s) (1888/4055)
11:39:47   ▶ /_astro/306283610_1074853769828661_499037235804106975_n.obiTnlIu_21Xuvr.avif (before: 83kB, after: 9kB) (+1.27s) (1889/4055)
11:39:47   ▶ /_astro/what-to-do-when-you-lose-a-tooth.C-Bc8cCv_ZruqLJ.avif (before: 56kB, after: 6kB) (+961ms) (1890/4055)
11:39:47   ▶ /_astro/is-cosmetic-dentistry-permanent.C1un-7el_2anJtB.avif (before: 57kB, after: 6kB) (+964ms) (1891/4055)
11:39:48   ▶ /_astro/shutterstock_1662297199.BsuU8zhi_ZpkdNI.jpg (before: 179kB, after: 6kB) (+646ms) (1892/4055)
11:39:48   ▶ /_astro/what-can-happen-if-i-dont-floss-my-teeth-properly.Bylpfbx3_Z2j0av6.jpg (before: 55kB, after: 21kB) (+1.08s) (1893/4055)
11:39:48   ▶ /_astro/shutterstock_714402862-1-1.CSxRLvjS_Z1xjK1b.avif (before: 28kB, after: 8kB) (+2.19s) (1894/4055)
11:39:48   ▶ /_astro/shutterstock_1051437563-1.RaBNL9oP_Z2vYTRd.avif (before: 26kB, after: 5kB) (+2.20s) (1895/4055)
11:39:48   ▶ /_astro/what-type-of-sedation-is-right-for-me.BaU0jAe4_ZePBxT.jpg (before: 54kB, after: 27kB) (+947ms) (1896/4055)
11:39:49   ▶ /_astro/shutterstock_1538855759.luy1QITA_1BV6Gh.avif (before: 173kB, after: 2kB) (+1.31s) (1897/4055)
11:39:49   ▶ /_astro/306283610_1074853769828661_499037235804106975_n.obiTnlIu_JG6VR.avif (before: 83kB, after: 2kB) (+1.16s) (1898/4055)
11:39:49   ▶ /_astro/is-cosmetic-dentistry-permanent.C1un-7el_ZBHrjy.jpg (before: 57kB, after: 28kB) (+1.17s) (1899/4055)
11:39:49   ▶ /_astro/what-to-do-when-you-lose-a-tooth.C-Bc8cCv_1EtL3L.avif (before: 56kB, after: 8kB) (+1.23s) (1900/4055)
11:39:49   ▶ /_astro/what-can-happen-if-i-dont-floss-my-teeth-properly.Bylpfbx3_FxoBH.jpg (before: 55kB, after: 6kB) (+1.10s) (1901/4055)
11:39:49   ▶ /_astro/shutterstock_1941500632-1.k5y6kzF9_Z1ts50H.avif (before: 50kB, after: 6kB) (+1.75s) (1902/4055)
11:39:49   ▶ /_astro/shutterstock_714402862-1-1.CSxRLvjS_jQORO.avif (before: 28kB, after: 3kB) (+1.12s) (1903/4055)
11:39:49   ▶ /_astro/shutterstock_462323689-1.9e_MmBIv_mru4m.avif (before: 71kB, after: 10kB) (+1.81s) (1904/4055)
11:39:49   ▶ /_astro/what-type-of-sedation-is-right-for-me.BaU0jAe4_Z21pjAp.jpg (before: 54kB, after: 7kB) (+478ms) (1905/4055)
11:39:49   ▶ /_astro/young-woman-brushing-her-teeth-1.Dc7Y1erj_ZK8CMz.avif (before: 32kB, after: 9kB) (+1.49s) (1906/4055)
11:39:49   ▶ /_astro/shutterstock_1538855759.luy1QITA_2bdpIF.jpg (before: 173kB, after: 9kB) (+216ms) (1907/4055)
11:39:49   ▶ /_astro/shutterstock_1051437563-1.RaBNL9oP_1ehq70.avif (before: 26kB, after: 2kB) (+1.01s) (1908/4055)
11:39:49   ▶ /_astro/is-cosmetic-dentistry-permanent.C1un-7el_1Ryt8h.jpg (before: 57kB, after: 7kB) (+308ms) (1909/4055)
11:39:49   ▶ /_astro/what-to-do-when-you-lose-a-tooth.C-Bc8cCv_21XpnT.jpg (before: 56kB, after: 32kB) (+250ms) (1910/4055)
11:39:49   ▶ /_astro/what-can-happen-if-i-dont-floss-my-teeth-properly.Bylpfbx3_Z2r5Xjh.jpg (before: 55kB, after: 10kB) (+252ms) (1911/4055)
11:39:49   ▶ /_astro/shutterstock_1941500632-1.k5y6kzF9_Z26N2UK.jpg (before: 50kB, after: 38kB) (+346ms) (1912/4055)
11:39:49   ▶ /_astro/shutterstock_462323689-1.9e_MmBIv_SKYlD.jpg (before: 71kB, after: 46kB) (+605ms) (1913/4055)
11:39:49   ▶ /_astro/what-type-of-sedation-is-right-for-me.BaU0jAe4_28n5ip.jpg (before: 54kB, after: 14kB) (+605ms) (1914/4055)
11:39:49   ▶ /_astro/306283610_1074853769828661_499037235804106975_n.obiTnlIu_Z2mWfY7.avif (before: 83kB, after: 4kB) (+798ms) (1915/4055)
11:39:49   ▶ /_astro/shutterstock_1538855759.luy1QITA_Z1talxt.jpg (before: 173kB, after: 7kB) (+583ms) (1916/4055)
11:39:49   ▶ /_astro/young-woman-brushing-her-teeth-1.Dc7Y1erj_Z2bzMBt.avif (before: 32kB, after: 3kB) (+586ms) (1917/4055)
11:39:49   ▶ /_astro/is-cosmetic-dentistry-permanent.C1un-7el_1CKWQU.jpg (before: 57kB, after: 14kB) (+579ms) (1918/4055)
11:39:49   ▶ /_astro/what-to-do-when-you-lose-a-tooth.C-Bc8cCv_1JelrL.jpg (before: 56kB, after: 8kB) (+580ms) (1919/4055)
11:39:49   ▶ /_astro/shutterstock_1051437563-1.RaBNL9oP_Z1Fn705.avif (before: 26kB, after: 3kB) (+678ms) (1920/4055)
11:39:49   ▶ /_astro/shutterstock_714402862-1-1.CSxRLvjS_ZrGKG1.avif (before: 28kB, after: 4kB) (+820ms) (1921/4055)
11:39:50   ▶ /_astro/what-can-happen-if-i-dont-floss-my-teeth-properly.Bylpfbx3_Z1cmchz.jpg (before: 55kB, after: 16kB) (+691ms) (1922/4055)
11:39:50   ▶ /_astro/shutterstock_1941500632-1.k5y6kzF9_22lz0M.jpg (before: 50kB, after: 12kB) (+596ms) (1923/4055)
11:39:51   ▶ /_astro/shutterstock_462323689-1.9e_MmBIv_ZsBY4s.jpg (before: 71kB, after: 15kB) (+1.88s) (1924/4055)
11:39:51   ▶ /_astro/what-type-of-sedation-is-right-for-me.BaU0jAe4_4vkwo.jpg (before: 54kB, after: 21kB) (+1.88s) (1925/4055)
11:39:51   ▶ /_astro/is-cosmetic-dentistry-permanent.C1un-7el_1gSHpy.jpg (before: 57kB, after: 21kB) (+1.77s) (1926/4055)
11:39:51   ▶ /_astro/what-to-do-when-you-lose-a-tooth.C-Bc8cCv_2mqn4l.jpg (before: 56kB, after: 16kB) (+1.77s) (1927/4055)
11:39:51   ▶ /_astro/young-woman-brushing-her-teeth-1.Dc7Y1erj_otVwO.avif (before: 32kB, after: 5kB) (+1.86s) (1928/4055)
11:39:51   ▶ /_astro/306283610_1074853769828661_499037235804106975_n.obiTnlIu_Z18dtWp.avif (before: 83kB, after: 5kB) (+1.86s) (1929/4055)
11:39:51   ▶ /_astro/shutterstock_1019069908-1.Dlv3iMTV_ZlbykF.avif (before: 59kB, after: 19kB) (+1.91s) (1930/4055)
11:39:52   ▶ /_astro/shutterstock_1941500632-1.k5y6kzF9_ZRiX6i.jpg (before: 50kB, after: 22kB) (+2.03s) (1931/4055)
11:39:53   ▶ /_astro/shutterstock_462323689-1.9e_MmBIv_Z1NpB6l.jpg (before: 71kB, after: 28kB) (+1.38s) (1932/4055)
11:39:53   ▶ /_astro/shutterstock_1051437563-1.RaBNL9oP_Z2qg7mj.avif (before: 26kB, after: 4kB) (+3.25s) (1933/4055)
11:39:53   ▶ /_astro/what-to-do-when-you-lose-a-tooth.C-Bc8cCv_ZALxT5.jpg (before: 56kB, after: 24kB) (+1.54s) (1934/4055)
11:39:53   ▶ /_astro/shutterstock_714402862-1-1.CSxRLvjS_ZmGAAz.avif (before: 28kB, after: 6kB) (+3.30s) (1935/4055)
11:39:53   ▶ /_astro/306283610_1074853769828661_499037235804106975_n.obiTnlIu_ZHCUko.jpg (before: 83kB, after: 34kB) (+1.54s) (1936/4055)
11:39:53   ▶ /_astro/pexels-shiny-diamond-3762453-1-scaled-1.BilK3WD__1g49ry.avif (before: 279kB, after: 39kB) (+5.30s) (1937/4055)
11:39:53   ▶ /_astro/shutterstock_1019069908-1.Dlv3iMTV_1OJkHh.avif (before: 59kB, after: 7kB) (+1.55s) (1938/4055)
11:39:53   ▶ /_astro/young-woman-brushing-her-teeth-1.Dc7Y1erj_ZWuxjr.avif (before: 32kB, after: 7kB) (+1.63s) (1939/4055)
11:39:53   ▶ /_astro/shutterstock_1941500632-1.k5y6kzF9_Z1CbXsw.jpg (before: 50kB, after: 34kB) (+1.25s) (1940/4055)
11:39:53   ▶ /_astro/shutterstock_462323689-1.9e_MmBIv_Z1KTMbz.jpg (before: 71kB, after: 42kB) (+684ms) (1941/4055)
11:39:53   ▶ /_astro/shutterstock_1051437563-1.RaBNL9oP_2psktT.jpg (before: 26kB, after: 23kB) (+590ms) (1942/4055)
11:39:54   ▶ /_astro/shutterstock_714402862-1-1.CSxRLvjS_ZSVhkE.jpg (before: 28kB, after: 24kB) (+1.20s) (1943/4055)
11:39:54   ▶ /_astro/306283610_1074853769828661_499037235804106975_n.obiTnlIu_EhhUc.jpg (before: 83kB, after: 7kB) (+1.20s) (1944/4055)
11:39:54   ▶ /_astro/shutterstock_1530801923-1.OtQg7RTp_ZQvb8k.avif (before: 47kB, after: 16kB) (+4.61s) (1945/4055)
11:39:54   ▶ /_astro/pexels-shiny-diamond-3762453-1-scaled-1.BilK3WD__Z1A3GuV.avif (before: 279kB, after: 3kB) (+1.36s) (1946/4055)
11:39:54   ▶ /_astro/young-woman-brushing-her-teeth-1.Dc7Y1erj_23Mb3v.jpg (before: 32kB, after: 35kB) (+1.38s) (1947/4055)
11:39:54   ▶ /_astro/shutterstock_1019069908-1.Dlv3iMTV_tVHFo.avif (before: 59kB, after: 11kB) (+1.41s) (1948/4055)
11:39:54   ▶ /_astro/shutterstock_1115346134-1.DNeGnhH9_1g2vH7.avif (before: 41kB, after: 9kB) (+3.01s) (1949/4055)
11:39:54   ▶ /_astro/shutterstock_1941500632-1.k5y6kzF9_Ly1ku.avif (before: 50kB, after: 4kB) (+1.55s) (1950/4055)
11:39:54   ▶ /_astro/shutterstock_1051437563-1.RaBNL9oP_15xwEb.jpg (before: 26kB, after: 8kB) (+1.16s) (1951/4055)
11:39:55   ▶ /_astro/shutterstock_1290948973-1.CHNM-QHG_1lN1wr.avif (before: 57kB, after: 19kB) (+3.70s) (1952/4055)
11:39:55   ▶ /_astro/shutterstock_714402862-1-1.CSxRLvjS_Xfiyl.jpg (before: 28kB, after: 8kB) (+913ms) (1953/4055)
11:39:55   ▶ /_astro/306283610_1074853769828661_499037235804106975_n.obiTnlIu_Z2sm50M.jpg (before: 83kB, after: 12kB) (+1.11s) (1954/4055)
11:39:55   ▶ /_astro/shutterstock_462323689-1.9e_MmBIv_Z2mjWpj.avif (before: 71kB, after: 9kB) (+1.84s) (1955/4055)
11:39:55   ▶ /_astro/young-woman-brushing-her-teeth-1.Dc7Y1erj_Cl1eB.jpg (before: 32kB, after: 11kB) (+896ms) (1956/4055)
11:39:55   ▶ /_astro/pexels-shiny-diamond-3762453-1-scaled-1.BilK3WD__Z28ipiQ.avif (before: 279kB, after: 5kB) (+941ms) (1957/4055)
11:39:55   ▶ /_astro/shutterstock_1530801923-1.OtQg7RTp_Z2bpXX3.avif (before: 47kB, after: 6kB) (+941ms) (1958/4055)
11:39:55   ▶ /_astro/shutterstock_1941500632-1.k5y6kzF9_299TWr.avif (before: 50kB, after: 2kB) (+973ms) (1959/4055)
11:39:55   ▶ /_astro/shutterstock_1051437563-1.RaBNL9oP_Z1O70rT.jpg (before: 26kB, after: 16kB) (+972ms) (1960/4055)
11:39:56   ▶ /_astro/shutterstock_1115346134-1.DNeGnhH9_fFH54.avif (before: 41kB, after: 4kB) (+1.29s) (1961/4055)
11:39:56   ▶ /_astro/shutterstock_714402862-1-1.CSxRLvjS_bFGYv.jpg (before: 28kB, after: 15kB) (+644ms) (1962/4055)
11:39:56   ▶ /_astro/306283610_1074853769828661_499037235804106975_n.obiTnlIu_Z1dCiY5.jpg (before: 83kB, after: 20kB) (+692ms) (1963/4055)
11:39:56   ▶ /_astro/49706630_304673416846704_8429231802140327936_o-846x529-1.DOi2F681_1bWpJc.avif (before: 102kB, after: 48kB) (+3.01s) (1964/4055)
11:39:56   ▶ /_astro/young-woman-brushing-her-teeth-1.Dc7Y1erj_Z1QLnq2.jpg (before: 32kB, after: 21kB) (+718ms) (1965/4055)
11:39:56   ▶ /_astro/shutterstock_462323689-1.9e_MmBIv_1aEkbx.avif (before: 71kB, after: 2kB) (+763ms) (1966/4055)
11:39:56   ▶ /_astro/shutterstock_1290948973-1.CHNM-QHG_1SdGI.avif (before: 57kB, after: 7kB) (+964ms) (1967/4055)
11:39:56   ▶ /_astro/shutterstock_1019069908-1.Dlv3iMTV_wrwAa.avif (before: 59kB, after: 15kB) (+2.04s) (1968/4055)
11:39:56   ▶ /_astro/shutterstock_1051437563-1.RaBNL9oP_2vc7YN.jpg (before: 26kB, after: 23kB) (+872ms) (1969/4055)
11:39:57   ▶ /_astro/shutterstock_1941500632-1.k5y6kzF9_1qtwhS.avif (before: 50kB, after: 2kB) (+1.36s) (1970/4055)
11:39:57   ▶ /_astro/shutterstock_714402862-1-1.CSxRLvjS_gFR4W.jpg (before: 28kB, after: 23kB) (+1.22s) (1971/4055)
11:39:57   ▶ /_astro/shutterstock_1115346134-1.DNeGnhH9_2qdiLU.avif (before: 41kB, after: 5kB) (+1.31s) (1972/4055)
11:39:57   ▶ /_astro/shutterstock_1530801923-1.OtQg7RTp_ZSngc.avif (before: 47kB, after: 10kB) (+1.87s) (1973/4055)
11:39:57   ▶ /_astro/young-woman-brushing-her-teeth-1.Dc7Y1erj_1QqgwD.jpg (before: 32kB, after: 31kB) (+1.15s) (1974/4055)
11:39:57   ▶ /_astro/shutterstock_462323689-1.9e_MmBIv_Z2nT7Js.avif (before: 71kB, after: 4kB) (+1.15s) (1975/4055)
11:39:57   ▶ /_astro/49706630_304673416846704_8429231802140327936_o-846x529-1.DOi2F681_Z1FvXFE.avif (before: 102kB, after: 19kB) (+1.50s) (1976/4055)
11:39:57   ▶ /_astro/shutterstock_1019069908-1.Dlv3iMTV_Z2txPAB.jpg (before: 59kB, after: 50kB) (+1.03s) (1977/4055)
11:39:58   ▶ /_astro/shutterstock_1290948973-1.CHNM-QHG_2cpOoz.avif (before: 57kB, after: 12kB) (+1.90s) (1978/4055)
11:39:59   ▶ /_astro/pexels-shiny-diamond-3762453-1-scaled-1.BilK3WD__1hkj8F.avif (before: 279kB, after: 9kB) (+3.53s) (1979/4055)
11:39:59   ▶ /_astro/shutterstock_1051437563-1.RaBNL9oP_1TOGgi.avif (before: 26kB, after: 2kB) (+2.36s) (1980/4055)
11:39:59   ▶ /_astro/shutterstock_1941500632-1.k5y6kzF9_Za0J5n.avif (before: 50kB, after: 3kB) (+1.96s) (1981/4055)
11:39:59   ▶ /_astro/shutterstock_714402862-1-1.CSxRLvjS_ZuHjAR.avif (before: 28kB, after: 4kB) (+2.21s) (1982/4055)
11:39:59   ▶ /_astro/young-woman-brushing-her-teeth-1.Dc7Y1erj_i9WE6.avif (before: 32kB, after: 5kB) (+1.96s) (1983/4055)
11:39:59   ▶ /_astro/shutterstock_722601751-1.BeuNxsvE_10PeYR.avif (before: 68kB, after: 25kB) (+3.18s) (1984/4055)
11:39:59   ▶ /_astro/shutterstock_462323689-1.9e_MmBIv_Z2n3QMK.avif (before: 71kB, after: 7kB) (+2.20s) (1985/4055)
11:39:59   ▶ /_astro/shutterstock_1019069908-1.Dlv3iMTV_ZiBVxE.jpg (before: 59kB, after: 18kB) (+1.94s) (1986/4055)
11:39:59   ▶ /_astro/49706630_304673416846704_8429231802140327936_o-846x529-1.DOi2F681_Z1AeuOQ.avif (before: 102kB, after: 35kB) (+2.13s) (1987/4055)
11:40:00   ▶ /_astro/shutterstock_1115346134-1.DNeGnhH9_1FkipG.avif (before: 41kB, after: 7kB) (+3.19s) (1988/4055)
11:40:00   ▶ /_astro/shutterstock_1051437563-1.RaBNL9oP_1clRAP.avif (before: 26kB, after: 1kB) (+1.36s) (1989/4055)
11:40:00   ▶ /_astro/shutterstock_1941500632-1.k5y6kzF9_1pVu11.jpg (before: 50kB, after: 22kB) (+1.34s) (1990/4055)
11:40:00   ▶ /_astro/shutterstock_714402862-1-1.CSxRLvjS_ZDRbWg.avif (before: 28kB, after: 1kB) (+1.14s) (1991/4055)
11:40:00   ▶ /_astro/young-woman-brushing-her-teeth-1.Dc7Y1erj_1Jn2cQ.avif (before: 32kB, after: 2kB) (+1.14s) (1992/4055)
11:40:00   ▶ /_astro/shutterstock_1530801923-1.OtQg7RTp_ZKLnCq.avif (before: 47kB, after: 13kB) (+3.10s) (1993/4055)
11:40:00   ▶ /_astro/shutterstock_722601751-1.BeuNxsvE_Z1SpYL7.avif (before: 68kB, after: 9kB) (+1.20s) (1994/4055)
11:40:00   ▶ /_astro/shutterstock_462323689-1.9e_MmBIv_Z2v3PR8.jpg (before: 71kB, after: 32kB) (+992ms) (1995/4055)
11:40:00   ▶ /_astro/shutterstock_1019069908-1.Dlv3iMTV_Z1Dpyzx.jpg (before: 59kB, after: 33kB) (+1.10s) (1996/4055)
11:40:00   ▶ /_astro/49706630_304673416846704_8429231802140327936_o-846x529-1.DOi2F681_1AEU79.jpg (before: 102kB, after: 89kB) (+985ms) (1997/4055)
11:40:00   ▶ /_astro/shutterstock_1115346134-1.DNeGnhH9_17iCfi.jpg (before: 41kB, after: 42kB) (+428ms) (1998/4055)
11:40:00   ▶ /_astro/shutterstock_1941500632-1.k5y6kzF9_20q1uC.jpg (before: 50kB, after: 6kB) (+453ms) (1999/4055)
11:40:01   ▶ /_astro/shutterstock_1051437563-1.RaBNL9oP_tFtVh.avif (before: 26kB, after: 1kB) (+547ms) (2000/4055)
11:40:01   ▶ /_astro/shutterstock_1290948973-1.CHNM-QHG_1rwO2l.avif (before: 57kB, after: 15kB) (+2.83s) (2001/4055)
11:40:01   ▶ /_astro/shutterstock_714402862-1-1.CSxRLvjS_xx7O1.avif (before: 28kB, after: 2kB) (+490ms) (2002/4055)
11:40:01   ▶ /_astro/shutterstock_1530801923-1.OtQg7RTp_Z10f4A9.jpg (before: 47kB, after: 44kB) (+570ms) (2003/4055)
11:40:01   ▶ /_astro/shutterstock_462323689-1.9e_MmBIv_ZWGW4o.jpg (before: 71kB, after: 7kB) (+512ms) (2004/4055)
11:40:01   ▶ /_astro/pexels-shiny-diamond-3762453-1-scaled-1.BilK3WD__1yoxhF.avif (before: 279kB, after: 16kB) (+2.05s) (2005/4055)
11:40:01   ▶ /_astro/shutterstock_1019069908-1.Dlv3iMTV_Z1ATJEL.jpg (before: 59kB, after: 50kB) (+429ms) (2006/4055)
11:40:01   ▶ /_astro/49706630_304673416846704_8429231802140327936_o-846x529-1.DOi2F681_Z1gNtiH.jpg (before: 102kB, after: 32kB) (+477ms) (2007/4055)
11:40:01   ▶ /_astro/shutterstock_1115346134-1.DNeGnhH9_6VNCf.jpg (before: 41kB, after: 12kB) (+472ms) (2008/4055)
11:40:01   ▶ /_astro/shutterstock_1941500632-1.k5y6kzF9_1hJCP4.jpg (before: 50kB, after: 10kB) (+613ms) (2009/4055)
11:40:01   ▶ /_astro/shutterstock_1290948973-1.CHNM-QHG_1d484C.jpg (before: 57kB, after: 48kB) (+805ms) (2010/4055)
11:40:01   ▶ /_astro/young-woman-brushing-her-teeth-1.Dc7Y1erj_2mz3Oq.avif (before: 32kB, after: 3kB) (+1.29s) (2011/4055)
11:40:01   ▶ /_astro/shutterstock_1530801923-1.OtQg7RTp_Z2k9RpR.jpg (before: 47kB, after: 16kB) (+771ms) (2012/4055)
11:40:01   ▶ /_astro/shutterstock_462323689-1.9e_MmBIv_xUINx.jpg (before: 71kB, after: 14kB) (+753ms) (2013/4055)
11:40:01   ▶ /_astro/shutterstock_1051437563-1.RaBNL9oP_Z16NLqY.avif (before: 26kB, after: 2kB) (+935ms) (2014/4055)
11:40:02   ▶ /_astro/shutterstock_714402862-1-1.CSxRLvjS_Zao7vS.avif (before: 28kB, after: 3kB) (+977ms) (2015/4055)
11:40:02   ▶ /_astro/49706630_304673416846704_8429231802140327936_o-846x529-1.DOi2F681_Z1bw0rT.jpg (before: 102kB, after: 65kB) (+748ms) (2016/4055)
11:40:02   ▶ /_astro/shutterstock_722601751-1.BeuNxsvE_1PXw0V.avif (before: 68kB, after: 15kB) (+1.55s) (2017/4055)
11:40:02   ▶ /_astro/shutterstock_1115346134-1.DNeGnhH9_2htpk6.jpg (before: 41kB, after: 21kB) (+785ms) (2018/4055)
11:40:02   ▶ /_astro/shutterstock_1941500632-1.k5y6kzF9_ZiJCxc.jpg (before: 50kB, after: 17kB) (+602ms) (2019/4055)
11:40:02   ▶ /_astro/shutterstock_1290948973-1.CHNM-QHG_Z6PEK6.jpg (before: 57kB, after: 17kB) (+349ms) (2020/4055)
11:40:02   ▶ /_astro/shutterstock_1530801923-1.OtQg7RTp_Z9CgI1.jpg (before: 47kB, after: 29kB) (+499ms) (2021/4055)
11:40:02   ▶ /_astro/shutterstock_462323689-1.9e_MmBIv_yKYKf.jpg (before: 71kB, after: 22kB) (+865ms) (2022/4055)
11:40:02   ▶ /_astro/shutterstock_1051437563-1.RaBNL9oP_Z2vXXR7.jpg (before: 26kB, after: 13kB) (+882ms) (2023/4055)
11:40:02   ▶ /_astro/shutterstock_714402862-1-1.CSxRLvjS_ZOzjLl.jpg (before: 28kB, after: 13kB) (+872ms) (2024/4055)
11:40:02   ▶ /_astro/shutterstock_1019069908-1.Dlv3iMTV_Z2muO4l.avif (before: 59kB, after: 11kB) (+1.72s) (2025/4055)
11:40:03   ▶ /_astro/young-woman-brushing-her-teeth-1.Dc7Y1erj_ZACR90.avif (before: 32kB, after: 4kB) (+1.60s) (2026/4055)
11:40:03   ▶ /_astro/shutterstock_1115346134-1.DNeGnhH9_1wAoWR.jpg (before: 41kB, after: 32kB) (+1.28s) (2027/4055)
11:40:03   ▶ /_astro/shutterstock_1290948973-1.CHNM-QHG_23FUVK.jpg (before: 57kB, after: 31kB) (+1.28s) (2028/4055)
11:40:04   ▶ /_astro/shutterstock_1530801923-1.OtQg7RTp_ZTvh5f.jpg (before: 47kB, after: 45kB) (+2.23s) (2029/4055)
11:40:04   ▶ /_astro/49706630_304673416846704_8429231802140327936_o-846x529-1.DOi2F681_RYXJ5.avif (before: 102kB, after: 31kB) (+2.57s) (2030/4055)
11:40:04   ▶ /_astro/shutterstock_1051437563-1.RaBNL9oP_13BY91.jpg (before: 26kB, after: 3kB) (+1.81s) (2031/4055)
11:40:04   ▶ /_astro/shutterstock_714402862-1-1.CSxRLvjS_ZtIgJ.jpg (before: 28kB, after: 3kB) (+1.81s) (2032/4055)
11:40:04   ▶ /_astro/shutterstock_722601751-1.BeuNxsvE_1StkUH.avif (before: 68kB, after: 21kB) (+2.57s) (2033/4055)
11:40:04   ▶ /_astro/pexels-shiny-diamond-3762453-1-scaled-1.BilK3WD__Nlk7X.avif (before: 279kB, after: 24kB) (+3.57s) (2034/4055)
11:40:05   ▶ /_astro/edited-MobileThirdImage.Bu9zxuk0_2bXXmI.avif (before: 59kB, after: 23kB) (+2.98s) (2035/4055)
11:40:05   ▶ /_astro/young-woman-brushing-her-teeth-1.Dc7Y1erj_1dDPcK.jpg (before: 32kB, after: 19kB) (+1.71s) (2036/4055)
11:40:05   ▶ /_astro/shutterstock_1019069908-1.Dlv3iMTV_1kEmHl.avif (before: 59kB, after: 4kB) (+2.23s) (2037/4055)
11:40:05   ▶ /_astro/shutterstock_1290948973-1.CHNM-QHG_1iMUzw.jpg (before: 57kB, after: 47kB) (+1.77s) (2038/4055)
11:40:05   ▶ /_astro/shutterstock_1115346134-1.DNeGnhH9_28mbbV.avif (before: 41kB, after: 5kB) (+1.84s) (2039/4055)
11:40:05   ▶ /_astro/shutterstock_1051437563-1.RaBNL9oP_kVAts.jpg (before: 26kB, after: 6kB) (+685ms) (2040/4055)
11:40:05   ▶ /_astro/shutterstock_714402862-1-1.CSxRLvjS_1bUAux.jpg (before: 28kB, after: 6kB) (+663ms) (2041/4055)
11:40:05   ▶ /_astro/shutterstock_722601751-1.BeuNxsvE_Z17w2g4.jpg (before: 68kB, after: 59kB) (+711ms) (2042/4055)
11:40:05   ▶ /_astro/49706630_304673416846704_8429231802140327936_o-846x529-1.DOi2F681_ZRRxYt.avif (before: 102kB, after: 10kB) (+793ms) (2043/4055)
11:40:05   ▶ /_astro/shutterstock_1504845494-1.DeRJl3K6_Z272M39.avif (before: 66kB, after: 21kB) (+2.98s) (2044/4055)
11:40:05   ▶ /_astro/young-woman-brushing-her-teeth-1.Dc7Y1erj_ZvShK0.jpg (before: 32kB, after: 5kB) (+612ms) (2045/4055)
11:40:05   ▶ /_astro/shutterstock_1530801923-1.OtQg7RTp_Z2rf9Ux.avif (before: 47kB, after: 8kB) (+1.18s) (2046/4055)
11:40:05   ▶ /_astro/pexels-shiny-diamond-3762453-1-scaled-1.BilK3WD__20TVHr.jpg (before: 279kB, after: 245kB) (+1.13s) (2047/4055)
11:40:05   ▶ /_astro/shutterstock_1115346134-1.DNeGnhH9_dK9yT.avif (before: 41kB, after: 2kB) (+587ms) (2048/4055)
11:40:05   ▶ /_astro/shutterstock_1051437563-1.RaBNL9oP_Z1fxESN.jpg (before: 26kB, after: 10kB) (+576ms) (2049/4055)
11:40:06   ▶ /_astro/shutterstock_714402862-1-1.CSxRLvjS_sYl9D.jpg (before: 28kB, after: 10kB) (+726ms) (2050/4055)
11:40:06   ▶ /_astro/shutterstock_722601751-1.BeuNxsvE_13oQLS.jpg (before: 68kB, after: 21kB) (+688ms) (2051/4055)
11:40:06   ▶ /_astro/edited-MobileThirdImage.Bu9zxuk0_Z4cGhE.avif (before: 59kB, after: 10kB) (+983ms) (2052/4055)
11:40:06   ▶ /_astro/shutterstock_1019069908-1.Dlv3iMTV_Z2dT5dE.avif (before: 59kB, after: 6kB) (+1.01s) (2053/4055)
11:40:06   ▶ /_astro/young-woman-brushing-her-teeth-1.Dc7Y1erj_6iIQz.jpg (before: 32kB, after: 9kB) (+432ms) (2054/4055)
11:40:06   ▶ /_astro/shutterstock_1290948973-1.CHNM-QHG_cUo9c.avif (before: 57kB, after: 12kB) (+954ms) (2055/4055)
11:40:06   ▶ /_astro/pexels-shiny-diamond-3762453-1-scaled-1.BilK3WD__o1Y4f.jpg (before: 279kB, after: 13kB) (+415ms) (2056/4055)
11:40:06   ▶ /_astro/shutterstock_1530801923-1.OtQg7RTp_Z2dlwtd.avif (before: 47kB, after: 3kB) (+678ms) (2057/4055)
11:40:07   ▶ /_astro/shutterstock_722601751-1.BeuNxsvE_ZhnKf0.jpg (before: 68kB, after: 39kB) (+1.10s) (2058/4055)
11:40:07   ▶ /_astro/shutterstock_1504845494-1.DeRJl3K6_1DexV4.avif (before: 66kB, after: 6kB) (+1.47s) (2059/4055)
11:40:07   ▶ /_astro/shutterstock_1115346134-1.DNeGnhH9_ZtUe5E.avif (before: 41kB, after: 3kB) (+1.38s) (2060/4055)
11:40:07   ▶ /_astro/49706630_304673416846704_8429231802140327936_o-846x529-1.DOi2F681_Z1P2SKI.avif (before: 102kB, after: 18kB) (+1.80s) (2061/4055)
11:40:07   ▶ /_astro/shutterstock_1019069908-1.Dlv3iMTV_Z2d3OgW.avif (before: 59kB, after: 8kB) (+1.05s) (2062/4055)
11:40:07   ▶ /_astro/young-woman-brushing-her-teeth-1.Dc7Y1erj_2dhVH5.jpg (before: 32kB, after: 14kB) (+1.04s) (2063/4055)
11:40:07   ▶ /_astro/edited-MobileThirdImage.Bu9zxuk0_Z2u038S.avif (before: 59kB, after: 17kB) (+1.11s) (2064/4055)
11:40:07   ▶ /_astro/shutterstock_1290948973-1.CHNM-QHG_Z2jNr.avif (before: 57kB, after: 4kB) (+1.42s) (2065/4055)
11:40:07   ▶ /_astro/pexels-shiny-diamond-3762453-1-scaled-1.BilK3WD__Z9cIIF.jpg (before: 279kB, after: 26kB) (+1.55s) (2066/4055)
11:40:07   ▶ /_astro/shutterstock_722601751-1.BeuNxsvE_ZeRVke.jpg (before: 68kB, after: 59kB) (+717ms) (2067/4055)
11:40:08   ▶ /_astro/shutterstock_1530801923-1.OtQg7RTp_29adFa.avif (before: 47kB, after: 4kB) (+1.95s) (2068/4055)
11:40:08   ▶ /_astro/web-home-slider-986x493-1.DpJVdMcO_22KLCu.avif (before: 545kB, after: 12kB) (+2.59s) (2069/4055)
11:40:08   ▶ /_astro/shutterstock_1504845494-1.DeRJl3K6_Z1gpYb1.avif (before: 66kB, after: 11kB) (+1.28s) (2070/4055)
11:40:08   ▶ /_astro/shutterstock_1019069908-1.Dlv3iMTV_Z2veHwa.jpg (before: 59kB, after: 33kB) (+1.27s) (2071/4055)
11:40:08   ▶ /_astro/edited-MobileThirdImage.Bu9zxuk0_jJkew.jpg (before: 59kB, after: 57kB) (+1.27s) (2072/4055)
11:40:08   ▶ /_astro/shutterstock_1115346134-1.DNeGnhH9_Z25pusU.avif (before: 41kB, after: 4kB) (+1.66s) (2073/4055)
11:40:08   ▶ /_astro/shutterstock_1290948973-1.CHNM-QHG_ZHHHt0.avif (before: 57kB, after: 7kB) (+1.28s) (2074/4055)
11:40:09   ▶ /_astro/49706630_304673416846704_8429231802140327936_o-846x529-1.DOi2F681_1HLfkv.avif (before: 102kB, after: 27kB) (+2.09s) (2075/4055)
11:40:09   ▶ /_astro/pexels-shiny-diamond-3762453-1-scaled-1.BilK3WD__Z1NL965.jpg (before: 279kB, after: 42kB) (+1.63s) (2076/4055)
11:40:09   ▶ /_astro/shutterstock_1404252305-1.46p2VxHI_1Q3hyE.avif (before: 49kB, after: 13kB) (+3.45s) (2077/4055)
11:40:09   ▶ /_astro/shutterstock_1530801923-1.OtQg7RTp_xEWhT.avif (before: 47kB, after: 6kB) (+1.13s) (2078/4055)
11:40:09   ▶ /_astro/shutterstock_722601751-1.BeuNxsvE_ZQaTb3.avif (before: 68kB, after: 15kB) (+1.63s) (2079/4055)
11:40:09   ▶ /_astro/shutterstock_1019069908-1.Dlv3iMTV_ZMGTxA.jpg (before: 59kB, after: 9kB) (+1.07s) (2080/4055)
11:40:09   ▶ /_astro/web-home-slider-986x493-1.DpJVdMcO_Z8TOh0.avif (before: 545kB, after: 7kB) (+1.07s) (2081/4055)
11:40:09   ▶ /_astro/edited-MobileThirdImage.Bu9zxuk0_Z1VrkpQ.jpg (before: 59kB, after: 22kB) (+1.42s) (2082/4055)
11:40:09   ▶ /_astro/shutterstock_1115346134-1.DNeGnhH9_Z2irtVt.jpg (before: 41kB, after: 21kB) (+1.03s) (2083/4055)
11:40:10   ▶ /_astro/49706630_304673416846704_8429231802140327936_o-846x529-1.DOi2F681_1hHt72.jpg (before: 102kB, after: 56kB) (+792ms) (2084/4055)
11:40:10   ▶ /_astro/pexels-shiny-diamond-3762453-1-scaled-1.BilK3WD__24SVl3.jpg (before: 279kB, after: 84kB) (+787ms) (2085/4055)
11:40:10   ▶ /_astro/shutterstock_520962286-1.Bd2mm7hw_y9Log.avif (before: 59kB, after: 21kB) (+3.00s) (2086/4055)
11:40:10   ▶ /_astro/shutterstock_1530801923-1.OtQg7RTp_Z1MQGf1.jpg (before: 47kB, after: 26kB) (+718ms) (2087/4055)
11:40:10   ▶ /_astro/shutterstock_1290948973-1.CHNM-QHG_Z2jcXQg.avif (before: 57kB, after: 9kB) (+1.39s) (2088/4055)
11:40:10   ▶ /_astro/shutterstock_1019069908-1.Dlv3iMTV_HULkl.jpg (before: 59kB, after: 16kB) (+718ms) (2089/4055)
11:40:10   ▶ /_astro/shutterstock_1404252305-1.46p2VxHI_w8tIV.avif (before: 49kB, after: 5kB) (+759ms) (2090/4055)
11:40:10   ▶ /_astro/shutterstock_722601751-1.BeuNxsvE_Z2nuWL3.avif (before: 68kB, after: 5kB) (+936ms) (2091/4055)
11:40:10   ▶ /_astro/edited-MobileThirdImage.Bu9zxuk0_HWrwQ.jpg (before: 59kB, after: 44kB) (+581ms) (2092/4055)
11:40:10   ▶ /_astro/49706630_304673416846704_8429231802140327936_o-846x529-1.DOi2F681_Zta3Bw.jpg (before: 102kB, after: 15kB) (+445ms) (2093/4055)
11:40:10   ▶ /_astro/shutterstock_1115346134-1.DNeGnhH9_51g75.jpg (before: 41kB, after: 6kB) (+926ms) (2094/4055)
11:40:11   ▶ /_astro/pexels-shiny-diamond-3762453-1-scaled-1.BilK3WD__1yc7nQ.jpg (before: 279kB, after: 135kB) (+850ms) (2095/4055)
11:40:11   ▶ /_astro/shutterstock_1290948973-1.CHNM-QHG_QiQOI.jpg (before: 57kB, after: 32kB) (+839ms) (2096/4055)
11:40:11   ▶ /_astro/shutterstock_1530801923-1.OtQg7RTp_Z2m5pV2.jpg (before: 47kB, after: 7kB) (+839ms) (2097/4055)
11:40:11   ▶ /_astro/shutterstock_1019069908-1.Dlv3iMTV_IL2h3.jpg (before: 59kB, after: 25kB) (+839ms) (2098/4055)
11:40:11   ▶ /_astro/web-home-slider-986x493-1.DpJVdMcO_1Pv1OS.avif (before: 545kB, after: 11kB) (+1.56s) (2099/4055)
11:40:11   ▶ /_astro/shutterstock_520962286-1.Bd2mm7hw_Z1P1cFD.avif (before: 59kB, after: 8kB) (+1.03s) (2100/4055)
11:40:11   ▶ /_astro/shutterstock_1404252305-1.46p2VxHI_Z2nw3n9.avif (before: 49kB, after: 8kB) (+982ms) (2101/4055)
11:40:11   ▶ /_astro/49706630_304673416846704_8429231802140327936_o-846x529-1.DOi2F681_Z1qkonL.jpg (before: 102kB, after: 31kB) (+768ms) (2102/4055)
11:40:11   ▶ /_astro/shutterstock_1115346134-1.DNeGnhH9_ZCE7xt.jpg (before: 41kB, after: 11kB) (+502ms) (2103/4055)
11:40:12   ▶ /_astro/shutterstock_722601751-1.BeuNxsvE_ZQRgS7.avif (before: 68kB, after: 8kB) (+1.79s) (2104/4055)
11:40:12   ▶ /_astro/shutterstock_1290948973-1.CHNM-QHG_Z8Ldgg.jpg (before: 57kB, after: 8kB) (+1.23s) (2105/4055)
11:40:12   ▶ /_astro/shutterstock_1530801923-1.OtQg7RTp_20qkdl.jpg (before: 47kB, after: 12kB) (+1.23s) (2106/4055)
11:40:12   ▶ /_astro/edited-MobileThirdImage.Bu9zxuk0_Z1rCJPP.avif (before: 59kB, after: 13kB) (+1.85s) (2107/4055)
11:40:13   ▶ /_astro/web-home-slider-986x493-1.DpJVdMcO_Z215kNF.png (before: 545kB, after: 413kB) (+1.84s) (2108/4055)
11:40:13   ▶ /_astro/shutterstock_1504845494-1.DeRJl3K6_Z21iYxf.avif (before: 66kB, after: 17kB) (+4.47s) (2109/4055)
11:40:13   ▶ /_astro/shutterstock_520962286-1.Bd2mm7hw_9oDqf.avif (before: 59kB, after: 12kB) (+1.70s) (2110/4055)
11:40:13   ▶ /_astro/49706630_304673416846704_8429231802140327936_o-846x529-1.DOi2F681_27tJHs.jpg (before: 102kB, after: 50kB) (+1.72s) (2111/4055)
11:40:13   ▶ /_astro/shutterstock_1115346134-1.DNeGnhH9_Z2e9nUJ.jpg (before: 41kB, after: 16kB) (+1.96s) (2112/4055)
11:40:13   ▶ /_astro/shutterstock_722601751-1.BeuNxsvE_ZQ20Vp.avif (before: 68kB, after: 11kB) (+1.17s) (2113/4055)
11:40:13   ▶ /_astro/shutterstock_1290948973-1.CHNM-QHG_ZQrAUO.jpg (before: 57kB, after: 16kB) (+1.12s) (2114/4055)
11:40:13   ▶ /_astro/shutterstock_1530801923-1.OtQg7RTp_oV3P5.jpg (before: 47kB, after: 19kB) (+1.12s) (2115/4055)
11:40:13   ▶ /_astro/edited-MobileThirdImage.Bu9zxuk0_Z1KcM5S.avif (before: 59kB, after: 6kB) (+1.12s) (2116/4055)
11:40:13   ▶ /_astro/web-home-slider-986x493-1.DpJVdMcO_Rqc5L.png (before: 545kB, after: 176kB) (+515ms) (2117/4055)
11:40:13   ▶ /_astro/shutterstock_1404252305-1.46p2VxHI_1VM54y.avif (before: 49kB, after: 11kB) (+2.28s) (2118/4055)
11:40:13   ▶ /_astro/shutterstock_1504845494-1.DeRJl3K6_Z2fLFuX.jpg (before: 66kB, after: 59kB) (+580ms) (2119/4055)
11:40:14   ▶ /_astro/pexels-shiny-diamond-3762453-1-scaled-1.BilK3WD__23AMFJ.avif (before: 279kB, after: 22kB) (+3.51s) (2120/4055)
11:40:15   ▶ /_astro/shutterstock_722601751-1.BeuNxsvE_ZYTMCR.jpg (before: 68kB, after: 38kB) (+1.57s) (2121/4055)
11:40:15   ▶ /_astro/shutterstock_1290948973-1.CHNM-QHG_Z2rVRj5.jpg (before: 57kB, after: 24kB) (+1.57s) (2122/4055)
11:40:15   ▶ /_astro/shutterstock_252392584-1.D87yZd8z_1wnfxt.avif (before: 54kB, after: 17kB) (+3.91s) (2123/4055)
11:40:15   ▶ /_astro/edited-MobileThirdImage.Bu9zxuk0_1kNOJw.avif (before: 59kB, after: 10kB) (+1.56s) (2124/4055)
11:40:15   ▶ /_astro/shutterstock_566451454-1.xP-9Og7F_ZGDCxl.avif (before: 53kB, after: 9kB) (+1.80s) (2125/4055)
11:40:15   ▶ /_astro/web-home-slider-986x493-1.DpJVdMcO_Z2dl5Bh.png (before: 545kB, after: 373kB) (+1.63s) (2126/4055)
11:40:15   ▶ /_astro/shutterstock_1404252305-1.46p2VxHI_1Hjo6P.jpg (before: 49kB, after: 37kB) (+1.59s) (2127/4055)
11:40:15   ▶ /_astro/shutterstock_1504845494-1.DeRJl3K6_1uuEtf.jpg (before: 66kB, after: 17kB) (+1.59s) (2128/4055)
11:40:15   ▶ /_astro/shutterstock_757893178-1.D8YTWDqe_SQOLU.avif (before: 60kB, after: 14kB) (+2.16s) (2129/4055)
11:40:15   ▶ /_astro/shutterstock_722601751-1.BeuNxsvE_yjSLW.jpg (before: 68kB, after: 10kB) (+634ms) (2130/4055)
11:40:15   ▶ /_astro/shutterstock_520962286-1.Bd2mm7hw_nt4ES.avif (before: 59kB, after: 17kB) (+2.70s) (2131/4055)
11:40:15   ▶ /_astro/pexels-shiny-diamond-3762453-1-scaled-1.BilK3WD__Z1eO7tr.avif (before: 279kB, after: 1kB) (+1.08s) (2132/4055)
11:40:15   ▶ /_astro/edited-MobileThirdImage.Bu9zxuk0_1KjJOT.jpg (before: 59kB, after: 29kB) (+739ms) (2133/4055)
11:40:15   ▶ /_astro/shutterstock_252392584-1.D87yZd8z_126hW0.avif (before: 54kB, after: 6kB) (+741ms) (2134/4055)
11:40:15   ▶ /_astro/shutterstock_566451454-1.xP-9Og7F_1thguB.avif (before: 53kB, after: 5kB) (+661ms) (2135/4055)
11:40:15   ▶ /_astro/shutterstock_1404252305-1.46p2VxHI_noAh7.jpg (before: 49kB, after: 14kB) (+672ms) (2136/4055)
11:40:15   ▶ /_astro/shutterstock_1504845494-1.DeRJl3K6_Z1p9RCP.jpg (before: 66kB, after: 34kB) (+672ms) (2137/4055)
11:40:16   ▶ /_astro/shutterstock_1050606914-1.ChmK_epv_pKpU4.avif (before: 71kB, after: 14kB) (+2.68s) (2138/4055)
11:40:16   ▶ /_astro/shutterstock_722601751-1.BeuNxsvE_24WzES.jpg (before: 68kB, after: 19kB) (+752ms) (2139/4055)
11:40:16   ▶ /_astro/shutterstock_520962286-1.Bd2mm7hw_XXq30.jpg (before: 59kB, after: 61kB) (+752ms) (2140/4055)
11:40:16   ▶ /_astro/pexels-shiny-diamond-3762453-1-scaled-1.BilK3WD__QxK0M.avif (before: 279kB, after: 3kB) (+753ms) (2141/4055)
11:40:16   ▶ /_astro/edited-MobileThirdImage.Bu9zxuk0_1rJHzQ.jpg (before: 59kB, after: 11kB) (+969ms) (2142/4055)
11:40:16   ▶ /_astro/web-home-slider-986x493-1.DpJVdMcO_1T6Xmu.avif (before: 545kB, after: 15kB) (+1.63s) (2143/4055)
11:40:16   ▶ /_astro/shutterstock_757893178-1.D8YTWDqe_Z20ooY4.avif (before: 60kB, after: 4kB) (+1.54s) (2144/4055)
11:40:16   ▶ /_astro/shutterstock_1404252305-1.46p2VxHI_Z2wfVOX.jpg (before: 49kB, after: 25kB) (+981ms) (2145/4055)
11:40:16   ▶ /_astro/shutterstock_1504845494-1.DeRJl3K6_Z2a2S04.jpg (before: 66kB, after: 54kB) (+981ms) (2146/4055)
11:40:16   ▶ /_astro/shutterstock_566451454-1.xP-9Og7F_8tDsI.avif (before: 53kB, after: 6kB) (+1.09s) (2147/4055)
11:40:17   ▶ /_astro/shutterstock_1276642348-1.DNbzhfuf_ZI1F2D.avif (before: 83kB, after: 16kB) (+2.25s) (2148/4055)
11:40:17   ▶ /_astro/shutterstock_722601751-1.BeuNxsvE_25MPBA.jpg (before: 68kB, after: 28kB) (+872ms) (2149/4055)
11:40:17   ▶ /_astro/shutterstock_1050606914-1.ChmK_epv_Z1ynA7G.avif (before: 71kB, after: 5kB) (+1.14s) (2150/4055)
11:40:17   ▶ /_astro/shutterstock_520962286-1.Bd2mm7hw_Z1pcy1T.jpg (before: 59kB, after: 19kB) (+991ms) (2151/4055)
11:40:17   ▶ /_astro/edited-MobileThirdImage.Bu9zxuk0_ZwpNnF.jpg (before: 59kB, after: 22kB) (+674ms) (2152/4055)
11:40:17   ▶ /_astro/shutterstock_252392584-1.D87yZd8z_Z23EYK3.avif (before: 54kB, after: 9kB) (+1.64s) (2153/4055)
11:40:17   ▶ /_astro/shutterstock_1404252305-1.46p2VxHI_1N3bBJ.jpg (before: 49kB, after: 38kB) (+828ms) (2154/4055)
11:40:17   ▶ /_astro/pexels-shiny-diamond-3762453-1-scaled-1.BilK3WD__ZPuD16.avif (before: 279kB, after: 4kB) (+1.20s) (2155/4055)
11:40:17   ▶ /_astro/web-home-slider-986x493-1.DpJVdMcO_ZDTbHt.avif (before: 545kB, after: 5kB) (+973ms) (2156/4055)
11:40:18   ▶ /_astro/shutterstock_757893178-1.D8YTWDqe_1J06MY.avif (before: 60kB, after: 7kB) (+1.60s) (2157/4055)
11:40:18   ▶ /_astro/shutterstock_1504845494-1.DeRJl3K6_ZEdKJt.avif (before: 66kB, after: 13kB) (+2.10s) (2158/4055)
11:40:19   ▶ /_astro/shutterstock_1276642348-1.DNbzhfuf_21l1c8.avif (before: 83kB, after: 5kB) (+2.20s) (2159/4055)
11:40:19   ▶ /_astro/shutterstock_520962286-1.Bd2mm7hw_zdi4Y.jpg (before: 59kB, after: 35kB) (+2.08s) (2160/4055)
11:40:20   ▶ /_astro/shutterstock_1050606914-1.ChmK_epv_B90za.avif (before: 71kB, after: 8kB) (+2.96s) (2161/4055)
11:40:20   ▶ /_astro/shutterstock_1404252305-1.46p2VxHI_k56O0.avif (before: 49kB, after: 7kB) (+2.63s) (2162/4055)
11:40:20   ▶ /_astro/shutterstock_566451454-1.xP-9Og7F_aYsnu.avif (before: 53kB, after: 8kB) (+3.39s) (2163/4055)
11:40:20   ▶ /_astro/pexels-shiny-diamond-3762453-1-scaled-1.BilK3WD__2j6n5j.avif (before: 279kB, after: 8kB) (+2.69s) (2164/4055)
11:40:20   ▶ /_astro/web-home-slider-986x493-1.DpJVdMcO_Z1ybpXR.avif (before: 545kB, after: 8kB) (+2.96s) (2165/4055)
11:40:21   ▶ /_astro/shutterstock_252392584-1.D87yZd8z_Z1OAyvp.avif (before: 54kB, after: 14kB) (+3.64s) (2166/4055)
11:40:21   ▶ /_astro/shutterstock_1058754506-1.B7BKXzs1_w24lU.avif (before: 96kB, after: 27kB) (+4.24s) (2167/4055)
11:40:22   ▶ /_astro/shutterstock_1504845494-1.DeRJl3K6_1Bj0pT.avif (before: 66kB, after: 3kB) (+3.35s) (2168/4055)
11:40:22   ▶ /_astro/shutterstock_520962286-1.Bd2mm7hw_NhIjC.jpg (before: 59kB, after: 53kB) (+2.75s) (2169/4055)
11:40:22   ▶ /_astro/shutterstock_1276642348-1.DNbzhfuf_Fxoaf.avif (before: 83kB, after: 8kB) (+2.80s) (2170/4055)
11:40:22   ▶ /_astro/shutterstock_1404252305-1.46p2VxHI_ucVdL.avif (before: 49kB, after: 2kB) (+2.04s) (2171/4055)
11:40:22   ▶ /_astro/shutterstock_566451454-1.xP-9Og7F_2fbe0E.jpg (before: 53kB, after: 40kB) (+2.04s) (2172/4055)
11:40:22   ▶ /_astro/shutterstock_757893178-1.D8YTWDqe_1LuUHK.avif (before: 60kB, after: 11kB) (+3.96s) (2173/4055)
11:40:22   ▶ /_astro/web-home-slider-986x493-1.DpJVdMcO_b6w6J.avif (before: 545kB, after: 12kB) (+2.14s) (2174/4055)
11:40:22   ▶ /_astro/shutterstock_1050606914-1.ChmK_epv_Z8IYM4.avif (before: 71kB, after: 12kB) (+2.62s) (2175/4055)
11:40:22   ▶ /_astro/shutterstock_252392584-1.D87yZd8z_1WbTcd.jpg (before: 54kB, after: 52kB) (+1.89s) (2176/4055)
11:40:23   ▶ /_astro/pexels-shiny-diamond-3762453-1-scaled-1.BilK3WD__1jSGDb.avif (before: 279kB, after: 12kB) (+2.73s) (2177/4055)
11:40:23   ▶ /_astro/maria-lysenko-KbIZwj8d3Bo-unsplash-1-scaled-1.DJO7_4vN_ZtXnBI.avif (before: 760kB, after: 228kB) (+5.75s) (2178/4055)
11:40:23   ▶ /_astro/shutterstock_1058754506-1.B7BKXzs1_1vr5cQ.avif (before: 96kB, after: 6kB) (+1.42s) (2179/4055)
11:40:23   ▶ /_astro/shutterstock_1504845494-1.DeRJl3K6_SCBKl.avif (before: 66kB, after: 6kB) (+834ms) (2180/4055)
11:40:23   ▶ /_astro/shutterstock_566451454-1.xP-9Og7F_ZE50Kk.jpg (before: 53kB, after: 14kB) (+779ms) (2181/4055)
11:40:23   ▶ /_astro/shutterstock_520962286-1.Bd2mm7hw_CxxTJ.avif (before: 59kB, after: 11kB) (+841ms) (2182/4055)
11:40:23   ▶ /_astro/shutterstock_757893178-1.D8YTWDqe_Z1eurt1.jpg (before: 60kB, after: 48kB) (+902ms) (2183/4055)
11:40:23   ▶ /_astro/web-home-slider-986x493-1.DpJVdMcO_Z29J94F.png (before: 545kB, after: 481kB) (+773ms) (2184/4055)
11:40:23   ▶ /_astro/shutterstock_1050606914-1.ChmK_epv_h1wsf.jpg (before: 71kB, after: 50kB) (+866ms) (2185/4055)
11:40:23   ▶ /_astro/shutterstock_252392584-1.D87yZd8z_1rTVAJ.jpg (before: 54kB, after: 14kB) (+830ms) (2186/4055)
11:40:23   ▶ /_astro/pexels-shiny-diamond-3762453-1-scaled-1.BilK3WD__Z2v5W4O.jpg (before: 279kB, after: 134kB) (+741ms) (2187/4055)
11:40:23   ▶ /_astro/shutterstock_1404252305-1.46p2VxHI_ZdsrqM.avif (before: 49kB, after: 4kB) (+1.49s) (2188/4055)
11:40:23   ▶ /_astro/maria-lysenko-KbIZwj8d3Bo-unsplash-1-scaled-1.DJO7_4vN_NRMYP.avif (before: 760kB, after: 4kB) (+743ms) (2189/4055)
11:40:23   ▶ /_astro/shutterstock_566451454-1.xP-9Og7F_Z1YRCMd.jpg (before: 53kB, after: 24kB) (+712ms) (2190/4055)
11:40:23   ▶ /_astro/shutterstock_1058754506-1.B7BKXzs1_aDsaX.avif (before: 96kB, after: 13kB) (+797ms) (2191/4055)
11:40:23   ▶ /_astro/shutterstock_1504845494-1.DeRJl3K6_ZGQDBU.avif (before: 66kB, after: 9kB) (+796ms) (2192/4055)
11:40:23   ▶ /_astro/shutterstock_757893178-1.D8YTWDqe_VqryV.jpg (before: 60kB, after: 14kB) (+663ms) (2193/4055)
11:40:24   ▶ /_astro/shutterstock_1050606914-1.ChmK_epv_Z1H7tzv.jpg (before: 71kB, after: 17kB) (+242ms) (2194/4055)
11:40:24   ▶ /_astro/shutterstock_520962286-1.Bd2mm7hw_Z2l0z77.avif (before: 59kB, after: 4kB) (+1.10s) (2195/4055)
11:40:24   ▶ /_astro/web-home-slider-986x493-1.DpJVdMcO_mqOEi.png (before: 545kB, after: 95kB) (+583ms) (2196/4055)
11:40:24   ▶ /_astro/shutterstock_252392584-1.D87yZd8z_Z1CQl6j.jpg (before: 54kB, after: 28kB) (+437ms) (2197/4055)
11:40:24   ▶ /_astro/pexels-shiny-diamond-3762453-1-scaled-1.BilK3WD__Jgy5J.jpg (before: 279kB, after: 6kB) (+437ms) (2198/4055)
11:40:24   ▶ /_astro/shutterstock_566451454-1.xP-9Og7F_Z1WmNRr.jpg (before: 53kB, after: 36kB) (+435ms) (2199/4055)
11:40:24   ▶ /_astro/shutterstock_1276642348-1.DNbzhfuf_I3d51.avif (before: 83kB, after: 12kB) (+2.21s) (2200/4055)
11:40:24   ▶ /_astro/shutterstock_1504845494-1.DeRJl3K6_ZPi3W.jpg (before: 66kB, after: 38kB) (+637ms) (2201/4055)
11:40:24   ▶ /_astro/shutterstock_757893178-1.D8YTWDqe_ZomarW.jpg (before: 60kB, after: 28kB) (+637ms) (2202/4055)
11:40:24   ▶ /_astro/shutterstock_1050606914-1.ChmK_epv_sp77l.jpg (before: 71kB, after: 31kB) (+607ms) (2203/4055)
11:40:24   ▶ /_astro/shutterstock_1404252305-1.46p2VxHI_Z1NWHO3.avif (before: 49kB, after: 5kB) (+894ms) (2204/4055)
11:40:24   ▶ /_astro/maria-lysenko-KbIZwj8d3Bo-unsplash-1-scaled-1.DJO7_4vN_ZT7OvW.avif (before: 760kB, after: 11kB) (+894ms) (2205/4055)
11:40:24   ▶ /_astro/web-home-slider-986x493-1.DpJVdMcO_ZwPoB6.png (before: 545kB, after: 201kB) (+529ms) (2206/4055)
11:40:24   ▶ /_astro/shutterstock_252392584-1.D87yZd8z_Z1oLTQF.jpg (before: 54kB, after: 44kB) (+488ms) (2207/4055)
11:40:24   ▶ /_astro/pexels-shiny-diamond-3762453-1-scaled-1.BilK3WD__Z2exHdX.jpg (before: 279kB, after: 12kB) (+495ms) (2208/4055)
11:40:24   ▶ /_astro/shutterstock_520962286-1.Bd2mm7hw_227YVz.avif (before: 59kB, after: 6kB) (+653ms) (2209/4055)
11:40:24   ▶ /_astro/shutterstock_1276642348-1.DNbzhfuf_2dNbvm.jpg (before: 83kB, after: 71kB) (+325ms) (2210/4055)
11:40:24   ▶ /_astro/shutterstock_1504845494-1.DeRJl3K6_1sz6X5.jpg (before: 66kB, after: 8kB) (+326ms) (2211/4055)
11:40:25   ▶ /_astro/shutterstock_757893178-1.D8YTWDqe_ZlQlxb.jpg (before: 60kB, after: 44kB) (+710ms) (2212/4055)
11:40:25   ▶ /_astro/shutterstock_1050606914-1.ChmK_epv_ZhsSeS.jpg (before: 71kB, after: 46kB) (+997ms) (2213/4055)
11:40:25   ▶ /_astro/shutterstock_1404252305-1.46p2VxHI_Xszuw.jpg (before: 49kB, after: 23kB) (+906ms) (2214/4055)
11:40:25   ▶ /_astro/web-home-slider-986x493-1.DpJVdMcO_1crxtv.png (before: 545kB, after: 346kB) (+883ms) (2215/4055)
11:40:25   ▶ /_astro/shutterstock_566451454-1.xP-9Og7F_1XOsVC.avif (before: 53kB, after: 7kB) (+1.37s) (2216/4055)
11:40:25   ▶ /_astro/pexels-shiny-diamond-3762453-1-scaled-1.BilK3WD__18A2y5.jpg (before: 279kB, after: 19kB) (+878ms) (2217/4055)
11:40:25   ▶ /_astro/shutterstock_1058754506-1.B7BKXzs1_d9h5J.avif (before: 96kB, after: 21kB) (+1.86s) (2218/4055)
11:40:25   ▶ /_astro/shutterstock_1276642348-1.DNbzhfuf_Z71g3N.jpg (before: 83kB, after: 17kB) (+902ms) (2219/4055)
11:40:25   ▶ /_astro/shutterstock_520962286-1.Bd2mm7hw_Z1uYQhT.avif (before: 59kB, after: 8kB) (+907ms) (2220/4055)
11:40:26   ▶ /_astro/shutterstock_1504845494-1.DeRJl3K6_JSIiw.jpg (before: 66kB, after: 17kB) (+1.32s) (2221/4055)
11:40:26   ▶ /_astro/shutterstock_252392584-1.D87yZd8z_Z1Tdtbg.avif (before: 54kB, after: 9kB) (+1.53s) (2222/4055)
11:40:26   ▶ /_astro/shutterstock_1404252305-1.46p2VxHI_lt2KW.jpg (before: 49kB, after: 6kB) (+651ms) (2223/4055)
11:40:26   ▶ /_astro/shutterstock_566451454-1.xP-9Og7F_YciuF.avif (before: 53kB, after: 3kB) (+684ms) (2224/4055)
11:40:26   ▶ /_astro/shutterstock_1050606914-1.ChmK_epv_1CmvHP.avif (before: 71kB, after: 8kB) (+694ms) (2225/4055)
11:40:26   ▶ /_astro/shutterstock_757893178-1.D8YTWDqe_FOq3p.avif (before: 60kB, after: 9kB) (+1.13s) (2226/4055)
11:40:26   ▶ /_astro/pexels-shiny-diamond-3762453-1-scaled-1.BilK3WD__Z2fAmFf.jpg (before: 279kB, after: 38kB) (+755ms) (2227/4055)
11:40:26   ▶ /_astro/shutterstock_1058754506-1.B7BKXzs1_Z1BkcT1.jpg (before: 96kB, after: 85kB) (+616ms) (2228/4055)
11:40:26   ▶ /_astro/shutterstock_1276642348-1.DNbzhfuf_Z1rNS5G.jpg (before: 83kB, after: 32kB) (+619ms) (2229/4055)
11:40:26   ▶ /_astro/shutterstock_520962286-1.Bd2mm7hw_Z1uNIlc.jpg (before: 59kB, after: 34kB) (+927ms) (2230/4055)
11:40:26   ▶ /_astro/maria-lysenko-KbIZwj8d3Bo-unsplash-1-scaled-1.DJO7_4vN_Z1sn1nw.avif (before: 760kB, after: 29kB) (+2.09s) (2231/4055)
11:40:26   ▶ /_astro/shutterstock_1504845494-1.DeRJl3K6_ZPAx4J.jpg (before: 66kB, after: 27kB) (+620ms) (2232/4055)
11:40:26   ▶ /_astro/shutterstock_1404252305-1.46p2VxHI_ZmckSB.jpg (before: 49kB, after: 12kB) (+638ms) (2233/4055)
11:40:26   ▶ /_astro/shutterstock_252392584-1.D87yZd8z_w6Uvw.avif (before: 54kB, after: 2kB) (+642ms) (2234/4055)
11:40:26   ▶ /_astro/shutterstock_1050606914-1.ChmK_epv_Z1Aj8CQ.avif (before: 71kB, after: 3kB) (+636ms) (2235/4055)
11:40:26   ▶ /_astro/shutterstock_566451454-1.xP-9Og7F_2uOYnB.avif (before: 53kB, after: 4kB) (+638ms) (2236/4055)
11:40:26   ▶ /_astro/shutterstock_1058754506-1.B7BKXzs1_ZBUc35.jpg (before: 96kB, after: 19kB) (+566ms) (2237/4055)
11:40:26   ▶ /_astro/shutterstock_1276642348-1.DNbzhfuf_Z1pj4aU.jpg (before: 83kB, after: 51kB) (+566ms) (2238/4055)
11:40:26   ▶ /_astro/pexels-shiny-diamond-3762453-1-scaled-1.BilK3WD__1Po5Gy.jpg (before: 279kB, after: 61kB) (+577ms) (2239/4055)
11:40:28   ▶ /_astro/shutterstock_757893178-1.D8YTWDqe_Z2utmY0.avif (before: 60kB, after: 2kB) (+1.66s) (2240/4055)
11:40:28   ▶ /_astro/shutterstock_520962286-1.Bd2mm7hw_Z1UbUsn.jpg (before: 59kB, after: 9kB) (+1.37s) (2241/4055)
11:40:28   ▶ /_astro/shutterstock_1404252305-1.46p2VxHI_Z1WGBgR.jpg (before: 49kB, after: 18kB) (+1.17s) (2242/4055)
11:40:28   ▶ /_astro/shutterstock_1307669605-1.BaZJh5PU_1lkma1.avif (before: 91kB, after: 18kB) (+2.45s) (2243/4055)
11:40:28   ▶ /_astro/shutterstock_252392584-1.D87yZd8z_ZaVDeI.avif (before: 54kB, after: 4kB) (+1.65s) (2244/4055)
11:40:28   ▶ /_astro/shutterstock_1050606914-1.ChmK_epv_Z2iYwip.avif (before: 71kB, after: 5kB) (+1.62s) (2245/4055)
11:40:28   ▶ /_astro/shutterstock_1058754506-1.B7BKXzs1_Z1WHO4X.jpg (before: 96kB, after: 41kB) (+1.79s) (2246/4055)
11:40:28   ▶ /_astro/shutterstock_566451454-1.xP-9Og7F_2vFfkj.avif (before: 53kB, after: 5kB) (+1.79s) (2247/4055)
11:40:29   ▶ /_astro/shutterstock_1276642348-1.DNbzhfuf_Z1y3RHQ.avif (before: 83kB, after: 6kB) (+2.64s) (2248/4055)
11:40:29   ▶ /_astro/shutterstock_757893178-1.D8YTWDqe_ZXPG64.avif (before: 60kB, after: 4kB) (+1.58s) (2249/4055)
11:40:29   ▶ /_astro/shutterstock_520962286-1.Bd2mm7hw_2rVDAj.jpg (before: 59kB, after: 16kB) (+1.57s) (2250/4055)
11:40:29   ▶ /_astro/shutterstock_1307669605-1.BaZJh5PU_Z16NxaK.avif (before: 91kB, after: 7kB) (+1.57s) (2251/4055)
11:40:29   ▶ /_astro/maria-lysenko-KbIZwj8d3Bo-unsplash-1-scaled-1.DJO7_4vN_vG7dr.avif (before: 760kB, after: 77kB) (+2.86s) (2252/4055)
11:40:29   ▶ /_astro/shutterstock_1050606914-1.ChmK_epv_1aHl8g.avif (before: 71kB, after: 7kB) (+1.10s) (2253/4055)
11:40:29   ▶ /_astro/shutterstock_1215868702-1.Cjzi2ihq_ZamOIF.avif (before: 34kB, after: 11kB) (+2.87s) (2254/4055)
11:40:29   ▶ /_astro/shutterstock_1284302962-1.Cis1EWG8_ZeiQfU.avif (before: 54kB, after: 14kB) (+2.72s) (2255/4055)
11:40:29   ▶ /_astro/shutterstock_566451454-1.xP-9Og7F_1P5ztN.jpg (before: 53kB, after: 27kB) (+1.02s) (2256/4055)
11:40:30   ▶ /_astro/shutterstock_252392584-1.D87yZd8z_1m7DkJ.avif (before: 54kB, after: 6kB) (+1.98s) (2257/4055)
11:40:30   ▶ /_astro/shutterstock_1058754506-1.B7BKXzs1_Z1Ud0ac.jpg (before: 96kB, after: 67kB) (+2.13s) (2258/4055)
11:40:30   ▶ /_astro/shutterstock_520962286-1.Bd2mm7hw_Z15bcDa.jpg (before: 59kB, after: 24kB) (+1.27s) (2259/4055)
11:40:30   ▶ /_astro/shutterstock_1276642348-1.DNbzhfuf_1wg3cc.avif (before: 83kB, after: 2kB) (+1.32s) (2260/4055)
11:40:30   ▶ /_astro/shutterstock_757893178-1.D8YTWDqe_ZX0q9m.avif (before: 60kB, after: 6kB) (+1.29s) (2261/4055)
11:40:30   ▶ /_astro/shutterstock_1050606914-1.ChmK_epv_2gJYom.jpg (before: 71kB, after: 32kB) (+1.24s) (2262/4055)
11:40:30   ▶ /_astro/shutterstock_1307669605-1.BaZJh5PU_Z2rBacD.avif (before: 91kB, after: 12kB) (+1.33s) (2263/4055)
11:40:30   ▶ /_astro/shutterstock_1215868702-1.Cjzi2ihq_20y4jh.avif (before: 34kB, after: 4kB) (+1.29s) (2264/4055)
11:40:30   ▶ /_astro/shutterstock_566451454-1.xP-9Og7F_Z199XKg.jpg (before: 53kB, after: 8kB) (+1.22s) (2265/4055)
11:40:31   ▶ /_astro/shutterstock_1284302962-1.Cis1EWG8_1VC2M2.avif (before: 54kB, after: 5kB) (+1.72s) (2266/4055)
11:40:31   ▶ /_astro/shutterstock_252392584-1.D87yZd8z_12BnmJ.jpg (before: 54kB, after: 28kB) (+1.27s) (2267/4055)
11:40:31   ▶ /_astro/shutterstock_254735842-1.BV-KyjKr_ZMsdXq.avif (before: 32kB, after: 6kB) (+3.79s) (2268/4055)
11:40:32   ▶ /_astro/shutterstock_757893178-1.D8YTWDqe_x5wAA.jpg (before: 60kB, after: 29kB) (+1.30s) (2269/4055)
11:40:32   ▶ /_astro/shutterstock_1050606914-1.ChmK_epv_Z1J325F.jpg (before: 71kB, after: 8kB) (+1.30s) (2270/4055)
11:40:32   ▶ /_astro/shutterstock_1276642348-1.DNbzhfuf_Z22ioIN.avif (before: 83kB, after: 3kB) (+1.35s) (2271/4055)
11:40:32   ▶ /_astro/shutterstock_1307669605-1.BaZJh5PU_ZM1U5U.jpg (before: 91kB, after: 53kB) (+1.29s) (2272/4055)
11:40:32   ▶ /_astro/shutterstock_1058754506-1.B7BKXzs1_Z20noSG.avif (before: 96kB, after: 17kB) (+1.39s) (2273/4055)
11:40:32   ▶ /_astro/shutterstock_566451454-1.xP-9Og7F_msH7F.jpg (before: 53kB, after: 13kB) (+1.29s) (2274/4055)
11:40:32   ▶ /_astro/shutterstock_1215868702-1.Cjzi2ihq_EKrho.avif (before: 34kB, after: 6kB) (+1.62s) (2275/4055)
11:40:32   ▶ /_astro/shutterstock_252392584-1.D87yZd8z_VUzag.jpg (before: 54kB, after: 6kB) (+995ms) (2276/4055)
11:40:32   ▶ /_astro/shutterstock_1284302962-1.Cis1EWG8_AOpK9.avif (before: 54kB, after: 8kB) (+1.45s) (2277/4055)
11:40:32   ▶ /_astro/shutterstock_757893178-1.D8YTWDqe_rltz0.jpg (before: 60kB, after: 6kB) (+667ms) (2278/4055)
11:40:32   ▶ /_astro/shutterstock_254735842-1.BV-KyjKr_Z1vuqtS.avif (before: 32kB, after: 3kB) (+1.03s) (2279/4055)
11:40:32   ▶ /_astro/shutterstock_1050606914-1.ChmK_epv_Z2rIpKe.jpg (before: 71kB, after: 16kB) (+729ms) (2280/4055)
11:40:32   ▶ /_astro/shutterstock_1307669605-1.BaZJh5PU_1P1jnf.jpg (before: 91kB, after: 19kB) (+689ms) (2281/4055)
11:40:32   ▶ /_astro/shutterstock_1276642348-1.DNbzhfuf_Z21s8M6.avif (before: 83kB, after: 5kB) (+690ms) (2282/4055)
11:40:32   ▶ /_astro/shutterstock_566451454-1.xP-9Og7F_niX4n.jpg (before: 53kB, after: 20kB) (+690ms) (2283/4055)
11:40:33   ▶ /_astro/shutterstock_1058754506-1.B7BKXzs1_11m7cU.avif (before: 96kB, after: 3kB) (+850ms) (2284/4055)
11:40:33   ▶ /_astro/shutterstock_252392584-1.D87yZd8z_eR0p1.jpg (before: 54kB, after: 12kB) (+439ms) (2285/4055)
11:40:33   ▶ /_astro/maria-lysenko-KbIZwj8d3Bo-unsplash-1-scaled-1.DJO7_4vN_2cwuzD.avif (before: 760kB, after: 135kB) (+3.58s) (2286/4055)
11:40:33   ▶ /_astro/shutterstock_757893178-1.D8YTWDqe_1WYarV.jpg (before: 60kB, after: 13kB) (+648ms) (2287/4055)
11:40:33   ▶ /_astro/shutterstock_1892166514-1.DXRRmIh__2ulCVz.avif (before: 55kB, after: 20kB) (+2.63s) (2288/4055)
11:40:33   ▶ /_astro/shutterstock_1050606914-1.ChmK_epv_11XrFr.jpg (before: 71kB, after: 24kB) (+637ms) (2289/4055)
11:40:33   ▶ /_astro/shutterstock_1307669605-1.BaZJh5PU_udGlm.jpg (before: 91kB, after: 37kB) (+638ms) (2290/4055)
11:40:33   ▶ /_astro/shutterstock_1276642348-1.DNbzhfuf_Z1GMLaF.jpg (before: 83kB, after: 28kB) (+638ms) (2291/4055)
11:40:34   ▶ /_astro/shutterstock_254735842-1.BV-KyjKr_sUpC0.avif (before: 32kB, after: 4kB) (+1.23s) (2292/4055)
11:40:34   ▶ /_astro/shutterstock_252392584-1.D87yZd8z_1LVhYt.jpg (before: 54kB, after: 19kB) (+952ms) (2293/4055)
11:40:34   ▶ /_astro/shutterstock_1058754506-1.B7BKXzs1_2wYN5Q.avif (before: 96kB, after: 7kB) (+1.09s) (2294/4055)
11:40:34   ▶ /_astro/maria-lysenko-KbIZwj8d3Bo-unsplash-1-scaled-1.DJO7_4vN_18TSlC.jpg (before: 760kB, after: 654kB) (+1.36s) (2295/4055)
11:40:34   ▶ /_astro/shutterstock_757893178-1.D8YTWDqe_1XOqoD.jpg (before: 60kB, after: 21kB) (+1.23s) (2296/4055)
11:40:34   ▶ /_astro/shutterstock_1284302962-1.Cis1EWG8_DkeEU.avif (before: 54kB, after: 11kB) (+1.91s) (2297/4055)
11:40:34   ▶ /_astro/shutterstock_1892166514-1.DXRRmIh__ZoTAOp.avif (before: 55kB, after: 7kB) (+1.23s) (2298/4055)
11:40:34   ▶ /_astro/shutterstock_1276642348-1.DNbzhfuf_ZB6e3J.jpg (before: 83kB, after: 7kB) (+1.18s) (2299/4055)
11:40:35   ▶ /_astro/shutterstock_1307669605-1.BaZJh5PU_Z258AMx.avif (before: 91kB, after: 13kB) (+1.65s) (2300/4055)
11:40:35   ▶ /_astro/shutterstock_1215868702-1.Cjzi2ihq_Hggca.avif (before: 34kB, after: 9kB) (+2.65s) (2301/4055)
11:40:35   ▶ /_astro/shutterstock_1058754506-1.B7BKXzs1_Z2wm4Ln.avif (before: 96kB, after: 11kB) (+1.11s) (2302/4055)
11:40:35   ▶ /_astro/maria-lysenko-KbIZwj8d3Bo-unsplash-1-scaled-1.DJO7_4vN_1NERkT.jpg (before: 760kB, after: 17kB) (+1.22s) (2303/4055)
11:40:35   ▶ /_astro/shutterstock_1800233047-1.qjVsWmzX_1QoHOH.avif (before: 34kB, after: 9kB) (+2.25s) (2304/4055)
11:40:35   ▶ /_astro/shutterstock_623291072-1.CoZcBOGE_Z2w7TCH.avif (before: 41kB, after: 9kB) (+2.91s) (2305/4055)
11:40:35   ▶ /_astro/shutterstock_1284302962-1.Cis1EWG8_Z2mF8vQ.jpg (before: 54kB, after: 44kB) (+1.11s) (2306/4055)
11:40:35   ▶ /_astro/shutterstock_1276642348-1.DNbzhfuf_TwrOc.jpg (before: 83kB, after: 13kB) (+1.10s) (2307/4055)
11:40:35   ▶ /_astro/shutterstock_254735842-1.BV-KyjKr_GYPQD.avif (before: 32kB, after: 6kB) (+1.85s) (2308/4055)
11:40:36   ▶ /_astro/shutterstock_1892166514-1.DXRRmIh__Z1JHdQi.avif (before: 55kB, after: 11kB) (+1.29s) (2309/4055)
11:40:36   ▶ /_astro/shutterstock_1215868702-1.Cjzi2ihq_Z2iJ6YB.jpg (before: 34kB, after: 30kB) (+1.01s) (2310/4055)
11:40:36   ▶ /_astro/shutterstock_1058754506-1.B7BKXzs1_Z297ilv.jpg (before: 96kB, after: 49kB) (+1.02s) (2311/4055)
11:40:36   ▶ /_astro/maria-lysenko-KbIZwj8d3Bo-unsplash-1-scaled-1.DJO7_4vN_5EeO7.jpg (before: 760kB, after: 42kB) (+646ms) (2312/4055)
11:40:36   ▶ /_astro/shutterstock_1307669605-1.BaZJh5PU_Z1ASvaG.avif (before: 91kB, after: 4kB) (+1.24s) (2313/4055)
11:40:36   ▶ /_astro/shutterstock_1800233047-1.qjVsWmzX_Z12QvVh.avif (before: 34kB, after: 4kB) (+692ms) (2314/4055)
11:40:36   ▶ /_astro/shutterstock_1284302962-1.Cis1EWG8_ZbJesT.jpg (before: 54kB, after: 16kB) (+658ms) (2315/4055)
11:40:36   ▶ /_astro/shutterstock_1276642348-1.DNbzhfuf_UmHKT.jpg (before: 83kB, after: 20kB) (+658ms) (2316/4055)
11:40:36   ▶ /_astro/shutterstock_254735842-1.BV-KyjKr_ZmDzjG.jpg (before: 32kB, after: 29kB) (+685ms) (2317/4055)
11:40:37   ▶ /_astro/shutterstock_623291072-1.CoZcBOGE_23MgzK.avif (before: 41kB, after: 3kB) (+1.20s) (2318/4055)
11:40:37   ▶ /_astro/shutterstock_1215868702-1.Cjzi2ihq_Z7NcVE.jpg (before: 34kB, after: 11kB) (+1.20s) (2319/4055)
11:40:37   ▶ /_astro/shutterstock_1058754506-1.B7BKXzs1_Z170a31.jpg (before: 96kB, after: 9kB) (+1.15s) (2320/4055)
11:40:37   ▶ /_astro/maria-lysenko-KbIZwj8d3Bo-unsplash-1-scaled-1.DJO7_4vN_ZszW2s.jpg (before: 760kB, after: 82kB) (+1.25s) (2321/4055)
11:40:37   ▶ /_astro/shutterstock_1307669605-1.BaZJh5PU_Z5fOhK.avif (before: 91kB, after: 6kB) (+1.38s) (2322/4055)
11:40:37   ▶ /_astro/shutterstock_1800233047-1.qjVsWmzX_Z2nE8Xa.avif (before: 34kB, after: 6kB) (+1.37s) (2323/4055)
11:40:37   ▶ /_astro/shutterstock_1284302962-1.Cis1EWG8_Z1wwQuM.jpg (before: 54kB, after: 29kB) (+1.37s) (2324/4055)
11:40:38   ▶ /_astro/shutterstock_254735842-1.BV-KyjKr_Z15FLP9.jpg (before: 32kB, after: 10kB) (+1.38s) (2325/4055)
11:40:38   ▶ /_astro/shutterstock_1401918893-1.CFhnGbx-_Z1iwknw.avif (before: 74kB, after: 26kB) (+4.08s) (2326/4055)
11:40:38   ▶ /_astro/shutterstock_1892166514-1.DXRRmIh__Z1HcoVw.avif (before: 55kB, after: 16kB) (+2.22s) (2327/4055)
11:40:38   ▶ /_astro/shutterstock_1215868702-1.Cjzi2ihq_Z1sAOXx.jpg (before: 34kB, after: 21kB) (+1.01s) (2328/4055)
11:40:38   ▶ /_astro/shutterstock_1058754506-1.B7BKXzs1_oCvOU.jpg (before: 96kB, after: 20kB) (+1.03s) (2329/4055)
11:40:39   ▶ /_astro/maria-lysenko-KbIZwj8d3Bo-unsplash-1-scaled-1.DJO7_4vN_SUs0R.jpg (before: 760kB, after: 199kB) (+1.29s) (2330/4055)
11:40:39   ▶ /_astro/shutterstock_623291072-1.CoZcBOGE_Z11Y17i.avif (before: 41kB, after: 5kB) (+1.98s) (2331/4055)
11:40:39   ▶ /_astro/shutterstock_1307669605-1.BaZJh5PU_Z4pyl3.avif (before: 91kB, after: 9kB) (+1.25s) (2332/4055)
11:40:39   ▶ /_astro/shutterstock_1284302962-1.Cis1EWG8_Z1u22A1.jpg (before: 54kB, after: 43kB) (+1.21s) (2333/4055)
11:40:39   ▶ /_astro/shutterstock_254735842-1.BV-KyjKr_SJ4gJ.jpg (before: 32kB, after: 18kB) (+1.26s) (2334/4055)
11:40:39   ▶ /_astro/shutterstock_1401918893-1.CFhnGbx-_RoyEq.avif (before: 74kB, after: 6kB) (+1.03s) (2335/4055)
11:40:39   ▶ /_astro/shutterstock_1892166514-1.DXRRmIh__lYlFD.jpg (before: 55kB, after: 51kB) (+1.03s) (2336/4055)
11:40:39   ▶ /_astro/shutterstock_1215868702-1.Cjzi2ihq_Z1q613L.jpg (before: 34kB, after: 31kB) (+899ms) (2337/4055)
11:40:39   ▶ /_astro/shutterstock_1058754506-1.B7BKXzs1_psLLC.jpg (before: 96kB, after: 33kB) (+847ms) (2338/4055)
11:40:39   ▶ /_astro/shutterstock_1800233047-1.qjVsWmzX_Z2l9k3o.avif (before: 34kB, after: 8kB) (+1.95s) (2339/4055)
11:40:39   ▶ /_astro/shutterstock_1706287213-1.DNmbUO7k_Z18hy7c.avif (before: 141kB, after: 13kB) (+3.36s) (2340/4055)
11:40:39   ▶ /_astro/shutterstock_1307669605-1.BaZJh5PU_Z2dRufm.jpg (before: 91kB, after: 38kB) (+842ms) (2341/4055)
11:40:39   ▶ /_astro/maria-lysenko-KbIZwj8d3Bo-unsplash-1-scaled-1.DJO7_4vN_Z1eLmfW.jpg (before: 760kB, after: 350kB) (+937ms) (2342/4055)
11:40:40   ▶ /_astro/shutterstock_254735842-1.BV-KyjKr_17Nuvn.jpg (before: 32kB, after: 27kB) (+704ms) (2343/4055)
11:40:40   ▶ /_astro/h-shaw-5LcgjahE0vo-unsplash-1-scaled-1.D8DqMUQu_Z1vaaWf.avif (before: 253kB, after: 41kB) (+5.45s) (2344/4055)
11:40:40   ▶ /_astro/shutterstock_1892166514-1.DXRRmIh__2wUfIA.jpg (before: 55kB, after: 18kB) (+900ms) (2345/4055)
11:40:40   ▶ /_astro/shutterstock_1284302962-1.Cis1EWG8_17M4l2.avif (before: 54kB, after: 8kB) (+1.15s) (2346/4055)
11:40:41   ▶ /_astro/shutterstock_1800233047-1.qjVsWmzX_ZgWyqe.jpg (before: 34kB, after: 32kB) (+1.28s) (2347/4055)
11:40:41   ▶ /_astro/shutterstock_1401918893-1.CFhnGbx-_Zso3ms.avif (before: 74kB, after: 11kB) (+1.86s) (2348/4055)
11:40:41   ▶ /_astro/shutterstock_1307669605-1.BaZJh5PU_1kVlnj.jpg (before: 91kB, after: 9kB) (+1.32s) (2349/4055)
11:40:41   ▶ /_astro/shutterstock_1706287213-1.DNmbUO7k_12DkUK.avif (before: 141kB, after: 3kB) (+1.38s) (2350/4055)
11:40:41   ▶ /_astro/shutterstock_1215868702-1.Cjzi2ihq_Z1Wqi5h.avif (before: 34kB, after: 5kB) (+1.91s) (2351/4055)
11:40:41   ▶ /_astro/shutterstock_254735842-1.BV-KyjKr_nifff.avif (before: 32kB, after: 5kB) (+1.32s) (2352/4055)
11:40:41   ▶ /_astro/h-shaw-5LcgjahE0vo-unsplash-1-scaled-1.D8DqMUQu_Z1QoKlS.avif (before: 253kB, after: 6kB) (+1.14s) (2353/4055)
11:40:41   ▶ /_astro/shutterstock_1892166514-1.DXRRmIh__1c7CGH.jpg (before: 55kB, after: 34kB) (+1.14s) (2354/4055)
11:40:41   ▶ /_astro/shutterstock_1823263868-1.C1txzfAj_Z21V8ch.avif (before: 39kB, after: 8kB) (+2.08s) (2355/4055)
11:40:41   ▶ /_astro/shutterstock_1800233047-1.qjVsWmzX_1SXkBI.jpg (before: 34kB, after: 11kB) (+851ms) (2356/4055)
11:40:42   ▶ /_astro/shutterstock_1284302962-1.Cis1EWG8_1rx4M6.avif (before: 54kB, after: 3kB) (+1.79s) (2357/4055)
11:40:42   ▶ /_astro/shutterstock_1307669605-1.BaZJh5PU_Z2dC6xG.jpg (before: 91kB, after: 17kB) (+1.05s) (2358/4055)
11:40:42   ▶ /_astro/shutterstock_623291072-1.CoZcBOGE_ZMTzRE.avif (before: 41kB, after: 7kB) (+3.27s) (2359/4055)
11:40:42   ▶ /_astro/shutterstock_1215868702-1.Cjzi2ihq_1vt6jl.avif (before: 34kB, after: 2kB) (+1.05s) (2360/4055)
11:40:42   ▶ /_astro/shutterstock_1706287213-1.DNmbUO7k_Zi9h68.avif (before: 141kB, after: 6kB) (+1.09s) (2361/4055)
11:40:42   ▶ /_astro/shutterstock_254735842-1.BV-KyjKr_Z21tMUm.avif (before: 32kB, after: 2kB) (+1.20s) (2362/4055)
11:40:42   ▶ /_astro/shutterstock_1892166514-1.DXRRmIh__1eCrBt.jpg (before: 55kB, after: 52kB) (+1.17s) (2363/4055)
11:40:42   ▶ /_astro/shutterstock_1823263868-1.C1txzfAj_8YKPF.avif (before: 39kB, after: 4kB) (+1.15s) (2364/4055)
11:40:42   ▶ /_astro/shutterstock_1800233047-1.qjVsWmzX_yaHzP.jpg (before: 34kB, after: 21kB) (+707ms) (2365/4055)
11:40:42   ▶ /_astro/h-shaw-5LcgjahE0vo-unsplash-1-scaled-1.D8DqMUQu_tApNF.avif (before: 253kB, after: 9kB) (+1.63s) (2366/4055)
11:40:43   ▶ /_astro/shutterstock_1307669605-1.BaZJh5PU_Z2cLPAY.jpg (before: 91kB, after: 27kB) (+966ms) (2367/4055)
11:40:43   ▶ /_astro/shutterstock_623291072-1.CoZcBOGE_Z26jfXX.jpg (before: 41kB, after: 33kB) (+966ms) (2368/4055)
11:40:43   ▶ /_astro/shutterstock_1284302962-1.Cis1EWG8_Z271n8T.avif (before: 54kB, after: 4kB) (+1.24s) (2369/4055)
11:40:43   ▶ /_astro/maria-lysenko-KbIZwj8d3Bo-unsplash-1-scaled-1.DJO7_4vN_4vsRR.avif (before: 760kB, after: 124kB) (+3.34s) (2370/4055)
11:40:43   ▶ /_astro/shutterstock_1215868702-1.Cjzi2ihq_Z235lBE.avif (before: 34kB, after: 3kB) (+1.03s) (2371/4055)
11:40:43   ▶ /_astro/shutterstock_254735842-1.BV-KyjKr_2lDL8k.avif (before: 32kB, after: 3kB) (+840ms) (2372/4055)
11:40:43   ▶ /_astro/shutterstock_1823263868-1.C1txzfAj_Z1bMQbd.avif (before: 39kB, after: 5kB) (+795ms) (2373/4055)
11:40:43   ▶ /_astro/shutterstock_1800233047-1.qjVsWmzX_AFwuB.jpg (before: 34kB, after: 32kB) (+1.11s) (2374/4055)
11:40:44   ▶ /_astro/shutterstock_1892166514-1.DXRRmIh__ZC12dB.avif (before: 55kB, after: 11kB) (+1.71s) (2375/4055)
11:40:44   ▶ /_astro/shutterstock_623291072-1.CoZcBOGE_2tAUeu.jpg (before: 41kB, after: 11kB) (+1.00s) (2376/4055)
11:40:44   ▶ /_astro/shutterstock_1401918893-1.CFhnGbx-_ZpSerG.avif (before: 74kB, after: 19kB) (+3.12s) (2377/4055)
11:40:44   ▶ /_astro/maria-lysenko-KbIZwj8d3Bo-unsplash-1-scaled-1.DJO7_4vN_2qr1SU.avif (before: 760kB, after: 2kB) (+1.01s) (2378/4055)
11:40:44   ▶ /_astro/shutterstock_1284302962-1.Cis1EWG8_Z26b7cc.avif (before: 54kB, after: 6kB) (+1.44s) (2379/4055)
11:40:44   ▶ /_astro/shutterstock_1706287213-1.DNmbUO7k_ZfDsbm.avif (before: 141kB, after: 10kB) (+2.45s) (2380/4055)
11:40:44   ▶ /_astro/shutterstock_1215868702-1.Cjzi2ihq_Z22f5EW.avif (before: 34kB, after: 4kB) (+1.47s) (2381/4055)
11:40:44   ▶ /_astro/shutterstock_254735842-1.BV-KyjKr_Z1bt569.avif (before: 32kB, after: 4kB) (+1.49s) (2382/4055)
11:40:44   ▶ /_astro/shutterstock_1800233047-1.qjVsWmzX_Z4DXqN.avif (before: 34kB, after: 5kB) (+1.11s) (2383/4055)
11:40:44   ▶ /_astro/shutterstock_358283384-1.B8D6BDNx_Zhxmyk.avif (before: 47kB, after: 10kB) (+1.65s) (2384/4055)
11:40:44   ▶ /_astro/h-shaw-5LcgjahE0vo-unsplash-1-scaled-1.D8DqMUQu_huLt.avif (before: 253kB, after: 13kB) (+2.01s) (2385/4055)
11:40:44   ▶ /_astro/shutterstock_623291072-1.CoZcBOGE_ZBamsy.jpg (before: 41kB, after: 20kB) (+691ms) (2386/4055)
11:40:44   ▶ /_astro/shutterstock_1823263868-1.C1txzfAj_Z19i2gr.avif (before: 39kB, after: 7kB) (+1.59s) (2387/4055)
11:40:45   ▶ /_astro/shutterstock_1401918893-1.CFhnGbx-_1Diwat.jpg (before: 74kB, after: 67kB) (+705ms) (2388/4055)
11:40:45   ▶ /_astro/shutterstock_1892166514-1.DXRRmIh__ZSYyOl.avif (before: 55kB, after: 4kB) (+770ms) (2389/4055)
11:40:45   ▶ /_astro/shutterstock_1284302962-1.Cis1EWG8_Y3aSd.jpg (before: 54kB, after: 26kB) (+272ms) (2390/4055)
11:40:45   ▶ /_astro/shutterstock_1706287213-1.DNmbUO7k_1NxiqN.jpg (before: 141kB, after: 67kB) (+359ms) (2391/4055)
11:40:45   ▶ /_astro/shutterstock_1215868702-1.Cjzi2ihq_Z26abx6.jpg (before: 34kB, after: 17kB) (+359ms) (2392/4055)
11:40:45   ▶ /_astro/shutterstock_254735842-1.BV-KyjKr_Z1K420G.jpg (before: 32kB, after: 22kB) (+439ms) (2393/4055)
11:40:45   ▶ /_astro/shutterstock_1800233047-1.qjVsWmzX_Z1wVtVd.avif (before: 34kB, after: 2kB) (+497ms) (2394/4055)
11:40:45   ▶ /_astro/maria-lysenko-KbIZwj8d3Bo-unsplash-1-scaled-1.DJO7_4vN_Z2l5XA8.avif (before: 760kB, after: 5kB) (+1.10s) (2395/4055)
11:40:45   ▶ /_astro/shutterstock_623291072-1.CoZcBOGE_Zn5VdU.jpg (before: 41kB, after: 31kB) (+430ms) (2396/4055)
11:40:45   ▶ /_astro/shutterstock_1823263868-1.C1txzfAj_TSIlI.jpg (before: 39kB, after: 31kB) (+429ms) (2397/4055)
11:40:45   ▶ /_astro/shutterstock_1401918893-1.CFhnGbx-_Z1fWHAv.jpg (before: 74kB, after: 17kB) (+420ms) (2398/4055)
11:40:45   ▶ /_astro/shutterstock_358283384-1.B8D6BDNx_Z10zz4M.avif (before: 47kB, after: 4kB) (+479ms) (2399/4055)
11:40:45   ▶ /_astro/shutterstock_1284302962-1.Cis1EWG8_ZFOcsP.jpg (before: 54kB, after: 7kB) (+727ms) (2400/4055)
11:40:45   ▶ /_astro/shutterstock_1215868702-1.Cjzi2ihq_ZBSaVA.jpg (before: 34kB, after: 5kB) (+549ms) (2401/4055)
11:40:45   ▶ /_astro/shutterstock_1706287213-1.DNmbUO7k_Z15HVkb.jpg (before: 141kB, after: 13kB) (+549ms) (2402/4055)
11:40:45   ▶ /_astro/shutterstock_254735842-1.BV-KyjKr_Z1AF9gC.jpg (before: 32kB, after: 6kB) (+624ms) (2403/4055)
11:40:45   ▶ /_astro/shutterstock_1892166514-1.DXRRmIh__BD73A.avif (before: 55kB, after: 6kB) (+908ms) (2404/4055)
11:40:46   ▶ /_astro/maria-lysenko-KbIZwj8d3Bo-unsplash-1-scaled-1.DJO7_4vN_282rPN.avif (before: 760kB, after: 10kB) (+637ms) (2405/4055)
11:40:46   ▶ /_astro/shutterstock_1800233047-1.qjVsWmzX_Z1iN3h.avif (before: 34kB, after: 3kB) (+641ms) (2406/4055)
11:40:46   ▶ /_astro/shutterstock_1823263868-1.C1txzfAj_Z1Ymvpg.jpg (before: 39kB, after: 12kB) (+624ms) (2407/4055)
11:40:46   ▶ /_astro/shutterstock_1401918893-1.CFhnGbx-_2tqNbx.jpg (before: 74kB, after: 34kB) (+624ms) (2408/4055)
11:40:46   ▶ /_astro/shutterstock_1284302962-1.Cis1EWG8_ONtp6.jpg (before: 54kB, after: 13kB) (+609ms) (2409/4055)
11:40:46   ▶ /_astro/shutterstock_1215868702-1.Cjzi2ihq_SJuVl.jpg (before: 34kB, after: 9kB) (+609ms) (2410/4055)
11:40:46   ▶ /_astro/shutterstock_1706287213-1.DNmbUO7k_Z2qvym4.jpg (before: 141kB, after: 28kB) (+609ms) (2411/4055)
11:40:46   ▶ /_astro/shutterstock_254735842-1.BV-KyjKr_Z2iII1R.jpg (before: 32kB, after: 11kB) (+837ms) (2412/4055)
11:40:46   ▶ /_astro/shutterstock_623291072-1.CoZcBOGE_Zy52ou.avif (before: 41kB, after: 5kB) (+1.33s) (2413/4055)
11:40:46   ▶ /_astro/shutterstock_358283384-1.B8D6BDNx_XPh26.avif (before: 47kB, after: 6kB) (+1.43s) (2414/4055)
11:40:46   ▶ /_astro/shutterstock_1892166514-1.DXRRmIh__Ctn0i.avif (before: 55kB, after: 8kB) (+946ms) (2415/4055)
11:40:46   ▶ /_astro/shutterstock_1823263868-1.C1txzfAj_1K20mM.jpg (before: 39kB, after: 21kB) (+811ms) (2416/4055)
11:40:46   ▶ /_astro/shutterstock_1401918893-1.CFhnGbx-_2vVC6j.jpg (before: 74kB, after: 59kB) (+811ms) (2417/4055)
11:40:46   ▶ /_astro/shutterstock_1284302962-1.Cis1EWG8_PDJlN.jpg (before: 54kB, after: 20kB) (+578ms) (2418/4055)
11:40:46   ▶ /_astro/shutterstock_1800233047-1.qjVsWmzX_Zsx6z.avif (before: 34kB, after: 4kB) (+871ms) (2419/4055)
11:40:46   ▶ /_astro/shutterstock_1215868702-1.Cjzi2ihq_TzKS3.jpg (before: 34kB, after: 13kB) (+578ms) (2420/4055)
11:40:47   ▶ /_astro/shutterstock_254735842-1.BV-KyjKr_ZKEqrp.jpg (before: 32kB, after: 16kB) (+563ms) (2421/4055)
11:40:47   ▶ /_astro/shutterstock_1706287213-1.DNmbUO7k_Z2o0Jri.jpg (before: 141kB, after: 49kB) (+972ms) (2422/4055)
11:40:47   ▶ /_astro/shutterstock_623291072-1.CoZcBOGE_1xMT9h.avif (before: 41kB, after: 1kB) (+617ms) (2423/4055)
11:40:47   ▶ /_astro/shutterstock_1892166514-1.DXRRmIh__ZKJUFq.jpg (before: 55kB, after: 33kB) (+812ms) (2424/4055)
11:40:47   ▶ /_astro/shutterstock_1823263868-1.C1txzfAj_1MwOhy.jpg (before: 39kB, after: 32kB) (+812ms) (2425/4055)
11:40:48   ▶ /_astro/maria-lysenko-KbIZwj8d3Bo-unsplash-1-scaled-1.DJO7_4vN_ZBkzGK.avif (before: 760kB, after: 32kB) (+1.96s) (2426/4055)
11:40:48   ▶ /_astro/shutterstock_1800233047-1.qjVsWmzX_ZdnQSC.jpg (before: 34kB, after: 20kB) (+1.35s) (2427/4055)
11:40:48   ▶ /_astro/h-shaw-5LcgjahE0vo-unsplash-1-scaled-1.D8DqMUQu_1J2lA2.avif (before: 253kB, after: 20kB) (+3.74s) (2428/4055)
11:40:48   ▶ /_astro/shutterstock_1401918893-1.CFhnGbx-_Z1uQQBa.avif (before: 74kB, after: 11kB) (+1.87s) (2429/4055)
11:40:48   ▶ /_astro/shutterstock_358283384-1.B8D6BDNx_1cTHgJ.avif (before: 47kB, after: 9kB) (+1.88s) (2430/4055)
11:40:48   ▶ /_astro/shutterstock_1706287213-1.DNmbUO7k_Z1nxY7V.avif (before: 141kB, after: 8kB) (+1.46s) (2431/4055)
11:40:48   ▶ /_astro/shutterstock_623291072-1.CoZcBOGE_PJko2.avif (before: 41kB, after: 2kB) (+1.40s) (2432/4055)
11:40:48   ▶ /_astro/shutterstock_1892166514-1.DXRRmIh__22PhIE.jpg (before: 55kB, after: 8kB) (+1.19s) (2433/4055)
11:40:48   ▶ /_astro/shutterstock_1687009768-1.DHO_bc2K_2aIOwe.avif (before: 36kB, after: 7kB) (+1.94s) (2434/4055)
11:40:49   ▶ /_astro/shutterstock_647794081-1.eE60eqpH_1C2ESu.avif (before: 61kB, after: 20kB) (+2.24s) (2435/4055)
11:40:49   ▶ /_astro/shutterstock_1800233047-1.qjVsWmzX_1oSmBM.jpg (before: 34kB, after: 5kB) (+948ms) (2436/4055)
11:40:50   ▶ /_astro/shutterstock_1823263868-1.C1txzfAj_1lw3c8.avif (before: 39kB, after: 6kB) (+2.66s) (2437/4055)
11:40:50   ▶ /_astro/shutterstock_1401918893-1.CFhnGbx-_njAEu.avif (before: 74kB, after: 3kB) (+1.61s) (2438/4055)
11:40:50   ▶ /_astro/shutterstock_358283384-1.B8D6BDNx_8gh5p.jpg (before: 47kB, after: 42kB) (+1.61s) (2439/4055)
11:40:50   ▶ /_astro/shutterstock_1706287213-1.DNmbUO7k_xymUO.avif (before: 141kB, after: 2kB) (+1.60s) (2440/4055)
11:40:50   ▶ /_astro/shutterstock_1093014014-1.CzaEaEqQ_1R4iGH.avif (before: 49kB, after: 16kB) (+3.06s) (2441/4055)
11:40:50   ▶ /_astro/shutterstock_1892166514-1.DXRRmIh__Z1vIacl.jpg (before: 55kB, after: 16kB) (+1.69s) (2442/4055)
11:40:50   ▶ /_astro/shutterstock_623291072-1.CoZcBOGE_2nNBXu.avif (before: 41kB, after: 3kB) (+1.77s) (2443/4055)
11:40:50   ▶ /_astro/shutterstock_1687009768-1.DHO_bc2K_Z1RNqEe.avif (before: 36kB, after: 3kB) (+1.78s) (2444/4055)
11:40:50   ▶ /_astro/shutterstock_1800233047-1.qjVsWmzX_Z29F5jd.jpg (before: 34kB, after: 9kB) (+1.46s) (2445/4055)
11:40:51   ▶ /_astro/shutterstock_1823263868-1.C1txzfAj_Zl5c9g.avif (before: 39kB, after: 2kB) (+806ms) (2446/4055)
11:40:51   ▶ /_astro/shutterstock_647794081-1.eE60eqpH_17KHi1.avif (before: 61kB, after: 8kB) (+1.99s) (2447/4055)
11:40:51   ▶ /_astro/shutterstock_358283384-1.B8D6BDNx_ZzKUq3.jpg (before: 47kB, after: 13kB) (+806ms) (2448/4055)
11:40:51   ▶ /_astro/maria-lysenko-KbIZwj8d3Bo-unsplash-1-scaled-1.DJO7_4vN_1AROsk.avif (before: 760kB, after: 62kB) (+3.19s) (2449/4055)
11:40:51   ▶ /_astro/shutterstock_1706287213-1.DNmbUO7k_24c3NK.avif (before: 141kB, after: 3kB) (+823ms) (2450/4055)
11:40:51   ▶ /_astro/shutterstock_1401918893-1.CFhnGbx-_1SWhxq.avif (before: 74kB, after: 5kB) (+871ms) (2451/4055)
11:40:51   ▶ /_astro/shutterstock_623291072-1.CoZcBOGE_2nJO9v.jpg (before: 41kB, after: 18kB) (+664ms) (2452/4055)
11:40:51   ▶ /_astro/shutterstock_1892166514-1.DXRRmIh__Z1uRTfD.jpg (before: 55kB, after: 25kB) (+999ms) (2453/4055)
11:40:51   ▶ /_astro/shutterstock_1800233047-1.qjVsWmzX_Z28OOmv.jpg (before: 34kB, after: 15kB) (+910ms) (2454/4055)
11:40:51   ▶ /_astro/shutterstock_1093014014-1.CzaEaEqQ_Z12bV4h.avif (before: 49kB, after: 6kB) (+1.43s) (2455/4055)
11:40:51   ▶ /_astro/shutterstock_1823263868-1.C1txzfAj_1axtIF.avif (before: 39kB, after: 3kB) (+660ms) (2456/4055)
11:40:51   ▶ /_astro/shutterstock_358283384-1.B8D6BDNx_1oDUFP.jpg (before: 47kB, after: 25kB) (+659ms) (2457/4055)
11:40:51   ▶ /_astro/shutterstock_1687009768-1.DHO_bc2K_1QA57O.avif (before: 36kB, after: 5kB) (+1.18s) (2458/4055)
11:40:51   ▶ /_astro/maria-lysenko-KbIZwj8d3Bo-unsplash-1-scaled-1.DJO7_4vN_rJNFi.jpg (before: 760kB, after: 352kB) (+626ms) (2459/4055)
11:40:52   ▶ /_astro/h-shaw-5LcgjahE0vo-unsplash-1-scaled-1.D8DqMUQu_1PvW35.avif (before: 253kB, after: 28kB) (+3.56s) (2460/4055)
11:40:52   ▶ /_astro/shutterstock_623291072-1.CoZcBOGE_1XBxN1.jpg (before: 41kB, after: 5kB) (+1.36s) (2461/4055)
11:40:52   ▶ /_astro/shutterstock_647794081-1.eE60eqpH_Z1X0zp2.avif (before: 61kB, after: 12kB) (+1.71s) (2462/4055)
11:40:53   ▶ /_astro/shutterstock_1706287213-1.DNmbUO7k_252jKs.avif (before: 141kB, after: 5kB) (+1.87s) (2463/4055)
11:40:53   ▶ /_astro/shutterstock_1093014014-1.CzaEaEqQ_Z2mYy6a.avif (before: 49kB, after: 10kB) (+1.27s) (2464/4055)
11:40:53   ▶ /_astro/shutterstock_1401918893-1.CFhnGbx-_1TMxu8.avif (before: 74kB, after: 8kB) (+1.86s) (2465/4055)
11:40:53   ▶ /_astro/shutterstock_358283384-1.B8D6BDNx_1CIlUt.jpg (before: 47kB, after: 37kB) (+1.27s) (2466/4055)
11:40:53   ▶ /_astro/shutterstock_1823263868-1.C1txzfAj_1bnJFn.avif (before: 39kB, after: 4kB) (+1.68s) (2467/4055)
11:40:53   ▶ /_astro/maria-lysenko-KbIZwj8d3Bo-unsplash-1-scaled-1.DJO7_4vN_Z1DX2yW.jpg (before: 760kB, after: 7kB) (+1.67s) (2468/4055)
11:40:53   ▶ /_astro/h-shaw-5LcgjahE0vo-unsplash-1-scaled-1.D8DqMUQu_ZYELSR.jpg (before: 253kB, after: 223kB) (+1.24s) (2469/4055)
11:40:53   ▶ /_astro/shutterstock_623291072-1.CoZcBOGE_1gxY2L.jpg (before: 41kB, after: 9kB) (+992ms) (2470/4055)
11:40:53   ▶ /_astro/shutterstock_1054704908-1.s-rBAGns_Z19dpNH.avif (before: 54kB, after: 17kB) (+2.30s) (2471/4055)
11:40:53   ▶ /_astro/shutterstock_1706287213-1.DNmbUO7k_Z1whRzK.jpg (before: 141kB, after: 38kB) (+915ms) (2472/4055)
11:40:53   ▶ /_astro/shutterstock_142808959-1.zVV_eZNG_1scYL6.avif (before: 39kB, after: 9kB) (+2.39s) (2473/4055)
11:40:53   ▶ /_astro/shutterstock_1401918893-1.CFhnGbx-_Z1DAK3Y.jpg (before: 74kB, after: 34kB) (+915ms) (2474/4055)
11:40:53   ▶ /_astro/shutterstock_1687009768-1.DHO_bc2K_1T5T2A.avif (before: 36kB, after: 6kB) (+2.17s) (2475/4055)
11:40:53   ▶ /_astro/shutterstock_1823263868-1.C1txzfAj_1cM9Jj.jpg (before: 39kB, after: 21kB) (+509ms) (2476/4055)
11:40:53   ▶ /_astro/maria-lysenko-KbIZwj8d3Bo-unsplash-1-scaled-1.DJO7_4vN_Z1liTf4.jpg (before: 760kB, after: 18kB) (+508ms) (2477/4055)
11:40:54   ▶ /_astro/h-shaw-5LcgjahE0vo-unsplash-1-scaled-1.D8DqMUQu_1DCJyI.jpg (before: 253kB, after: 17kB) (+510ms) (2478/4055)
11:40:54   ▶ /_astro/shutterstock_358283384-1.B8D6BDNx_P5rxu.avif (before: 47kB, after: 5kB) (+1.21s) (2479/4055)
11:40:54   ▶ /_astro/shutterstock_623291072-1.CoZcBOGE_Z2gyRbH.jpg (before: 41kB, after: 13kB) (+791ms) (2480/4055)
11:40:54   ▶ /_astro/shutterstock_1706287213-1.DNmbUO7k_Z1zMTk7.jpg (before: 141kB, after: 6kB) (+421ms) (2481/4055)
11:40:54   ▶ /_astro/shutterstock_647794081-1.eE60eqpH_Z1IV9ao.avif (before: 61kB, after: 16kB) (+1.55s) (2482/4055)
11:40:54   ▶ /_astro/shutterstock_1401918893-1.CFhnGbx-_Z1K2FAr.jpg (before: 74kB, after: 8kB) (+420ms) (2483/4055)
11:40:54   ▶ /_astro/shutterstock_142808959-1.zVV_eZNG_WV2aC.avif (before: 39kB, after: 4kB) (+421ms) (2484/4055)
11:40:54   ▶ /_astro/shutterstock_1054704908-1.s-rBAGns_11Htef.avif (before: 54kB, after: 7kB) (+559ms) (2485/4055)
11:40:54   ▶ /_astro/shutterstock_1687009768-1.DHO_bc2K_2mxgi.jpg (before: 36kB, after: 28kB) (+425ms) (2486/4055)
11:40:54   ▶ /_astro/maria-lysenko-KbIZwj8d3Bo-unsplash-1-scaled-1.DJO7_4vN_Z1WmBC4.jpg (before: 760kB, after: 34kB) (+450ms) (2487/4055)
11:40:54   ▶ /_astro/shutterstock_1823263868-1.C1txzfAj_Z2trtpc.jpg (before: 39kB, after: 6kB) (+504ms) (2488/4055)
11:40:54   ▶ /_astro/h-shaw-5LcgjahE0vo-unsplash-1-scaled-1.D8DqMUQu_Z15yd4E.jpg (before: 253kB, after: 31kB) (+784ms) (2489/4055)
11:40:54   ▶ /_astro/shutterstock_1706287213-1.DNmbUO7k_Z4adrb.jpg (before: 141kB, after: 14kB) (+425ms) (2490/4055)
11:40:54   ▶ /_astro/shutterstock_647794081-1.eE60eqpH_22Qjxe.jpg (before: 61kB, after: 53kB) (+425ms) (2491/4055)
11:40:54   ▶ /_astro/shutterstock_1093014014-1.CzaEaEqQ_Z2ktJbo.avif (before: 49kB, after: 13kB) (+1.76s) (2492/4055)
11:40:54   ▶ /_astro/shutterstock_1401918893-1.CFhnGbx-_ZeoYHv.jpg (before: 74kB, after: 15kB) (+428ms) (2493/4055)
11:40:54   ▶ /_astro/shutterstock_358283384-1.B8D6BDNx_Z1vyVvg.avif (before: 47kB, after: 2kB) (+558ms) (2494/4055)
11:40:54   ▶ /_astro/shutterstock_1687009768-1.DHO_bc2K_141pSL.jpg (before: 36kB, after: 9kB) (+429ms) (2495/4055)
11:40:55   ▶ /_astro/maria-lysenko-KbIZwj8d3Bo-unsplash-1-scaled-1.DJO7_4vN_Ze6eTk.jpg (before: 760kB, after: 84kB) (+583ms) (2496/4055)
11:40:55   ▶ /_astro/shutterstock_1823263868-1.C1txzfAj_ZWNMwg.jpg (before: 39kB, after: 11kB) (+594ms) (2497/4055)
11:40:55   ▶ /_astro/h-shaw-5LcgjahE0vo-unsplash-1-scaled-1.D8DqMUQu_Z1yR86Q.jpg (before: 253kB, after: 47kB) (+556ms) (2498/4055)
11:40:55   ▶ /_astro/shutterstock_1706287213-1.DNmbUO7k_Z3jWut.jpg (before: 141kB, after: 24kB) (+555ms) (2499/4055)
11:40:55   ▶ /_astro/shutterstock_647794081-1.eE60eqpH_1xzlVK.jpg (before: 61kB, after: 19kB) (+555ms) (2500/4055)
11:40:55   ▶ /_astro/shutterstock_1093014014-1.CzaEaEqQ_ZghXye.jpg (before: 49kB, after: 46kB) (+555ms) (2501/4055)
11:40:55   ▶ /_astro/shutterstock_142808959-1.zVV_eZNG_Z27Pfwq.avif (before: 39kB, after: 6kB) (+982ms) (2502/4055)
11:40:55   ▶ /_astro/shutterstock_1401918893-1.CFhnGbx-_ZdyIKN.jpg (before: 74kB, after: 24kB) (+558ms) (2503/4055)
11:40:55   ▶ /_astro/shutterstock_1687009768-1.DHO_bc2K_ZgLc87.jpg (before: 36kB, after: 17kB) (+553ms) (2504/4055)
11:40:55   ▶ /_astro/shutterstock_1054704908-1.s-rBAGns_Zj58MD.avif (before: 54kB, after: 10kB) (+985ms) (2505/4055)
11:40:55   ▶ /_astro/maria-lysenko-KbIZwj8d3Bo-unsplash-1-scaled-1.DJO7_4vN_1Y7afK.jpg (before: 760kB, after: 152kB) (+366ms) (2506/4055)
11:40:55   ▶ /_astro/shutterstock_1823263868-1.C1txzfAj_ZVXwzy.jpg (before: 39kB, after: 16kB) (+640ms) (2507/4055)
11:40:57   ▶ /_astro/shutterstock_1093014014-1.CzaEaEqQ_1TCUtI.jpg (before: 49kB, after: 17kB) (+1.62s) (2508/4055)
11:40:57   ▶ /_astro/shutterstock_647794081-1.eE60eqpH_Z1xbUKi.jpg (before: 61kB, after: 36kB) (+1.62s) (2509/4055)
11:40:57   ▶ /_astro/shutterstock_358283384-1.B8D6BDNx_Z2dCvgv.avif (before: 47kB, after: 3kB) (+2.18s) (2510/4055)
11:40:57   ▶ /_astro/h-shaw-5LcgjahE0vo-unsplash-1-scaled-1.D8DqMUQu_Z1m46DI.jpg (before: 253kB, after: 85kB) (+1.73s) (2511/4055)
11:40:57   ▶ /_astro/shutterstock_1687009768-1.DHO_bc2K_Zegndl.jpg (before: 36kB, after: 25kB) (+1.72s) (2512/4055)
11:40:57   ▶ /_astro/shutterstock_371279323-1.D8DOBlY0_ZqJTCH.avif (before: 63kB, after: 22kB) (+2.76s) (2513/4055)
11:40:58   ▶ /_astro/shutterstock_142808959-1.zVV_eZNG_Z1SKOhM.avif (before: 39kB, after: 8kB) (+2.71s) (2514/4055)
11:40:58   ▶ /_astro/shutterstock_1054704908-1.s-rBAGns_ZgzjRR.avif (before: 54kB, after: 14kB) (+2.92s) (2515/4055)
11:40:58   ▶ /_astro/shutterstock_1093014014-1.CzaEaEqQ_yPirP.jpg (before: 49kB, after: 31kB) (+1.78s) (2516/4055)
11:40:58   ▶ /_astro/shutterstock_647794081-1.eE60eqpH_Z1j7uvE.jpg (before: 61kB, after: 53kB) (+1.79s) (2517/4055)
11:40:58   ▶ /_astro/shutterstock_358283384-1.B8D6BDNx_ZFydG3.avif (before: 47kB, after: 4kB) (+1.83s) (2518/4055)
11:40:58   ▶ /_astro/shutterstock_554660845-1.Dy78ttkq_FCBsy.avif (before: 59kB, after: 25kB) (+3.46s) (2519/4055)
11:40:58   ▶ /_astro/h-shaw-5LcgjahE0vo-unsplash-1-scaled-1.D8DqMUQu_2m1l6s.jpg (before: 253kB, after: 130kB) (+1.75s) (2520/4055)
11:40:58   ▶ /_astro/shutterstock_1687009768-1.DHO_bc2K_Zx5yFB.avif (before: 36kB, after: 5kB) (+1.75s) (2521/4055)
11:40:58   ▶ /_astro/shutterstock_1538855762-1.CgTG81hS_Z1zjX8w.avif (before: 41kB, after: 9kB) (+3.14s) (2522/4055)
11:40:58   ▶ /_astro/shutterstock_616331219-1.HXDecGlT_Z1ezMuQ.avif (before: 49kB, after: 10kB) (+3.59s) (2523/4055)
11:40:58   ▶ /_astro/shutterstock_142808959-1.zVV_eZNG_1S1DpP.jpg (before: 39kB, after: 35kB) (+901ms) (2524/4055)
11:40:59   ▶ /_astro/shutterstock_1054704908-1.s-rBAGns_1MBqJi.jpg (before: 54kB, after: 48kB) (+1.32s) (2525/4055)
11:40:59   ▶ /_astro/shutterstock_1093014014-1.CzaEaEqQ_Bl7mB.jpg (before: 49kB, after: 47kB) (+846ms) (2526/4055)
11:40:59   ▶ /_astro/shutterstock_773757976-1._g8vYskO_2fAnJM.avif (before: 42kB, after: 12kB) (+4.31s) (2527/4055)
11:40:59   ▶ /_astro/shutterstock_358283384-1.B8D6BDNx_Z1igOHr.jpg (before: 47kB, after: 23kB) (+860ms) (2528/4055)
11:40:59   ▶ /_astro/shutterstock_371279323-1.D8DOBlY0_Z19M79a.avif (before: 63kB, after: 9kB) (+2.64s) (2529/4055)
11:40:59   ▶ /_astro/shutterstock_1687009768-1.DHO_bc2K_Z2mSoEa.avif (before: 36kB, after: 1kB) (+891ms) (2530/4055)
11:40:59   ▶ /_astro/shutterstock_647794081-1.eE60eqpH_Xjouf.avif (before: 61kB, after: 11kB) (+963ms) (2531/4055)
11:41:00   ▶ /_astro/shutterstock_1538855762-1.CgTG81hS_AAUTq.avif (before: 41kB, after: 4kB) (+1.29s) (2532/4055)
11:41:00   ▶ /_astro/shutterstock_142808959-1.zVV_eZNG_1nJFOm.jpg (before: 39kB, after: 13kB) (+1.60s) (2533/4055)
11:41:00   ▶ /_astro/shutterstock_1054704908-1.s-rBAGns_Z16DN1G.jpg (before: 54kB, after: 17kB) (+1.19s) (2534/4055)
11:41:00   ▶ /_astro/shutterstock_554660845-1.Dy78ttkq_blDR5.avif (before: 59kB, after: 8kB) (+1.98s) (2535/4055)
11:41:00   ▶ /_astro/shutterstock_616331219-1.HXDecGlT_Z1IQK6k.avif (before: 49kB, after: 3kB) (+1.87s) (2536/4055)
11:41:00   ▶ /_astro/shutterstock_358283384-1.B8D6BDNx_Z15KhQw.jpg (before: 47kB, after: 6kB) (+1.15s) (2537/4055)
11:41:00   ▶ /_astro/shutterstock_1093014014-1.CzaEaEqQ_fXfuc.avif (before: 49kB, after: 8kB) (+1.28s) (2538/4055)
11:41:00   ▶ /_astro/shutterstock_773757976-1._g8vYskO_1Kjq9j.avif (before: 42kB, after: 4kB) (+1.21s) (2539/4055)
11:41:00   ▶ /_astro/shutterstock_371279323-1.D8DOBlY0_OCIWI.avif (before: 63kB, after: 14kB) (+1.17s) (2540/4055)
11:41:01   ▶ /_astro/shutterstock_1687009768-1.DHO_bc2K_ZQfHLe.avif (before: 36kB, after: 2kB) (+1.55s) (2541/4055)
11:41:01   ▶ /_astro/shutterstock_142808959-1.zVV_eZNG_Z1H1ARG.jpg (before: 39kB, after: 23kB) (+1.00s) (2542/4055)
11:41:01   ▶ /_astro/shutterstock_1054704908-1.s-rBAGns_Z2rrq3z.jpg (before: 54kB, after: 31kB) (+954ms) (2543/4055)
11:41:01   ▶ /_astro/shutterstock_647794081-1.eE60eqpH_BLkQx.avif (before: 61kB, after: 4kB) (+2.02s) (2544/4055)
11:41:02   ▶ /_astro/shutterstock_1538855762-1.CgTG81hS_ZJbG7s.avif (before: 41kB, after: 6kB) (+1.87s) (2545/4055)
11:41:02   ▶ /_astro/shutterstock_358283384-1.B8D6BDNx_Z1MNQBL.jpg (before: 47kB, after: 11kB) (+1.17s) (2546/4055)
11:41:02   ▶ /_astro/shutterstock_1093014014-1.CzaEaEqQ_Z1wgT4d.avif (before: 49kB, after: 3kB) (+1.18s) (2547/4055)
11:41:02   ▶ /_astro/shutterstock_616331219-1.HXDecGlT_fy60y.avif (before: 49kB, after: 5kB) (+1.24s) (2548/4055)
11:41:02   ▶ /_astro/shutterstock_554660845-1.Dy78ttkq_2aLuXX.avif (before: 59kB, after: 13kB) (+1.28s) (2549/4055)
11:41:02   ▶ /_astro/h-shaw-5LcgjahE0vo-unsplash-1-scaled-1.D8DqMUQu_ZRnoyQ.avif (before: 253kB, after: 28kB) (+3.44s) (2550/4055)
11:41:02   ▶ /_astro/shutterstock_142808959-1.zVV_eZNG_Z1sWaD3.jpg (before: 39kB, after: 34kB) (+1.12s) (2551/4055)
11:41:03   ▶ /_astro/shutterstock_1054704908-1.s-rBAGns_Z2oVB8N.jpg (before: 54kB, after: 48kB) (+1.63s) (2552/4055)
11:41:03   ▶ /_astro/shutterstock_773757976-1._g8vYskO_Z1krQxJ.avif (before: 42kB, after: 7kB) (+2.49s) (2553/4055)
11:41:03   ▶ /_astro/shutterstock_1687009768-1.DHO_bc2K_ZPprOw.avif (before: 36kB, after: 4kB) (+2.10s) (2554/4055)
11:41:03   ▶ /_astro/shutterstock_358283384-1.B8D6BDNx_ZfJz2j.jpg (before: 47kB, after: 17kB) (+1.39s) (2555/4055)
11:41:03   ▶ /_astro/shutterstock_1093014014-1.CzaEaEqQ_ZDdbh.avif (before: 49kB, after: 5kB) (+1.60s) (2556/4055)
11:41:03   ▶ /_astro/shutterstock_647794081-1.eE60eqpH_Z5hdSH.avif (before: 61kB, after: 7kB) (+1.92s) (2557/4055)
11:41:03   ▶ /_astro/shutterstock_371279323-1.D8DOBlY0_13Hacm.avif (before: 63kB, after: 19kB) (+2.78s) (2558/4055)
11:41:03   ▶ /_astro/shutterstock_1538855762-1.CgTG81hS_ZGFRcG.avif (before: 41kB, after: 8kB) (+1.68s) (2559/4055)
11:41:04   ▶ /_astro/h-shaw-5LcgjahE0vo-unsplash-1-scaled-1.D8DqMUQu_1ApfPl.avif (before: 253kB, after: 3kB) (+1.97s) (2560/4055)
11:41:04   ▶ /_astro/shutterstock_142808959-1.zVV_eZNG_13KDxY.avif (before: 39kB, after: 6kB) (+1.81s) (2561/4055)
11:41:04   ▶ /_astro/shutterstock_616331219-1.HXDecGlT_tCwfc.avif (before: 49kB, after: 8kB) (+2.43s) (2562/4055)
11:41:04   ▶ /_astro/shutterstock_1687009768-1.DHO_bc2K_ZFOs8q.jpg (before: 36kB, after: 17kB) (+1.30s) (2563/4055)
11:41:05   ▶ /_astro/shutterstock_1054704908-1.s-rBAGns_Z1QrKIG.avif (before: 54kB, after: 10kB) (+1.65s) (2564/4055)
11:41:05   ▶ /_astro/shutterstock_1093014014-1.CzaEaEqQ_c2Kq.avif (before: 49kB, after: 6kB) (+1.36s) (2565/4055)
11:41:05   ▶ /_astro/shutterstock_371279323-1.D8DOBlY0_ZVfXX.jpg (before: 63kB, after: 65kB) (+1.36s) (2566/4055)
11:41:05   ▶ /_astro/shutterstock_1538855762-1.CgTG81hS_1muSpt.jpg (before: 41kB, after: 36kB) (+1.36s) (2567/4055)
11:41:05   ▶ /_astro/shutterstock_647794081-1.eE60eqpH_1rM3FK.avif (before: 61kB, after: 9kB) (+1.46s) (2568/4055)
11:41:05   ▶ /_astro/h-shaw-5LcgjahE0vo-unsplash-1-scaled-1.D8DqMUQu_ZSyhIR.avif (before: 253kB, after: 5kB) (+1.01s) (2569/4055)
11:41:05   ▶ /_astro/shutterstock_554660845-1.Dy78ttkq_2oPVdB.avif (before: 59kB, after: 19kB) (+3.31s) (2570/4055)
11:41:05   ▶ /_astro/shutterstock_616331219-1.HXDecGlT_ZNL8Q7.jpg (before: 49kB, after: 45kB) (+880ms) (2571/4055)
11:41:05   ▶ /_astro/shutterstock_1687009768-1.DHO_bc2K_yVrSP.jpg (before: 36kB, after: 4kB) (+733ms) (2572/4055)
11:41:05   ▶ /_astro/shutterstock_142808959-1.zVV_eZNG_rVEJ9.avif (before: 39kB, after: 2kB) (+931ms) (2573/4055)
11:41:05   ▶ /_astro/shutterstock_1093014014-1.CzaEaEqQ_7em2n.jpg (before: 49kB, after: 28kB) (+403ms) (2574/4055)
11:41:05   ▶ /_astro/shutterstock_371279323-1.D8DOBlY0_ZIXsuq.jpg (before: 63kB, after: 21kB) (+401ms) (2575/4055)
11:41:05   ▶ /_astro/shutterstock_1538855762-1.CgTG81hS_Z1wKllv.jpg (before: 41kB, after: 13kB) (+400ms) (2576/4055)
11:41:05   ▶ /_astro/shutterstock_647794081-1.eE60eqpH_Z1a2RKG.jpg (before: 61kB, after: 35kB) (+382ms) (2577/4055)
11:41:05   ▶ /_astro/shutterstock_1054704908-1.s-rBAGns_wCvej.avif (before: 54kB, after: 4kB) (+534ms) (2578/4055)
11:41:05   ▶ /_astro/shutterstock_554660845-1.Dy78ttkq_16rg7i.jpg (before: 59kB, after: 58kB) (+326ms) (2579/4055)
11:41:05   ▶ /_astro/shutterstock_773757976-1._g8vYskO_Z16nqj6.avif (before: 42kB, after: 10kB) (+2.33s) (2580/4055)
11:41:05   ▶ /_astro/shutterstock_1687009768-1.DHO_bc2K_25z8LL.jpg (before: 36kB, after: 8kB) (+294ms) (2581/4055)
11:41:05   ▶ /_astro/shutterstock_616331219-1.HXDecGlT_Z1j36rA.jpg (before: 49kB, after: 12kB) (+371ms) (2582/4055)
11:41:05   ▶ /_astro/shutterstock_1093014014-1.CzaEaEqQ_1pxWtM.jpg (before: 49kB, after: 8kB) (+320ms) (2583/4055)
11:41:05   ▶ /_astro/shutterstock_371279323-1.D8DOBlY0_1frnBs.jpg (before: 63kB, after: 39kB) (+322ms) (2584/4055)
11:41:05   ▶ /_astro/shutterstock_675761230-1.DHCNz0qN_ukGeO.avif (before: 37kB, after: 10kB) (+2.37s) (2585/4055)
11:41:05   ▶ /_astro/shutterstock_1538855762-1.CgTG81hS_2cDaqx.jpg (before: 41kB, after: 24kB) (+426ms) (2586/4055)
11:41:05   ▶ /_astro/shutterstock_647794081-1.eE60eqpH_12zYvh.jpg (before: 61kB, after: 9kB) (+402ms) (2587/4055)
11:41:06   ▶ /_astro/shutterstock_554660845-1.Dy78ttkq_BaivO.jpg (before: 59kB, after: 19kB) (+305ms) (2588/4055)
11:41:06   ▶ /_astro/h-shaw-5LcgjahE0vo-unsplash-1-scaled-1.D8DqMUQu_K7XPh.avif (before: 253kB, after: 7kB) (+757ms) (2589/4055)
11:41:06   ▶ /_astro/shutterstock_773757976-1._g8vYskO_Z2oM6pp.jpg (before: 42kB, after: 39kB) (+308ms) (2590/4055)
11:41:06   ▶ /_astro/shutterstock_1687009768-1.DHO_bc2K_26poIt.jpg (before: 36kB, after: 12kB) (+357ms) (2591/4055)
11:41:06   ▶ /_astro/shutterstock_142808959-1.zVV_eZNG_Zf6T16.avif (before: 39kB, after: 3kB) (+637ms) (2592/4055)
11:41:06   ▶ /_astro/shutterstock_616331219-1.HXDecGlT_FmJEi.jpg (before: 49kB, after: 24kB) (+319ms) (2593/4055)
11:41:06   ▶ /_astro/shutterstock_1093014014-1.CzaEaEqQ_Z290urd.jpg (before: 49kB, after: 14kB) (+319ms) (2594/4055)
11:41:06   ▶ /_astro/shutterstock_371279323-1.D8DOBlY0_1tvNQ6.jpg (before: 63kB, after: 58kB) (+352ms) (2595/4055)
11:41:06   ▶ /_astro/shutterstock_1538855762-1.CgTG81hS_2f8Ylj.jpg (before: 41kB, after: 36kB) (+306ms) (2596/4055)
11:41:06   ▶ /_astro/shutterstock_647794081-1.eE60eqpH_kwpK2.jpg (before: 61kB, after: 17kB) (+545ms) (2597/4055)
11:41:06   ▶ /_astro/shutterstock_1054704908-1.s-rBAGns_23gc7f.avif (before: 54kB, after: 6kB) (+901ms) (2598/4055)
11:41:06   ▶ /_astro/shutterstock_554660845-1.Dy78ttkq_Z2tAYbe.jpg (before: 59kB, after: 37kB) (+833ms) (2599/4055)
11:41:07   ▶ /_astro/shutterstock_773757976-1._g8vYskO_2b84N3.jpg (before: 42kB, after: 13kB) (+1.25s) (2600/4055)
11:41:07   ▶ /_astro/shutterstock_616331219-1.HXDecGlT_TraSV.jpg (before: 49kB, after: 39kB) (+1.20s) (2601/4055)
11:41:07   ▶ /_astro/shutterstock_675761230-1.DHCNz0qN_3IDl.avif (before: 37kB, after: 4kB) (+1.52s) (2602/4055)
11:41:07   ▶ /_astro/shutterstock_1093014014-1.CzaEaEqQ_Z28aeuv.jpg (before: 49kB, after: 22kB) (+1.26s) (2603/4055)
11:41:07   ▶ /_astro/shutterstock_142808959-1.zVV_eZNG_1hWnym.avif (before: 39kB, after: 4kB) (+1.28s) (2604/4055)
11:41:07   ▶ /_astro/shutterstock_1538855762-1.CgTG81hS_7NIDH.avif (before: 41kB, after: 5kB) (+1.19s) (2605/4055)
11:41:07   ▶ /_astro/shutterstock_371279323-1.D8DOBlY0_1eTM8J.avif (before: 63kB, after: 13kB) (+1.79s) (2606/4055)
11:41:07   ▶ /_astro/shutterstock_647794081-1.eE60eqpH_1RAHku.jpg (before: 61kB, after: 26kB) (+1.43s) (2607/4055)
11:41:07   ▶ /_astro/h-shaw-5LcgjahE0vo-unsplash-1-scaled-1.D8DqMUQu_Z2y1xf.avif (before: 253kB, after: 12kB) (+1.92s) (2608/4055)
11:41:08   ▶ /_astro/shutterstock_554660845-1.Dy78ttkq_Z2fwxVA.jpg (before: 59kB, after: 58kB) (+1.13s) (2609/4055)
11:41:08   ▶ /_astro/shutterstock_773757976-1._g8vYskO_ZTDcT0.jpg (before: 42kB, after: 24kB) (+728ms) (2610/4055)
11:41:08   ▶ /_astro/shutterstock_1054704908-1.s-rBAGns_246s3W.avif (before: 54kB, after: 8kB) (+1.61s) (2611/4055)
11:41:08   ▶ /_astro/shutterstock_142808959-1.zVV_eZNG_Z14ACGW.jpg (before: 39kB, after: 23kB) (+897ms) (2612/4055)
11:41:08   ▶ /_astro/shutterstock_616331219-1.HXDecGlT_Z1jPyWx.avif (before: 49kB, after: 5kB) (+978ms) (2613/4055)
11:41:09   ▶ /_astro/shutterstock_48422968-1.DRjZl7uk_1wpOUv.avif (before: 34kB, after: 9kB) (+3.61s) (2614/4055)
11:41:09   ▶ /_astro/shutterstock_675761230-1.DHCNz0qN_1YtzKe.avif (before: 37kB, after: 6kB) (+2.45s) (2615/4055)
11:41:09   ▶ /_astro/shutterstock_1538855762-1.CgTG81hS_6vWTu.avif (before: 41kB, after: 2kB) (+2.40s) (2616/4055)
11:41:09   ▶ /_astro/shutterstock_371279323-1.D8DOBlY0_Z1ELtzD.avif (before: 63kB, after: 5kB) (+2.05s) (2617/4055)
11:41:10   ▶ /_astro/shutterstock_773757976-1._g8vYskO_ZFyLEm.jpg (before: 42kB, after: 37kB) (+2.06s) (2618/4055)
11:41:10   ▶ /_astro/shutterstock_554660845-1.Dy78ttkq_2iLwdS.avif (before: 59kB, after: 11kB) (+2.09s) (2619/4055)
11:41:10   ▶ /_astro/shutterstock_1054704908-1.s-rBAGns_Z20bEbv.jpg (before: 54kB, after: 31kB) (+2.13s) (2620/4055)
11:41:10   ▶ /_astro/shutterstock_142808959-1.zVV_eZNG_RKjnS.jpg (before: 39kB, after: 6kB) (+2.01s) (2621/4055)
11:41:10   ▶ /_astro/shutterstock_616331219-1.HXDecGlT_Z2eQ7wN.avif (before: 49kB, after: 1kB) (+2.01s) (2622/4055)
11:41:10   ▶ /_astro/shutterstock_345988874-1.CATBjg0b_Zbeujc.avif (before: 39kB, after: 12kB) (+3.52s) (2623/4055)
11:41:10   ▶ /_astro/h-shaw-5LcgjahE0vo-unsplash-1-scaled-1.D8DqMUQu_ZKyeDo.avif (before: 253kB, after: 17kB) (+2.97s) (2624/4055)
11:41:10   ▶ /_astro/shutterstock_48422968-1.DRjZl7uk_16S6E3.avif (before: 34kB, after: 4kB) (+1.22s) (2625/4055)
11:41:10   ▶ /_astro/shutterstock_1538855762-1.CgTG81hS_1C9DMq.avif (before: 41kB, after: 2kB) (+1.19s) (2626/4055)
11:41:10   ▶ /_astro/shutterstock_371279323-1.D8DOBlY0_Z2mP3kS.avif (before: 63kB, after: 7kB) (+1.01s) (2627/4055)
11:41:10   ▶ /_astro/shutterstock_773757976-1._g8vYskO_dE6ME.avif (before: 42kB, after: 8kB) (+890ms) (2628/4055)
11:41:11   ▶ /_astro/shutterstock_1054704908-1.s-rBAGns_Z1AIL1C.jpg (before: 54kB, after: 8kB) (+910ms) (2629/4055)
11:41:11   ▶ /_astro/shutterstock_1514580746-1.BQFTu26H_Z1pfyGz.avif (before: 49kB, after: 16kB) (+3.22s) (2630/4055)
11:41:11   ▶ /_astro/shutterstock_554660845-1.Dy78ttkq_ZjCHyo.avif (before: 59kB, after: 3kB) (+1.06s) (2631/4055)
11:41:11   ▶ /_astro/shutterstock_142808959-1.zVV_eZNG_aGJCD.jpg (before: 39kB, after: 11kB) (+1.09s) (2632/4055)
11:41:11   ▶ /_astro/shutterstock_675761230-1.DHCNz0qN_2dy0YR.avif (before: 37kB, after: 8kB) (+1.95s) (2633/4055)
11:41:11   ▶ /_astro/h-shaw-5LcgjahE0vo-unsplash-1-scaled-1.D8DqMUQu_16Hh0k.jpg (before: 253kB, after: 136kB) (+770ms) (2634/4055)
11:41:11   ▶ /_astro/shutterstock_616331219-1.HXDecGlT_28hrvS.avif (before: 49kB, after: 2kB) (+1.41s) (2635/4055)
11:41:11   ▶ /_astro/shutterstock_345988874-1.CATBjg0b_ZFvrTF.avif (before: 39kB, after: 5kB) (+840ms) (2636/4055)
11:41:11   ▶ /_astro/shutterstock_1538855762-1.CgTG81hS_1CYTJ8.avif (before: 41kB, after: 3kB) (+755ms) (2637/4055)
11:41:11   ▶ /_astro/shutterstock_1054704908-1.s-rBAGns_Z5658G.jpg (before: 54kB, after: 15kB) (+630ms) (2638/4055)
11:41:11   ▶ /_astro/shutterstock_773757976-1._g8vYskO_1fk3HP.avif (before: 42kB, after: 3kB) (+793ms) (2639/4055)
11:41:11   ▶ /_astro/shutterstock_371279323-1.D8DOBlY0_ZOKKKq.avif (before: 63kB, after: 10kB) (+796ms) (2640/4055)
11:41:12   ▶ /_astro/shutterstock_48422968-1.DRjZl7uk_fJMFP.avif (before: 34kB, after: 6kB) (+1.08s) (2641/4055)
11:41:12   ▶ /_astro/shutterstock_142808959-1.zVV_eZNG_1HL2d6.jpg (before: 39kB, after: 17kB) (+840ms) (2642/4055)
11:41:12   ▶ /_astro/shutterstock_675761230-1.DHCNz0qN_U9kSy.jpg (before: 37kB, after: 32kB) (+565ms) (2643/4055)
11:41:12   ▶ /_astro/h-shaw-5LcgjahE0vo-unsplash-1-scaled-1.D8DqMUQu_1fBW1.jpg (before: 253kB, after: 9kB) (+560ms) (2644/4055)
11:41:12   ▶ /_astro/shutterstock_1514580746-1.BQFTu26H_KFkln.avif (before: 49kB, after: 7kB) (+1.12s) (2645/4055)
11:41:12   ▶ /_astro/shutterstock_1538855762-1.CgTG81hS_ZU9N7.jpg (before: 41kB, after: 20kB) (+533ms) (2646/4055)
11:41:12   ▶ /_astro/shutterstock_1054704908-1.s-rBAGns_Z4fObY.jpg (before: 54kB, after: 23kB) (+492ms) (2647/4055)
11:41:12   ▶ /_astro/shutterstock_616331219-1.HXDecGlT_Z1oPoHA.avif (before: 49kB, after: 4kB) (+559ms) (2648/4055)
11:41:12   ▶ /_astro/shutterstock_371279323-1.D8DOBlY0_ZSru7c.jpg (before: 63kB, after: 37kB) (+494ms) (2649/4055)
11:41:12   ▶ /_astro/shutterstock_554660845-1.Dy78ttkq_Z11GhjD.avif (before: 59kB, after: 5kB) (+1.22s) (2650/4055)
11:41:12   ▶ /_astro/shutterstock_675761230-1.DHCNz0qN_pRni5.jpg (before: 37kB, after: 12kB) (+393ms) (2651/4055)
11:41:13   ▶ /_astro/h-shaw-5LcgjahE0vo-unsplash-1-scaled-1.D8DqMUQu_Z2sHUCc.jpg (before: 253kB, after: 16kB) (+1.09s) (2652/4055)
11:41:13   ▶ /_astro/shutterstock_345988874-1.CATBjg0b_1iTocd.avif (before: 39kB, after: 8kB) (+1.62s) (2653/4055)
11:41:13   ▶ /_astro/shutterstock_773757976-1._g8vYskO_xgtWA.avif (before: 42kB, after: 4kB) (+1.58s) (2654/4055)
11:41:13   ▶ /_astro/shutterstock_1538855762-1.CgTG81hS_Z21Pjlr.jpg (before: 41kB, after: 6kB) (+1.09s) (2655/4055)
11:41:13   ▶ /_astro/shutterstock_616331219-1.HXDecGlT_1BYhAs.jpg (before: 49kB, after: 26kB) (+1.09s) (2656/4055)
11:41:13   ▶ /_astro/shutterstock_371279323-1.D8DOBlY0_Z1eWOUT.jpg (before: 63kB, after: 10kB) (+1.09s) (2657/4055)
11:41:13   ▶ /_astro/shutterstock_554660845-1.Dy78ttkq_vn0fO.avif (before: 59kB, after: 8kB) (+1.10s) (2658/4055)
11:41:14   ▶ /_astro/shutterstock_1514580746-1.BQFTu26H_Zz7hFv.avif (before: 49kB, after: 11kB) (+2.12s) (2659/4055)
11:41:14   ▶ /_astro/shutterstock_675761230-1.DHCNz0qN_2pieoX.jpg (before: 37kB, after: 22kB) (+1.90s) (2660/4055)
11:41:14   ▶ /_astro/h-shaw-5LcgjahE0vo-unsplash-1-scaled-1.D8DqMUQu_ZO1E33.jpg (before: 253kB, after: 24kB) (+1.30s) (2661/4055)
11:41:14   ▶ /_astro/shutterstock_48422968-1.DRjZl7uk_Z1sRHnd.avif (before: 34kB, after: 8kB) (+2.63s) (2662/4055)
11:41:14   ▶ /_astro/shutterstock_773757976-1._g8vYskO_25kLx3.avif (before: 42kB, after: 6kB) (+1.30s) (2663/4055)
11:41:14   ▶ /_astro/shutterstock_1538855762-1.CgTG81hS_ZvcCsv.jpg (before: 41kB, after: 10kB) (+1.30s) (2664/4055)
11:41:14   ▶ /_astro/shutterstock_616331219-1.HXDecGlT_Z1O2sS4.jpg (before: 49kB, after: 5kB) (+1.30s) (2665/4055)
11:41:14   ▶ /_astro/shutterstock_371279323-1.D8DOBlY0_Z1W1oG9.jpg (before: 63kB, after: 18kB) (+1.30s) (2666/4055)
11:41:14   ▶ /_astro/shutterstock_554660845-1.Dy78ttkq_apeWW.jpg (before: 59kB, after: 32kB) (+1.26s) (2667/4055)
11:41:14   ▶ /_astro/shutterstock_345988874-1.CATBjg0b_1wXOqQ.avif (before: 39kB, after: 10kB) (+1.48s) (2668/4055)
11:41:14   ▶ /_astro/shutterstock_1527451409-1.CGzpnWsk_15qCYe.avif (before: 53kB, after: 14kB) (+2.74s) (2669/4055)
11:41:15   ▶ /_astro/shutterstock_675761230-1.DHCNz0qN_Z2qOtak.jpg (before: 37kB, after: 33kB) (+503ms) (2670/4055)
11:41:15   ▶ /_astro/shutterstock_48422968-1.DRjZl7uk_ZzOsej.jpg (before: 34kB, after: 32kB) (+404ms) (2671/4055)
11:41:15   ▶ /_astro/shutterstock_773757976-1._g8vYskO_Z1THash.jpg (before: 42kB, after: 27kB) (+405ms) (2672/4055)
11:41:15   ▶ /_astro/h-shaw-5LcgjahE0vo-unsplash-1-scaled-1.D8DqMUQu_1VwE1V.jpg (before: 253kB, after: 44kB) (+406ms) (2673/4055)
11:41:15   ▶ /_astro/shutterstock_1538855762-1.CgTG81hS_ZummvN.jpg (before: 41kB, after: 15kB) (+404ms) (2674/4055)
11:41:15   ▶ /_astro/shutterstock_616331219-1.HXDecGlT_Z2w62Dj.jpg (before: 49kB, after: 11kB) (+407ms) (2675/4055)
11:41:15   ▶ /_astro/shutterstock_371279323-1.D8DOBlY0_ZoW76G.jpg (before: 63kB, after: 27kB) (+848ms) (2676/4055)
11:41:15   ▶ /_astro/shutterstock_554660845-1.Dy78ttkq_6aV5l.jpg (before: 59kB, after: 7kB) (+790ms) (2677/4055)
11:41:15   ▶ /_astro/shutterstock_345988874-1.CATBjg0b_ez9kx.jpg (before: 39kB, after: 37kB) (+751ms) (2678/4055)
11:41:15   ▶ /_astro/shutterstock_675761230-1.DHCNz0qN_1DR63W.avif (before: 37kB, after: 5kB) (+642ms) (2679/4055)
11:41:15   ▶ /_astro/shutterstock_1527451409-1.CGzpnWsk_Z1NOALK.avif (before: 53kB, after: 6kB) (+747ms) (2680/4055)
11:41:15   ▶ /_astro/shutterstock_48422968-1.DRjZl7uk_Z10mbuL.jpg (before: 34kB, after: 11kB) (+644ms) (2681/4055)
11:41:15   ▶ /_astro/107504097_603403186973724_2262707603960157141_o.CjIsXvzp_yBYTM.avif (before: 68kB, after: 20kB) (+3.43s) (2682/4055)
11:41:15   ▶ /_astro/shutterstock_773757976-1._g8vYskO_1F8Hmz.jpg (before: 42kB, after: 7kB) (+706ms) (2683/4055)
11:41:16   ▶ /_astro/shutterstock_616331219-1.HXDecGlT_ZY1K3Q.jpg (before: 49kB, after: 18kB) (+986ms) (2684/4055)
11:41:16   ▶ /_astro/shutterstock_554660845-1.Dy78ttkq_ZARCET.jpg (before: 59kB, after: 15kB) (+925ms) (2685/4055)
11:41:16   ▶ /_astro/h-shaw-5LcgjahE0vo-unsplash-1-scaled-1.D8DqMUQu_1dwqUM.jpg (before: 253kB, after: 68kB) (+1.51s) (2686/4055)
11:41:16   ▶ /_astro/shutterstock_345988874-1.CATBjg0b_ZfGNfV.jpg (before: 39kB, after: 14kB) (+985ms) (2687/4055)
11:41:16   ▶ /_astro/shutterstock_675761230-1.DHCNz0qN_ZuUCM8.avif (before: 37kB, after: 2kB) (+905ms) (2688/4055)
11:41:16   ▶ /_astro/shutterstock_1527451409-1.CGzpnWsk_1UyU0i.avif (before: 53kB, after: 9kB) (+904ms) (2689/4055)
11:41:16   ▶ /_astro/shutterstock_48422968-1.DRjZl7uk_Z1QuusY.jpg (before: 34kB, after: 22kB) (+903ms) (2690/4055)
11:41:16   ▶ /_astro/tonsil-stones-causes-symptoms.BI4qHAt7_1Y6XmP.avif (before: 48kB, after: 15kB) (+1.55s) (2691/4055)
11:41:16   ▶ /_astro/shutterstock_1514580746-1.BQFTu26H_ZwBsKJ.avif (before: 49kB, after: 14kB) (+2.23s) (2692/4055)
11:41:16   ▶ /_astro/can-teeth-whitening-damage-gums.B5Ny0oOc_Z2nYJyQ.avif (before: 31kB, after: 6kB) (+1.49s) (2693/4055)
11:41:17   ▶ /_astro/shutterstock_773757976-1._g8vYskO_X58Bk.jpg (before: 42kB, after: 13kB) (+1.75s) (2694/4055)
11:41:17   ▶ /_astro/shutterstock_554660845-1.Dy78ttkq_VbDTy.jpg (before: 59kB, after: 23kB) (+1.06s) (2695/4055)
11:41:17   ▶ /_astro/shutterstock_345988874-1.CATBjg0b_1II2PW.jpg (before: 39kB, after: 26kB) (+946ms) (2696/4055)
11:41:17   ▶ /_astro/107504097_603403186973724_2262707603960157141_o.CjIsXvzp_gUicX.avif (before: 68kB, after: 8kB) (+1.81s) (2697/4055)
11:41:17   ▶ /_astro/shutterstock_48422968-1.DRjZl7uk_1u48gT.jpg (before: 34kB, after: 33kB) (+913ms) (2698/4055)
11:41:17   ▶ /_astro/shutterstock_675761230-1.DHCNz0qN_Z1cYcxn.avif (before: 37kB, after: 3kB) (+915ms) (2699/4055)
11:41:17   ▶ /_astro/tonsil-stones-causes-symptoms.BI4qHAt7_ZHgT2x.avif (before: 48kB, after: 9kB) (+914ms) (2700/4055)
11:41:17   ▶ /_astro/shutterstock_1676006977-1-768x512-1.BtyAS2MQ_Zlbbc0.avif (before: 18kB, after: 3kB) (+1.53s) (2701/4055)
11:41:17   ▶ /_astro/shutterstock_1514580746-1.BQFTu26H_1wzhQq.jpg (before: 49kB, after: 45kB) (+1.22s) (2702/4055)
11:41:18   ▶ /_astro/shutterstock_773757976-1._g8vYskO_2v9qbM.jpg (before: 42kB, after: 20kB) (+990ms) (2703/4055)
11:41:18   ▶ /_astro/shutterstock_345988874-1.CATBjg0b_1WMt5A.jpg (before: 39kB, after: 39kB) (+1.03s) (2704/4055)
11:41:18   ▶ /_astro/can-teeth-whitening-damage-gums.B5Ny0oOc_qOIbw.avif (before: 31kB, after: 3kB) (+1.55s) (2705/4055)
11:41:18   ▶ /_astro/shutterstock_48422968-1.DRjZl7uk_ZsqOnQ.avif (before: 34kB, after: 5kB) (+1.03s) (2706/4055)
11:41:18   ▶ /_astro/burning-mouth-syndrome-symptoms-.ZtL34cRG_Z6QDhF.avif (before: 35kB, after: 7kB) (+1.98s) (2707/4055)
11:41:18   ▶ /_astro/107504097_603403186973724_2262707603960157141_o.CjIsXvzp_Z1r5kiO.avif (before: 68kB, after: 13kB) (+1.03s) (2708/4055)
11:41:18   ▶ /_astro/shutterstock_1527451409-1.CGzpnWsk_1X4IU4.avif (before: 53kB, after: 12kB) (+1.95s) (2709/4055)
11:41:18   ▶ /_astro/shutterstock_675761230-1.DHCNz0qN_k5525.avif (before: 37kB, after: 4kB) (+1.03s) (2710/4055)
11:41:19   ▶ /_astro/shutterstock_1514580746-1.BQFTu26H_Z1mFVTy.jpg (before: 49kB, after: 17kB) (+1.19s) (2711/4055)
11:41:19   ▶ /_astro/shutterstock_1676006977-1-768x512-1.BtyAS2MQ_1OG1Wp.avif (before: 18kB, after: 2kB) (+2.13s) (2712/4055)
11:41:19   ▶ /_astro/tonsil-stones-causes-symptoms.BI4qHAt7_Z1tp8lT.avif (before: 48kB, after: 13kB) (+2.19s) (2713/4055)
11:41:19   ▶ /_astro/shutterstock_345988874-1.CATBjg0b_QLN3b.avif (before: 39kB, after: 9kB) (+1.16s) (2714/4055)
11:41:19   ▶ /_astro/can-teeth-whitening-damage-gums.B5Ny0oOc_1BfeHP.avif (before: 31kB, after: 5kB) (+1.16s) (2715/4055)
11:41:19   ▶ /_astro/shutterstock_48422968-1.DRjZl7uk_ZnaoaI.avif (before: 34kB, after: 2kB) (+1.16s) (2716/4055)
11:41:19   ▶ /_astro/burning-mouth-syndrome-symptoms-.ZtL34cRG_248rl6.avif (before: 35kB, after: 4kB) (+1.16s) (2717/4055)
11:41:19   ▶ /_astro/shutterstock_1527451409-1.CGzpnWsk_Z12UDgH.jpg (before: 53kB, after: 47kB) (+1.16s) (2718/4055)
11:41:19   ▶ /_astro/shutterstock_675761230-1.DHCNz0qN_ZtubbY.jpg (before: 37kB, after: 19kB) (+1.16s) (2719/4055)
11:41:19   ▶ /_astro/shutterstock_1514580746-1.BQFTu26H_2mHyRu.jpg (before: 49kB, after: 31kB) (+741ms) (2720/4055)
11:41:20   ▶ /_astro/why-you-bite-your-cheek-.BoZUxtMV_1F8yKn.avif (before: 36kB, after: 9kB) (+2.89s) (2721/4055)
11:41:20   ▶ /_astro/tonsil-stones-causes-symptoms.BI4qHAt7_1EeXcm.jpg (before: 48kB, after: 44kB) (+702ms) (2722/4055)
11:41:20   ▶ /_astro/shutterstock_1676006977-1-768x512-1.BtyAS2MQ_1ISuiA.avif (before: 18kB, after: 3kB) (+703ms) (2723/4055)
11:41:20   ▶ /_astro/shutterstock_345988874-1.CATBjg0b_Z1buOl9.avif (before: 39kB, after: 3kB) (+702ms) (2724/4055)
11:41:20   ▶ /_astro/can-teeth-whitening-damage-gums.B5Ny0oOc_Z7EtPM.jpg (before: 31kB, after: 30kB) (+702ms) (2725/4055)
11:41:20   ▶ /_astro/straighten-your-teeth-with-clear-aligners.sU8wwlYU_Z2jQ7Fr.avif (before: 24kB, after: 5kB) (+1.91s) (2726/4055)
11:41:20   ▶ /_astro/shutterstock_1527451409-1.CGzpnWsk_180fLf.jpg (before: 53kB, after: 16kB) (+701ms) (2727/4055)
11:41:20   ▶ /_astro/shutterstock_48422968-1.DRjZl7uk_27vQv3.avif (before: 34kB, after: 3kB) (+702ms) (2728/4055)
11:41:20   ▶ /_astro/shutterstock_675761230-1.DHCNz0qN_Z56Y8o.jpg (before: 37kB, after: 5kB) (+761ms) (2729/4055)
11:41:20   ▶ /_astro/shutterstock_1514580746-1.BQFTu26H_2pdnMg.jpg (before: 49kB, after: 47kB) (+1.08s) (2730/4055)
11:41:20   ▶ /_astro/tonsil-stones-causes-symptoms.BI4qHAt7_Z128Td1.jpg (before: 48kB, after: 20kB) (+429ms) (2731/4055)
11:41:20   ▶ /_astro/shutterstock_1676006977-1-768x512-1.BtyAS2MQ_Z29bP0h.jpg (before: 18kB, after: 17kB) (+429ms) (2732/4055)
11:41:20   ▶ /_astro/burning-mouth-syndrome-symptoms-.ZtL34cRG_Ja5k6.avif (before: 35kB, after: 6kB) (+1.13s) (2733/4055)
11:41:20   ▶ /_astro/can-teeth-whitening-damage-gums.B5Ny0oOc_Z2n29Tl.jpg (before: 31kB, after: 13kB) (+429ms) (2734/4055)
11:41:20   ▶ /_astro/why-you-bite-your-cheek-.BoZUxtMV_KPYP3.avif (before: 36kB, after: 5kB) (+431ms) (2735/4055)
11:41:20   ▶ /_astro/shutterstock_1527451409-1.CGzpnWsk_ZcMmfD.jpg (before: 53kB, after: 30kB) (+429ms) (2736/4055)
11:41:20   ▶ /_astro/shutterstock_345988874-1.CATBjg0b_Z1Syo6o.avif (before: 39kB, after: 5kB) (+431ms) (2737/4055)
11:41:20   ▶ /_astro/straighten-your-teeth-with-clear-aligners.sU8wwlYU_Z1Outg7.avif (before: 24kB, after: 3kB) (+488ms) (2738/4055)
11:41:21   ▶ /_astro/shutterstock_675761230-1.DHCNz0qN_ZMaxSD.jpg (before: 37kB, after: 10kB) (+1.17s) (2739/4055)
11:41:21   ▶ /_astro/tonsil-stones-causes-symptoms.BI4qHAt7_Z1Nh8wn.jpg (before: 48kB, after: 37kB) (+803ms) (2740/4055)
11:41:21   ▶ /_astro/shutterstock_1676006977-1-768x512-1.BtyAS2MQ_1Fn98.jpg (before: 18kB, after: 8kB) (+804ms) (2741/4055)
11:41:21   ▶ /_astro/burning-mouth-syndrome-symptoms-.ZtL34cRG_Z10lFlI.jpg (before: 35kB, after: 29kB) (+804ms) (2742/4055)
11:41:21   ▶ /_astro/can-teeth-whitening-damage-gums.B5Ny0oOc_Z1cBDn2.jpg (before: 31kB, after: 24kB) (+804ms) (2743/4055)
11:41:21   ▶ /_astro/107504097_603403186973724_2262707603960157141_o.CjIsXvzp_Z20kwao.avif (before: 68kB, after: 18kB) (+3.09s) (2744/4055)
11:41:21   ▶ /_astro/shutterstock_48422968-1.DRjZl7uk_6rXVT.avif (before: 34kB, after: 4kB) (+1.23s) (2745/4055)
11:41:21   ▶ /_astro/shutterstock_1527451409-1.CGzpnWsk_ZahxkR.jpg (before: 53kB, after: 46kB) (+805ms) (2746/4055)
11:41:21   ▶ /_astro/shutterstock_1514580746-1.BQFTu26H_9Q0wf.avif (before: 49kB, after: 10kB) (+840ms) (2747/4055)
11:41:22   ▶ /_astro/why-you-bite-your-cheek-.BoZUxtMV_Z5hj8a.avif (before: 36kB, after: 7kB) (+1.26s) (2748/4055)
11:41:22   ▶ /_astro/straighten-your-teeth-with-clear-aligners.sU8wwlYU_Z2mJc42.avif (before: 24kB, after: 4kB) (+1.21s) (2749/4055)
11:41:22   ▶ /_astro/shutterstock_345988874-1.CATBjg0b_Zlu6vV.avif (before: 39kB, after: 7kB) (+1.26s) (2750/4055)
11:41:22   ▶ /_astro/shutterstock_675761230-1.DHCNz0qN_JSIFO.jpg (before: 37kB, after: 15kB) (+466ms) (2751/4055)
11:41:22   ▶ /_astro/shutterstock_1676006977-1-768x512-1.BtyAS2MQ_Z479uG.jpg (before: 18kB, after: 14kB) (+464ms) (2752/4055)
11:41:22   ▶ /_astro/burning-mouth-syndrome-symptoms-.ZtL34cRG_1aDph3.jpg (before: 35kB, after: 12kB) (+464ms) (2753/4055)
11:41:22   ▶ /_astro/107504097_603403186973724_2262707603960157141_o.CjIsXvzp_1yp4fQ.jpg (before: 68kB, after: 62kB) (+463ms) (2754/4055)
11:41:22   ▶ /_astro/shutterstock_48422968-1.DRjZl7uk_Z2CaJ7.jpg (before: 34kB, after: 18kB) (+463ms) (2755/4055)
11:41:22   ▶ /_astro/can-teeth-whitening-damage-gums.B5Ny0oOc_Z11e77K.avif (before: 31kB, after: 3kB) (+504ms) (2756/4055)
11:41:22   ▶ /_astro/why-you-bite-your-cheek-.BoZUxtMV_Zr6Ior.jpg (before: 36kB, after: 35kB) (+228ms) (2757/4055)
11:41:22   ▶ /_astro/tonsil-stones-causes-symptoms.BI4qHAt7_YNoDn.avif (before: 48kB, after: 9kB) (+691ms) (2758/4055)
11:41:22   ▶ /_astro/straighten-your-teeth-with-clear-aligners.sU8wwlYU_ZkKr6g.jpg (before: 24kB, after: 24kB) (+228ms) (2759/4055)
11:41:22   ▶ /_astro/shutterstock_345988874-1.CATBjg0b_Z1gztcK.jpg (before: 39kB, after: 30kB) (+229ms) (2760/4055)
11:41:22   ▶ /_astro/burning-mouth-syndrome-symptoms-.ZtL34cRG_Z9jVIW.jpg (before: 35kB, after: 24kB) (+229ms) (2761/4055)
11:41:22   ▶ /_astro/shutterstock_1514580746-1.BQFTu26H_gAmlr.avif (before: 49kB, after: 4kB) (+658ms) (2762/4055)
11:41:22   ▶ /_astro/shutterstock_1527451409-1.CGzpnWsk_1tjhu8.avif (before: 53kB, after: 9kB) (+691ms) (2763/4055)
11:41:22   ▶ /_astro/shutterstock_48422968-1.DRjZl7uk_Z2upGkx.jpg (before: 34kB, after: 5kB) (+286ms) (2764/4055)
11:41:22   ▶ /_astro/107504097_603403186973724_2262707603960157141_o.CjIsXvzp_1gHmy2.jpg (before: 68kB, after: 20kB) (+289ms) (2765/4055)
11:41:22   ▶ /_astro/why-you-bite-your-cheek-.BoZUxtMV_Z1loijL.jpg (before: 36kB, after: 15kB) (+651ms) (2766/4055)
11:41:22   ▶ /_astro/shutterstock_1676006977-1-768x512-1.BtyAS2MQ_tEYtH.avif (before: 18kB, after: 1kB) (+877ms) (2767/4055)
11:41:22   ▶ /_astro/straighten-your-teeth-with-clear-aligners.sU8wwlYU_9Acj4.jpg (before: 24kB, after: 10kB) (+651ms) (2768/4055)
11:41:22   ▶ /_astro/can-teeth-whitening-damage-gums.B5Ny0oOc_ZlEeLy.avif (before: 31kB, after: 2kB) (+837ms) (2769/4055)
11:41:22   ▶ /_astro/shutterstock_345988874-1.CATBjg0b_ZKGaGp.jpg (before: 39kB, after: 8kB) (+653ms) (2770/4055)
11:41:22   ▶ /_astro/tonsil-stones-causes-symptoms.BI4qHAt7_ZxWX5t.avif (before: 48kB, after: 4kB) (+656ms) (2771/4055)
11:41:22   ▶ /_astro/burning-mouth-syndrome-symptoms-.ZtL34cRG_Z1DuX7d.avif (before: 35kB, after: 6kB) (+652ms) (2772/4055)
11:41:22   ▶ /_astro/shutterstock_1514580746-1.BQFTu26H_1Me3en.avif (before: 49kB, after: 6kB) (+658ms) (2773/4055)
11:41:22   ▶ /_astro/shutterstock_48422968-1.DRjZl7uk_gyle.jpg (before: 34kB, after: 9kB) (+603ms) (2774/4055)
11:41:23   ▶ /_astro/shutterstock_1527451409-1.CGzpnWsk_Z2iTyLG.avif (before: 53kB, after: 4kB) (+978ms) (2775/4055)
11:41:23   ▶ /_astro/107504097_603403186973724_2262707603960157141_o.CjIsXvzp_ZrifWK.jpg (before: 68kB, after: 37kB) (+919ms) (2776/4055)
11:41:23   ▶ /_astro/why-you-bite-your-cheek-.BoZUxtMV_Z2cwBhY.jpg (before: 36kB, after: 29kB) (+335ms) (2777/4055)
11:41:23   ▶ /_astro/straighten-your-teeth-with-clear-aligners.sU8wwlYU_ZnDvtQ.jpg (before: 24kB, after: 19kB) (+334ms) (2778/4055)
11:41:23   ▶ /_astro/shutterstock_345988874-1.CATBjg0b_Z1sJJrE.jpg (before: 39kB, after: 15kB) (+331ms) (2779/4055)
11:41:23   ▶ /_astro/shutterstock_1676006977-1-768x512-1.BtyAS2MQ_Z19yOcI.avif (before: 18kB, after: 1kB) (+336ms) (2780/4055)
11:41:23   ▶ /_astro/dont-replace-a-missing-tooth.DJcneQeF_1Fctcq.avif (before: 27kB, after: 7kB) (+1.21s) (2781/4055)
11:41:23   ▶ /_astro/can-teeth-whitening-damage-gums.B5Ny0oOc_j8R68.avif (before: 31kB, after: 2kB) (+370ms) (2782/4055)
11:41:23   ▶ /_astro/shutterstock_48422968-1.DRjZl7uk_Z20MjcU.jpg (before: 34kB, after: 13kB) (+360ms) (2783/4055)
11:41:23   ▶ /_astro/burning-mouth-syndrome-symptoms-.ZtL34cRG_Z2ehVoH.avif (before: 35kB, after: 2kB) (+842ms) (2784/4055)
11:41:23   ▶ /_astro/107504097_603403186973724_2262707603960157141_o.CjIsXvzp_Z10xrOk.jpg (before: 68kB, after: 56kB) (+517ms) (2785/4055)
11:41:23   ▶ /_astro/tonsil-stones-causes-symptoms.BI4qHAt7_ZR2iuu.avif (before: 48kB, after: 7kB) (+846ms) (2786/4055)
11:41:23   ▶ /_astro/why-you-bite-your-cheek-.BoZUxtMV_Z1gWull.avif (before: 36kB, after: 5kB) (+518ms) (2787/4055)
11:41:23   ▶ /_astro/shutterstock_1527451409-1.CGzpnWsk_ZMgRSK.avif (before: 53kB, after: 6kB) (+521ms) (2788/4055)
11:41:23   ▶ /_astro/shutterstock_345988874-1.CATBjg0b_4jx7N.jpg (before: 39kB, after: 23kB) (+519ms) (2789/4055)
11:41:23   ▶ /_astro/shutterstock_1514580746-1.BQFTu26H_1N4jb5.avif (before: 49kB, after: 8kB) (+843ms) (2790/4055)
11:41:23   ▶ /_astro/can-teeth-whitening-damage-gums.B5Ny0oOc_1f68Aj.jpg (before: 31kB, after: 14kB) (+646ms) (2791/4055)
11:41:24   ▶ /_astro/straighten-your-teeth-with-clear-aligners.sU8wwlYU_ZEiFnp.avif (before: 24kB, after: 2kB) (+1.11s) (2792/4055)
11:41:24   ▶ /_astro/shutterstock_1676006977-1-768x512-1.BtyAS2MQ_1Ptx9S.avif (before: 18kB, after: 1kB) (+1.14s) (2793/4055)
11:41:24   ▶ /_astro/dont-replace-a-missing-tooth.DJcneQeF_24JxeB.avif (before: 27kB, after: 4kB) (+1.14s) (2794/4055)
11:41:24   ▶ /_astro/burning-mouth-syndrome-symptoms-.ZtL34cRG_1dvJHI.avif (before: 35kB, after: 3kB) (+630ms) (2795/4055)
11:41:24   ▶ /_astro/tonsil-stones-causes-symptoms.BI4qHAt7_EVosT.jpg (before: 48kB, after: 24kB) (+796ms) (2796/4055)
11:41:24   ▶ /_astro/107504097_603403186973724_2262707603960157141_o.CjIsXvzp_C9Awj.avif (before: 68kB, after: 10kB) (+798ms) (2797/4055)
11:41:24   ▶ /_astro/shutterstock_1514580746-1.BQFTu26H_1774q.jpg (before: 49kB, after: 30kB) (+796ms) (2798/4055)
11:41:24   ▶ /_astro/can-teeth-whitening-damage-gums.B5Ny0oOc_1TF0Vv.jpg (before: 31kB, after: 6kB) (+715ms) (2799/4055)
11:41:24   ▶ /_astro/why-you-bite-your-cheek-.BoZUxtMV_ZIcuYI.avif (before: 36kB, after: 2kB) (+1.08s) (2800/4055)
11:41:25   ▶ /_astro/shutterstock_1527451409-1.CGzpnWsk_ZLqBW3.avif (before: 53kB, after: 7kB) (+1.32s) (2801/4055)
11:41:25   ▶ /_astro/shutterstock_1676006977-1-768x512-1.BtyAS2MQ_Z1jkEjz.jpg (before: 18kB, after: 8kB) (+706ms) (2802/4055)
11:41:25   ▶ /_astro/vaping-and-oral-health.D2iX6zzs_2heVL1.avif (before: 18kB, after: 3kB) (+1.81s) (2803/4055)
11:41:25   ▶ /_astro/straighten-your-teeth-with-clear-aligners.sU8wwlYU_Z1tfTeC.avif (before: 24kB, after: 1kB) (+735ms) (2804/4055)
11:41:25   ▶ /_astro/tonsil-stones-causes-symptoms.BI4qHAt7_ZROXfW.jpg (before: 48kB, after: 9kB) (+561ms) (2805/4055)
11:41:25   ▶ /_astro/burning-mouth-syndrome-symptoms-.ZtL34cRG_2feqGv.avif (before: 35kB, after: 4kB) (+732ms) (2806/4055)
11:41:25   ▶ /_astro/shutterstock_1514580746-1.BQFTu26H_Z1QKTTu.jpg (before: 49kB, after: 8kB) (+563ms) (2807/4055)
11:41:25   ▶ /_astro/107504097_603403186973724_2262707603960157141_o.CjIsXvzp_1Stw73.avif (before: 68kB, after: 4kB) (+623ms) (2808/4055)
11:41:25   ▶ /_astro/can-teeth-whitening-damage-gums.B5Ny0oOc_Z2uI0YJ.jpg (before: 31kB, after: 11kB) (+791ms) (2809/4055)
11:41:25   ▶ /_astro/dont-replace-a-missing-tooth.DJcneQeF_1iaVEL.avif (before: 27kB, after: 6kB) (+1.08s) (2810/4055)
11:41:25   ▶ /_astro/shutterstock_1527451409-1.CGzpnWsk_1kzo2j.jpg (before: 53kB, after: 31kB) (+394ms) (2811/4055)
11:41:25   ▶ /_astro/shutterstock_1676006977-1-768x512-1.BtyAS2MQ_27BEMV.jpg (before: 18kB, after: 3kB) (+390ms) (2812/4055)
11:41:25   ▶ /_astro/vaping-and-oral-health.D2iX6zzs_ZQIq7v.avif (before: 18kB, after: 2kB) (+388ms) (2813/4055)
11:41:25   ▶ /_astro/why-you-bite-your-cheek-.BoZUxtMV_1LtJG3.avif (before: 36kB, after: 4kB) (+642ms) (2814/4055)
11:41:25   ▶ /_astro/straighten-your-teeth-with-clear-aligners.sU8wwlYU_C6XfB.avif (before: 24kB, after: 2kB) (+389ms) (2815/4055)
11:41:25   ▶ /_astro/tonsil-stones-causes-symptoms.BI4qHAt7_Z1bTiEX.jpg (before: 48kB, after: 17kB) (+367ms) (2816/4055)
11:41:25   ▶ /_astro/burning-mouth-syndrome-symptoms-.ZtL34cRG_Z2x00bg.jpg (before: 35kB, after: 24kB) (+477ms) (2817/4055)
11:41:26   ▶ /_astro/shutterstock_1514580746-1.BQFTu26H_Zl8e1y.jpg (before: 49kB, after: 15kB) (+820ms) (2818/4055)
11:41:26   ▶ /_astro/dont-replace-a-missing-tooth.DJcneQeF_2jzVRW.jpg (before: 27kB, after: 26kB) (+497ms) (2819/4055)
11:41:26   ▶ /_astro/shutterstock_1527451409-1.CGzpnWsk_CUhLj.jpg (before: 53kB, after: 9kB) (+482ms) (2820/4055)
11:41:26   ▶ /_astro/shutterstock_1676006977-1-768x512-1.BtyAS2MQ_2sSlB.jpg (before: 18kB, after: 6kB) (+481ms) (2821/4055)
11:41:26   ▶ /_astro/3-ways-to-prevent-a-poor-bite.Cq4jKxMc_VAvaS.avif (before: 32kB, after: 8kB) (+2.20s) (2822/4055)
11:41:26   ▶ /_astro/107504097_603403186973724_2262707603960157141_o.CjIsXvzp_2c8EqV.avif (before: 68kB, after: 6kB) (+780ms) (2823/4055)
11:41:26   ▶ /_astro/vaping-and-oral-health.D2iX6zzs_1TAvR2.avif (before: 18kB, after: 2kB) (+484ms) (2824/4055)
11:41:26   ▶ /_astro/straighten-your-teeth-with-clear-aligners.sU8wwlYU_1jM0bL.jpg (before: 24kB, after: 11kB) (+554ms) (2825/4055)
11:41:26   ▶ /_astro/why-you-bite-your-cheek-.BoZUxtMV_1FYliL.jpg (before: 36kB, after: 18kB) (+986ms) (2826/4055)
11:41:26   ▶ /_astro/burning-mouth-syndrome-symptoms-.ZtL34cRG_1Wpalb.jpg (before: 35kB, after: 5kB) (+906ms) (2827/4055)
11:41:26   ▶ /_astro/shutterstock_1514580746-1.BQFTu26H_ZkhX4Q.jpg (before: 49kB, after: 23kB) (+611ms) (2828/4055)
11:41:26   ▶ /_astro/dont-replace-a-missing-tooth.DJcneQeF_Z2m47SN.jpg (before: 27kB, after: 12kB) (+596ms) (2829/4055)
11:41:26   ▶ /_astro/shutterstock_1527451409-1.CGzpnWsk_29xXEf.jpg (before: 53kB, after: 16kB) (+595ms) (2830/4055)
11:41:26   ▶ /_astro/3-ways-to-prevent-a-poor-bite.Cq4jKxMc_Z2vFihN.avif (before: 32kB, after: 5kB) (+595ms) (2831/4055)
11:41:26   ▶ /_astro/vaping-and-oral-health.D2iX6zzs_1IwXA1.jpg (before: 18kB, after: 15kB) (+623ms) (2832/4055)
11:41:26   ▶ /_astro/107504097_603403186973724_2262707603960157141_o.CjIsXvzp_1A4W3V.avif (before: 68kB, after: 8kB) (+677ms) (2833/4055)
11:41:26   ▶ /_astro/straighten-your-teeth-with-clear-aligners.sU8wwlYU_uOLky.jpg (before: 24kB, after: 5kB) (+604ms) (2834/4055)
11:41:26   ▶ /_astro/why-you-bite-your-cheek-.BoZUxtMV_2eJkEo.jpg (before: 36kB, after: 7kB) (+279ms) (2835/4055)
11:41:26   ▶ /_astro/burning-mouth-syndrome-symptoms-.ZtL34cRG_k1HDF.jpg (before: 35kB, after: 11kB) (+391ms) (2836/4055)
11:41:27   ▶ /_astro/dont-replace-a-missing-tooth.DJcneQeF_1Vypli.jpg (before: 27kB, after: 21kB) (+408ms) (2837/4055)
11:41:27   ▶ /_astro/shutterstock_1527451409-1.CGzpnWsk_2aoeAW.jpg (before: 53kB, after: 23kB) (+408ms) (2838/4055)
11:41:27   ▶ /_astro/s-b-vonlanthen-FaiZNiofP-U-unsplash-1-768x513-1.0g7g2daq_GRo3m.avif (before: 51kB, after: 17kB) (+1.53s) (2839/4055)
11:41:27   ▶ /_astro/vaping-and-oral-health.D2iX6zzs_Z1pqoiv.jpg (before: 18kB, after: 7kB) (+409ms) (2840/4055)
11:41:27   ▶ /_astro/Is-periodontal-disease-contagious.DwP8qmat_Z1L36Bn.avif (before: 56kB, after: 17kB) (+1.56s) (2841/4055)
11:41:27   ▶ /_astro/107504097_603403186973724_2262707603960157141_o.CjIsXvzp_1BVERn.jpg (before: 68kB, after: 31kB) (+407ms) (2842/4055)
11:41:27   ▶ /_astro/straighten-your-teeth-with-clear-aligners.sU8wwlYU_Z2sYtY9.jpg (before: 24kB, after: 8kB) (+407ms) (2843/4055)
11:41:27   ▶ /_astro/why-you-bite-your-cheek-.BoZUxtMV_ZkKxsL.jpg (before: 36kB, after: 13kB) (+632ms) (2844/4055)
11:41:27   ▶ /_astro/burning-mouth-syndrome-symptoms-.ZtL34cRG_1lJoCs.jpg (before: 35kB, after: 17kB) (+613ms) (2845/4055)
11:41:27   ▶ /_astro/tips-for-picking-the-right-toothpaste.k-YeuXiI_Kp2rP.avif (before: 25kB, after: 5kB) (+1.73s) (2846/4055)
11:41:27   ▶ /_astro/dont-replace-a-missing-tooth.DJcneQeF_Z1tXYO.avif (before: 27kB, after: 5kB) (+726ms) (2847/4055)
11:41:27   ▶ /_astro/vaping-and-oral-health.D2iX6zzs_1lSxG2.jpg (before: 18kB, after: 13kB) (+694ms) (2848/4055)
11:41:27   ▶ /_astro/3-ways-to-prevent-a-poor-bite.Cq4jKxMc_1MnBcL.avif (before: 32kB, after: 7kB) (+1.21s) (2849/4055)
11:41:27   ▶ /_astro/107504097_603403186973724_2262707603960157141_o.CjIsXvzp_Z2bUxlO.jpg (before: 68kB, after: 9kB) (+720ms) (2850/4055)
11:41:27   ▶ /_astro/s-b-vonlanthen-FaiZNiofP-U-unsplash-1-768x513-1.0g7g2daq_Z2ikVe3.avif (before: 51kB, after: 9kB) (+803ms) (2851/4055)
11:41:29   ▶ /_astro/Is-periodontal-disease-contagious.DwP8qmat_Z1YjVg0.avif (before: 56kB, after: 8kB) (+2.14s) (2852/4055)
11:41:29   ▶ /_astro/why-do-my-gums-feel-itchy.D-Mkcy3e_sjsJb.avif (before: 43kB, after: 13kB) (+2.74s) (2853/4055)
11:41:29   ▶ /_astro/tips-for-picking-the-right-toothpaste.k-YeuXiI_1KAVfs.avif (before: 25kB, after: 3kB) (+1.60s) (2854/4055)
11:41:29   ▶ /_astro/dont-replace-a-missing-tooth.DJcneQeF_160vow.avif (before: 27kB, after: 2kB) (+1.60s) (2855/4055)
11:41:29   ▶ /_astro/vaping-and-oral-health.D2iX6zzs_ZxqId2.avif (before: 18kB, after: 2kB) (+1.60s) (2856/4055)
11:41:29   ▶ /_astro/hao-shaw-G4SOKpR-Uoc-unsplash-1-768x512-1.CD8SYaCo_thaE9.avif (before: 48kB, after: 15kB) (+1.92s) (2857/4055)
11:41:29   ▶ /_astro/3-ways-to-prevent-a-poor-bite.Cq4jKxMc_BIv0p.jpg (before: 32kB, after: 31kB) (+2.04s) (2858/4055)
11:41:29   ▶ /_astro/107504097_603403186973724_2262707603960157141_o.CjIsXvzp_Z1Sgp1V.jpg (before: 68kB, after: 16kB) (+2.03s) (2859/4055)
11:41:29   ▶ /_astro/Brushing-your-tongue-is-important.B80BUmVY_ZOPzD6.avif (before: 26kB, after: 7kB) (+2.75s) (2860/4055)
11:41:30   ▶ /_astro/s-b-vonlanthen-FaiZNiofP-U-unsplash-1-768x513-1.0g7g2daq_13Pz46.avif (before: 51kB, after: 14kB) (+2.59s) (2861/4055)
11:41:30   ▶ /_astro/umanoide-KeVKEs1_RDU-unsplash-1-705x529-1.jiBMsBLK_Z1awwxC.avif (before: 51kB, after: 15kB) (+2.91s) (2862/4055)
11:41:30   ▶ /_astro/Is-periodontal-disease-contagious.DwP8qmat_AJMSi.avif (before: 56kB, after: 14kB) (+1.24s) (2863/4055)
11:41:30   ▶ /_astro/tips-for-picking-the-right-toothpaste.k-YeuXiI_Z1My37S.avif (before: 25kB, after: 4kB) (+1.13s) (2864/4055)
11:41:30   ▶ /_astro/dont-replace-a-missing-tooth.DJcneQeF_2ipPaN.avif (before: 27kB, after: 4kB) (+1.13s) (2865/4055)
11:41:30   ▶ /_astro/why-do-my-gums-feel-itchy.D-Mkcy3e_Z27d2Qt.avif (before: 43kB, after: 7kB) (+1.13s) (2866/4055)
11:41:30   ▶ /_astro/3-ways-to-prevent-a-poor-bite.Cq4jKxMc_2eDPlE.jpg (before: 32kB, after: 14kB) (+668ms) (2867/4055)
11:41:30   ▶ /_astro/vaping-and-oral-health.D2iX6zzs_Z1J547j.avif (before: 18kB, after: 1kB) (+1.18s) (2868/4055)
11:41:30   ▶ /_astro/107504097_603403186973724_2262707603960157141_o.CjIsXvzp_Z2uk7oV.jpg (before: 68kB, after: 24kB) (+669ms) (2869/4055)
11:41:30   ▶ /_astro/s-b-vonlanthen-FaiZNiofP-U-unsplash-1-768x513-1.0g7g2daq_1GEsoq.jpg (before: 51kB, after: 49kB) (+480ms) (2870/4055)
11:41:30   ▶ /_astro/umanoide-KeVKEs1_RDU-unsplash-1-705x529-1.jiBMsBLK_ZFaS8i.avif (before: 51kB, after: 5kB) (+455ms) (2871/4055)
11:41:30   ▶ /_astro/hao-shaw-G4SOKpR-Uoc-unsplash-1-768x512-1.CD8SYaCo_1II0sI.avif (before: 48kB, after: 9kB) (+1.58s) (2872/4055)
11:41:30   ▶ /_astro/Brushing-your-tongue-is-important.B80BUmVY_Z137phI.avif (before: 26kB, after: 4kB) (+1.07s) (2873/4055)
11:41:30   ▶ /_astro/tips-for-picking-the-right-toothpaste.k-YeuXiI_1H1cfE.jpg (before: 25kB, after: 24kB) (+458ms) (2874/4055)
11:41:30   ▶ /_astro/Is-periodontal-disease-contagious.DwP8qmat_12RHeH.jpg (before: 56kB, after: 52kB) (+460ms) (2875/4055)
11:41:31   ▶ /_astro/dont-replace-a-missing-tooth.DJcneQeF_BStFH.jpg (before: 27kB, after: 16kB) (+789ms) (2876/4055)
11:41:31   ▶ /_astro/3-ways-to-prevent-a-poor-bite.Cq4jKxMc_1svB2i.jpg (before: 32kB, after: 25kB) (+742ms) (2877/4055)
11:41:32   ▶ /_astro/vaping-and-oral-health.D2iX6zzs_Z1oYBio.avif (before: 18kB, after: 1kB) (+1.65s) (2878/4055)
11:41:32   ▶ /_astro/s-b-vonlanthen-FaiZNiofP-U-unsplash-1-768x513-1.0g7g2daq_Z1ixQRY.jpg (before: 51kB, after: 21kB) (+1.29s) (2879/4055)
11:41:32   ▶ /_astro/why-do-my-gums-feel-itchy.D-Mkcy3e_Z7MbJA.avif (before: 43kB, after: 11kB) (+1.74s) (2880/4055)
11:41:32   ▶ /_astro/umanoide-KeVKEs1_RDU-unsplash-1-705x529-1.jiBMsBLK_Z1dpAVd.avif (before: 51kB, after: 9kB) (+1.28s) (2881/4055)
11:41:32   ▶ /_astro/spatablet.BPfBZXyG_1oNTco.avif (before: 168kB, after: 64kB) (+5.19s) (2882/4055)
11:41:32   ▶ /_astro/tips-for-picking-the-right-toothpaste.k-YeuXiI_Z2mY2KE.jpg (before: 25kB, after: 10kB) (+1.28s) (2883/4055)
11:41:32   ▶ /_astro/Is-periodontal-disease-contagious.DwP8qmat_OARA5.jpg (before: 56kB, after: 22kB) (+1.28s) (2884/4055)
11:41:32   ▶ /_astro/hao-shaw-G4SOKpR-Uoc-unsplash-1-768x512-1.CD8SYaCo_1bthEN.avif (before: 48kB, after: 13kB) (+1.37s) (2885/4055)
11:41:32   ▶ /_astro/dont-replace-a-missing-tooth.DJcneQeF_1JnY53.jpg (before: 27kB, after: 6kB) (+1.03s) (2886/4055)
11:41:32   ▶ /_astro/vaping-and-oral-health.D2iX6zzs_Z168Go2.jpg (before: 18kB, after: 9kB) (+353ms) (2887/4055)
11:41:32   ▶ /_astro/s-b-vonlanthen-FaiZNiofP-U-unsplash-1-768x513-1.0g7g2daq_23CDpa.jpg (before: 51kB, after: 40kB) (+353ms) (2888/4055)
11:41:32   ▶ /_astro/why-do-my-gums-feel-itchy.D-Mkcy3e_S87nU.jpg (before: 43kB, after: 40kB) (+335ms) (2889/4055)
11:41:32   ▶ /_astro/umanoide-KeVKEs1_RDU-unsplash-1-705x529-1.jiBMsBLK_Ny91y.jpg (before: 51kB, after: 54kB) (+335ms) (2890/4055)
11:41:32   ▶ /_astro/Brushing-your-tongue-is-important.B80BUmVY_1wWjQz.avif (before: 26kB, after: 6kB) (+1.62s) (2891/4055)
11:41:32   ▶ /_astro/tips-for-picking-the-right-toothpaste.k-YeuXiI_ZPVSk4.jpg (before: 25kB, after: 19kB) (+337ms) (2892/4055)
11:41:32   ▶ /_astro/Is-periodontal-disease-contagious.DwP8qmat_Z1Evw4y.jpg (before: 56kB, after: 43kB) (+337ms) (2893/4055)
11:41:32   ▶ /_astro/3-ways-to-prevent-a-poor-bite.Cq4jKxMc_ZNzYAS.avif (before: 32kB, after: 4kB) (+1.32s) (2894/4055)
11:41:32   ▶ /_astro/hao-shaw-G4SOKpR-Uoc-unsplash-1-768x512-1.CD8SYaCo_2smQek.jpg (before: 48kB, after: 44kB) (+291ms) (2895/4055)
11:41:33   ▶ /_astro/dont-replace-a-missing-tooth.DJcneQeF_Z28nOWB.jpg (before: 27kB, after: 11kB) (+897ms) (2896/4055)
11:41:33   ▶ /_astro/vaping-and-oral-health.D2iX6zzs_Z2hM2ij.jpg (before: 18kB, after: 4kB) (+662ms) (2897/4055)
11:41:33   ▶ /_astro/why-do-my-gums-feel-itchy.D-Mkcy3e_Z1GoocJ.jpg (before: 43kB, after: 18kB) (+691ms) (2898/4055)
11:41:33   ▶ /_astro/umanoide-KeVKEs1_RDU-unsplash-1-705x529-1.jiBMsBLK_1iTMqS.jpg (before: 51kB, after: 18kB) (+690ms) (2899/4055)
11:41:33   ▶ /_astro/Brushing-your-tongue-is-important.B80BUmVY_1Y5ecY.jpg (before: 26kB, after: 26kB) (+688ms) (2900/4055)
11:41:33   ▶ /_astro/tips-for-picking-the-right-toothpaste.k-YeuXiI_t0TUb.avif (before: 25kB, after: 3kB) (+686ms) (2901/4055)
11:41:33   ▶ /_astro/s-b-vonlanthen-FaiZNiofP-U-unsplash-1-768x513-1.0g7g2daq_Z19omAi.avif (before: 51kB, after: 9kB) (+707ms) (2902/4055)
11:41:33   ▶ /_astro/3-ways-to-prevent-a-poor-bite.Cq4jKxMc_Z2mmmkJ.avif (before: 32kB, after: 2kB) (+657ms) (2903/4055)
11:41:33   ▶ /_astro/Is-periodontal-disease-contagious.DwP8qmat_Z1wAzdA.avif (before: 56kB, after: 8kB) (+734ms) (2904/4055)
11:41:33   ▶ /_astro/hao-shaw-G4SOKpR-Uoc-unsplash-1-768x512-1.CD8SYaCo_Z1mnrL2.jpg (before: 48kB, after: 20kB) (+735ms) (2905/4055)
11:41:33   ▶ /_astro/vaping-and-oral-health.D2iX6zzs_Z1WGzto.jpg (before: 18kB, after: 6kB) (+726ms) (2906/4055)
11:41:33   ▶ /_astro/why-do-my-gums-feel-itchy.D-Mkcy3e_i1rT9.jpg (before: 43kB, after: 33kB) (+684ms) (2907/4055)
11:41:33   ▶ /_astro/umanoide-KeVKEs1_RDU-unsplash-1-705x529-1.jiBMsBLK_KF4CX.jpg (before: 51kB, after: 39kB) (+728ms) (2908/4055)
11:41:33   ▶ /_astro/spatablet.BPfBZXyG_MXi7g.avif (before: 168kB, after: 10kB) (+1.75s) (2909/4055)
11:41:33   ▶ /_astro/Brushing-your-tongue-is-important.B80BUmVY_1KNoym.jpg (before: 26kB, after: 12kB) (+729ms) (2910/4055)
11:41:33   ▶ /_astro/tips-for-picking-the-right-toothpaste.k-YeuXiI_Z1uSlEy.avif (before: 25kB, after: 2kB) (+728ms) (2911/4055)
11:41:33   ▶ /_astro/s-b-vonlanthen-FaiZNiofP-U-unsplash-1-768x513-1.0g7g2daq_ZFLHjX.avif (before: 51kB, after: 4kB) (+728ms) (2912/4055)
11:41:34   ▶ /_astro/3-ways-to-prevent-a-poor-bite.Cq4jKxMc_2oKr4b.avif (before: 32kB, after: 3kB) (+777ms) (2913/4055)
11:41:34   ▶ /_astro/hao-shaw-G4SOKpR-Uoc-unsplash-1-768x512-1.CD8SYaCo_Z1TCayW.jpg (before: 48kB, after: 37kB) (+1.04s) (2914/4055)
11:41:35   ▶ /_astro/Is-periodontal-disease-contagious.DwP8qmat_1VCSyk.avif (before: 56kB, after: 4kB) (+2.53s) (2915/4055)
11:41:36   ▶ /_astro/umanoide-KeVKEs1_RDU-unsplash-1-705x529-1.jiBMsBLK_1mjlAD.avif (before: 51kB, after: 6kB) (+2.29s) (2916/4055)
11:41:36   ▶ /_astro/why-do-my-gums-feel-itchy.D-Mkcy3e_1k6ims.avif (before: 43kB, after: 7kB) (+2.34s) (2917/4055)
11:41:36   ▶ /_astro/Brushing-your-tongue-is-important.B80BUmVY_ZIj06h.jpg (before: 26kB, after: 22kB) (+2.29s) (2918/4055)
11:41:36   ▶ /_astro/tips-for-picking-the-right-toothpaste.k-YeuXiI_kl4m0.avif (before: 25kB, after: 2kB) (+2.29s) (2919/4055)
11:41:36   ▶ /_astro/s-b-vonlanthen-FaiZNiofP-U-unsplash-1-768x513-1.0g7g2daq_Zn7z05.avif (before: 51kB, after: 7kB) (+2.29s) (2920/4055)
11:41:36   ▶ /_astro/spatablet.BPfBZXyG_Z16pHiF.avif (before: 168kB, after: 20kB) (+2.30s) (2921/4055)
11:41:36   ▶ /_astro/3-ways-to-prevent-a-poor-bite.Cq4jKxMc_Z18rYLm.jpg (before: 32kB, after: 15kB) (+2.91s) (2922/4055)
11:41:37   ▶ /_astro/hao-shaw-G4SOKpR-Uoc-unsplash-1-768x512-1.CD8SYaCo_IhAQA.avif (before: 48kB, after: 9kB) (+2.81s) (2923/4055)
11:41:38   ▶ /_astro/Is-periodontal-disease-contagious.DwP8qmat_Z2vmdD2.avif (before: 56kB, after: 6kB) (+2.40s) (2924/4055)
11:41:38   ▶ /_astro/umanoide-KeVKEs1_RDU-unsplash-1-705x529-1.jiBMsBLK_ZjVj6N.avif (before: 51kB, after: 2kB) (+2.22s) (2925/4055)
11:41:38   ▶ /_astro/why-do-my-gums-feel-itchy.D-Mkcy3e_2rYIvY.avif (before: 43kB, after: 3kB) (+2.22s) (2926/4055)
11:41:38   ▶ /_astro/Brushing-your-tongue-is-important.B80BUmVY_ZAo3fj.avif (before: 26kB, after: 4kB) (+2.22s) (2927/4055)
11:41:38   ▶ /_astro/tips-for-picking-the-right-toothpaste.k-YeuXiI_1pC4I0.jpg (before: 25kB, after: 13kB) (+2.22s) (2928/4055)
11:41:38   ▶ /_astro/s-b-vonlanthen-FaiZNiofP-U-unsplash-1-768x513-1.0g7g2daq_Z9Bife.jpg (before: 51kB, after: 26kB) (+2.22s) (2929/4055)
11:41:38   ▶ /_astro/daniel-frank-wKbWAMlHgNo-unsplash-1-scaled-1.BIJPweHJ_Z43J4I.avif (before: 261kB, after: 32kB) (+7.96s) (2930/4055)
11:41:38   ▶ /_astro/3-ways-to-prevent-a-poor-bite.Cq4jKxMc_2nWLiI.jpg (before: 32kB, after: 6kB) (+1.59s) (2931/4055)
11:41:38   ▶ /_astro/hao-shaw-G4SOKpR-Uoc-unsplash-1-768x512-1.CD8SYaCo_24Wzud.avif (before: 48kB, after: 4kB) (+1.58s) (2932/4055)
11:41:39   ▶ /_astro/Is-periodontal-disease-contagious.DwP8qmat_1hkeCu.jpg (before: 56kB, after: 25kB) (+929ms) (2933/4055)
11:41:39   ▶ /_astro/umanoide-KeVKEs1_RDU-unsplash-1-705x529-1.jiBMsBLK_1TD5Cy.avif (before: 51kB, after: 5kB) (+868ms) (2934/4055)
11:41:39   ▶ /_astro/luis-machado-nCGl8FrGHb0-unsplash-1-scaled-1.mRSuwKb5_PF7jc.avif (before: 340kB, after: 33kB) (+6.16s) (2935/4055)
11:41:39   ▶ /_astro/why-do-my-gums-feel-itchy.D-Mkcy3e_1JV9KJ.avif (before: 43kB, after: 5kB) (+871ms) (2936/4055)
11:41:39   ▶ /_astro/tips-for-picking-the-right-toothpaste.k-YeuXiI_ZyhbQJ.jpg (before: 25kB, after: 5kB) (+870ms) (2937/4055)
11:41:39   ▶ /_astro/s-b-vonlanthen-FaiZNiofP-U-unsplash-1-768x513-1.0g7g2daq_j0m16.jpg (before: 51kB, after: 10kB) (+870ms) (2938/4055)
11:41:39   ▶ /_astro/Brushing-your-tongue-is-important.B80BUmVY_Z2clIhk.avif (before: 26kB, after: 2kB) (+871ms) (2939/4055)
11:41:39   ▶ /_astro/3-ways-to-prevent-a-poor-bite.Cq4jKxMc_24SqSH.jpg (before: 32kB, after: 11kB) (+871ms) (2940/4055)
11:41:39   ▶ /_astro/matthew-poetker-nWZs_SnBDmg-unsplash-1-scaled-1.Wkyh28ZO_Z2VQxe.avif (before: 134kB, after: 15kB) (+5.47s) (2941/4055)
11:41:39   ▶ /_astro/daniel-frank-wKbWAMlHgNo-unsplash-1-scaled-1.BIJPweHJ_Z22RgaU.avif (before: 261kB, after: 5kB) (+1.05s) (2942/4055)
11:41:39   ▶ /_astro/Is-periodontal-disease-contagious.DwP8qmat_ZjCqow.jpg (before: 56kB, after: 9kB) (+612ms) (2943/4055)
11:41:39   ▶ /_astro/umanoide-KeVKEs1_RDU-unsplash-1-705x529-1.jiBMsBLK_Z1IM6D7.jpg (before: 51kB, after: 24kB) (+410ms) (2944/4055)
11:41:39   ▶ /_astro/why-do-my-gums-feel-itchy.D-Mkcy3e_1JTW1c.jpg (before: 43kB, after: 21kB) (+407ms) (2945/4055)
11:41:39   ▶ /_astro/tips-for-picking-the-right-toothpaste.k-YeuXiI_1gWe9O.jpg (before: 25kB, after: 9kB) (+408ms) (2946/4055)
11:41:39   ▶ /_astro/hao-shaw-G4SOKpR-Uoc-unsplash-1-768x512-1.CD8SYaCo_ZSQFOu.avif (before: 48kB, after: 7kB) (+1.03s) (2947/4055)
11:41:39   ▶ /_astro/s-b-vonlanthen-FaiZNiofP-U-unsplash-1-768x513-1.0g7g2daq_BEukY.jpg (before: 51kB, after: 18kB) (+422ms) (2948/4055)
11:41:40   ▶ /_astro/spatablet.BPfBZXyG_1PWgPI.avif (before: 168kB, after: 30kB) (+3.80s) (2949/4055)
11:41:40   ▶ /_astro/luis-machado-nCGl8FrGHb0-unsplash-1-scaled-1.mRSuwKb5_u1yiI.avif (before: 340kB, after: 5kB) (+787ms) (2950/4055)
11:41:40   ▶ /_astro/matthew-poetker-nWZs_SnBDmg-unsplash-1-scaled-1.Wkyh28ZO_TjwNV.avif (before: 134kB, after: 3kB) (+748ms) (2951/4055)
11:41:40   ▶ /_astro/Brushing-your-tongue-is-important.B80BUmVY_Z1z9GEK.avif (before: 26kB, after: 3kB) (+789ms) (2952/4055)
11:41:40   ▶ /_astro/Is-periodontal-disease-contagious.DwP8qmat_iyAd3.jpg (before: 56kB, after: 18kB) (+548ms) (2953/4055)
11:41:40   ▶ /_astro/umanoide-KeVKEs1_RDU-unsplash-1-705x529-1.jiBMsBLK_1E9msn.jpg (before: 51kB, after: 8kB) (+979ms) (2954/4055)
11:41:41   ▶ /_astro/hao-shaw-G4SOKpR-Uoc-unsplash-1-768x512-1.CD8SYaCo_Z2mNQna.jpg (before: 48kB, after: 24kB) (+1.43s) (2955/4055)
11:41:41   ▶ /_astro/why-do-my-gums-feel-itchy.D-Mkcy3e_Z2cnKDd.jpg (before: 43kB, after: 8kB) (+1.79s) (2956/4055)
11:41:41   ▶ /_astro/daniel-frank-wKbWAMlHgNo-unsplash-1-scaled-1.BIJPweHJ_1oQqEY.avif (before: 261kB, after: 7kB) (+2.04s) (2957/4055)
11:41:41   ▶ /_astro/Electric-vs-Regular-Toothbrush-1.BRFVN6wZ_ZdiGLR.avif (before: 23kB, after: 6kB) (+2.21s) (2958/4055)
11:41:41   ▶ /_astro/luis-machado-nCGl8FrGHb0-unsplash-1-scaled-1.mRSuwKb5_Z18qREj.avif (before: 340kB, after: 7kB) (+1.47s) (2959/4055)
11:41:41   ▶ /_astro/women-smiling-while-laying-on-lawn-field.BQ-DbDMY_ZpJfxY.avif (before: 39kB, after: 21kB) (+1.89s) (2960/4055)
11:41:41   ▶ /_astro/Brushing-your-tongue-is-important.B80BUmVY_2dwKAL.jpg (before: 26kB, after: 13kB) (+1.51s) (2961/4055)
11:41:42   ▶ /_astro/matthew-poetker-nWZs_SnBDmg-unsplash-1-scaled-1.Wkyh28ZO_y9C6T.avif (before: 134kB, after: 4kB) (+1.86s) (2962/4055)
11:41:42   ▶ /_astro/umanoide-KeVKEs1_RDU-unsplash-1-705x529-1.jiBMsBLK_Z1bsmBc.jpg (before: 51kB, after: 17kB) (+1.46s) (2963/4055)
11:41:42   ▶ /_astro/hao-shaw-G4SOKpR-Uoc-unsplash-1-768x512-1.CD8SYaCo_Z118RJx.jpg (before: 48kB, after: 9kB) (+1.51s) (2964/4055)
11:41:42   ▶ /_astro/why-do-my-gums-feel-itchy.D-Mkcy3e_2aJNpt.jpg (before: 43kB, after: 15kB) (+1.19s) (2965/4055)
11:41:42   ▶ /_astro/Symptoms-of-TMJ-disorder.Ckx1Qzdh_Z2jv4F6.avif (before: 22kB, after: 5kB) (+2.44s) (2966/4055)
11:41:43   ▶ /_astro/closeup-photography-of-woman-smiling-1.ZNkxOzN-_2alF5J.avif (before: 50kB, after: 13kB) (+3.66s) (2967/4055)
11:41:43   ▶ /_astro/Electric-vs-Regular-Toothbrush-1.BRFVN6wZ_Z1DJQAL.avif (before: 23kB, after: 2kB) (+1.84s) (2968/4055)
11:41:43   ▶ /_astro/women-smiling-while-laying-on-lawn-field.BQ-DbDMY_1wYg08.avif (before: 39kB, after: 11kB) (+1.83s) (2969/4055)
11:41:43   ▶ /_astro/Brushing-your-tongue-is-important.B80BUmVY_Bz5yK.jpg (before: 26kB, after: 5kB) (+1.83s) (2970/4055)
11:41:43   ▶ /_astro/luis-machado-nCGl8FrGHb0-unsplash-1-scaled-1.mRSuwKb5_Z2oBicb.avif (before: 340kB, after: 10kB) (+2.23s) (2971/4055)
11:41:44   ▶ /_astro/hao-shaw-G4SOKpR-Uoc-unsplash-1-768x512-1.CD8SYaCo_15dYJG.jpg (before: 48kB, after: 17kB) (+1.37s) (2972/4055)
11:41:44   ▶ /_astro/daniel-frank-wKbWAMlHgNo-unsplash-1-scaled-1.BIJPweHJ_8G187.avif (before: 261kB, after: 10kB) (+2.55s) (2973/4055)
11:41:44   ▶ /_astro/Symptoms-of-TMJ-disorder.Ckx1Qzdh_Lz0dR.avif (before: 22kB, after: 3kB) (+1.51s) (2974/4055)
11:41:44   ▶ /_astro/closeup-photography-of-woman-smiling-1.ZNkxOzN-_o1wT1.avif (before: 50kB, after: 5kB) (+815ms) (2975/4055)
11:41:44   ▶ /_astro/matthew-poetker-nWZs_SnBDmg-unsplash-1-scaled-1.Wkyh28ZO_1jX2E2.avif (before: 134kB, after: 6kB) (+2.25s) (2976/4055)
11:41:44   ▶ /_astro/Benefits-of-Flossing-Your-Teeth.BV-GYnpJ_Z1JKJWc.avif (before: 24kB, after: 6kB) (+2.05s) (2977/4055)
11:41:44   ▶ /_astro/spatablet.BPfBZXyG_Z1QCzCP.avif (before: 168kB, after: 54kB) (+4.19s) (2978/4055)
11:41:44   ▶ /_astro/Brushing-your-tongue-is-important.B80BUmVY_1eL7bk.jpg (before: 26kB, after: 9kB) (+774ms) (2979/4055)
11:41:45   ▶ /_astro/Electric-vs-Regular-Toothbrush-1.BRFVN6wZ_VjRxw.avif (before: 23kB, after: 3kB) (+2.13s) (2980/4055)
11:41:46   ▶ /_astro/women-smiling-while-laying-on-lawn-field.BQ-DbDMY_YJxcd.avif (before: 39kB, after: 17kB) (+3.43s) (2981/4055)
11:41:47   ▶ /_astro/Symptoms-of-TMJ-disorder.Ckx1Qzdh_DqKY1.jpg (before: 22kB, after: 24kB) (+2.75s) (2982/4055)
11:41:47   ▶ /_astro/closeup-photography-of-woman-smiling-1.ZNkxOzN-_Z2ftBJp.avif (before: 50kB, after: 8kB) (+2.75s) (2983/4055)
11:41:47   ▶ /_astro/person-wearing-silver-colored-ring-while-holding-denture-1.FYfPFinS_Z1EQk4p.avif (before: 28kB, after: 7kB) (+4.26s) (2984/4055)
11:41:47   ▶ /_astro/Wisdom-Tooth-Pain.BPstnuaz_ZOBmkG.avif (before: 18kB, after: 7kB) (+2.91s) (2985/4055)
11:41:47   ▶ /_astro/luis-machado-nCGl8FrGHb0-unsplash-1-scaled-1.mRSuwKb5_Z1Mtctf.avif (before: 340kB, after: 16kB) (+3.58s) (2986/4055)
11:41:47   ▶ /_astro/spatablet.BPfBZXyG_2mF067.jpg (before: 168kB, after: 170kB) (+3.17s) (2987/4055)
11:41:47   ▶ /_astro/Benefits-of-Flossing-Your-Teeth.BV-GYnpJ_ZX52RU.avif (before: 24kB, after: 4kB) (+3.24s) (2988/4055)
11:41:47   ▶ /_astro/daniel-frank-wKbWAMlHgNo-unsplash-1-scaled-1.BIJPweHJ_PPrxS.avif (before: 261kB, after: 15kB) (+3.82s) (2989/4055)
11:41:47   ▶ /_astro/women-smiling-while-laying-on-lawn-field.BQ-DbDMY_1ylq1c.jpg (before: 39kB, after: 48kB) (+1.07s) (2990/4055)
11:41:48   ▶ /_astro/Healthy-Smiles-This-Halloween-1.CNPi-dY9_Z2sqorf.avif (before: 42kB, after: 18kB) (+3.74s) (2991/4055)
11:41:48   ▶ /_astro/Symptoms-of-TMJ-disorder.Ckx1Qzdh_Z1kFhUW.jpg (before: 22kB, after: 13kB) (+999ms) (2992/4055)
11:41:48   ▶ /_astro/Electric-vs-Regular-Toothbrush-1.BRFVN6wZ_ZpEBiJ.avif (before: 23kB, after: 5kB) (+2.43s) (2993/4055)
11:41:48   ▶ /_astro/person-wearing-silver-colored-ring-while-holding-denture-1.FYfPFinS_21DRrx.avif (before: 28kB, after: 3kB) (+996ms) (2994/4055)
11:41:48   ▶ /_astro/matthew-poetker-nWZs_SnBDmg-unsplash-1-scaled-1.Wkyh28ZO_Z20fssO.avif (before: 134kB, after: 9kB) (+3.75s) (2995/4055)
11:41:48   ▶ /_astro/Wisdom-Tooth-Pain.BPstnuaz_RyGNN.avif (before: 18kB, after: 4kB) (+998ms) (2996/4055)
11:41:48   ▶ /_astro/Benefits-of-Flossing-Your-Teeth.BV-GYnpJ_vyuKR.jpg (before: 24kB, after: 25kB) (+1.13s) (2997/4055)
11:41:49   ▶ /_astro/spatablet.BPfBZXyG_Ztb1Ff.jpg (before: 168kB, after: 21kB) (+1.89s) (2998/4055)
11:41:49   ▶ /_astro/women-smiling-while-laying-on-lawn-field.BQ-DbDMY_Z1y7ceC.jpg (before: 39kB, after: 21kB) (+1.36s) (2999/4055)
11:41:49   ▶ /_astro/Healthy-Smiles-This-Halloween-1.CNPi-dY9_11FkAY.avif (before: 42kB, after: 11kB) (+1.37s) (3000/4055)
11:41:49   ▶ /_astro/closeup-photography-of-woman-smiling-1.ZNkxOzN-_ZSo35C.avif (before: 50kB, after: 11kB) (+2.37s) (3001/4055)
11:41:49   ▶ /_astro/Electric-vs-Regular-Toothbrush-1.BRFVN6wZ_Z2tz1JI.jpg (before: 23kB, after: 23kB) (+1.37s) (3002/4055)
11:41:49   ▶ /_astro/Symptoms-of-TMJ-disorder.Ckx1Qzdh_Z2dCUV4.avif (before: 22kB, after: 3kB) (+1.37s) (3003/4055)
11:41:49   ▶ /_astro/person-wearing-silver-colored-ring-while-holding-denture-1.FYfPFinS_9BRF5.avif (before: 28kB, after: 5kB) (+1.51s) (3004/4055)
11:41:49   ▶ /_astro/Wisdom-Tooth-Pain.BPstnuaz_2sY40C.jpg (before: 18kB, after: 22kB) (+1.51s) (3005/4055)
11:41:50   ▶ /_astro/Benefits-of-Flossing-Your-Teeth.BV-GYnpJ_1ifcP9.jpg (before: 24kB, after: 16kB) (+1.91s) (3006/4055)
11:41:51   ▶ /_astro/spatablet.BPfBZXyG_Z2nz26b.jpg (before: 168kB, after: 43kB) (+2.55s) (3007/4055)
11:41:51   ▶ /_astro/women-smiling-while-laying-on-lawn-field.BQ-DbDMY_Z26lU2x.jpg (before: 39kB, after: 41kB) (+2.55s) (3008/4055)
11:41:52   ▶ /_astro/Healthy-Smiles-This-Halloween-1.CNPi-dY9_2c5Q8i.avif (before: 42kB, after: 17kB) (+2.74s) (3009/4055)
11:41:52   ▶ /_astro/closeup-photography-of-woman-smiling-1.ZNkxOzN-_ZuPNjO.jpg (before: 50kB, after: 51kB) (+2.74s) (3010/4055)
11:41:52   ▶ /_astro/Electric-vs-Regular-Toothbrush-1.BRFVN6wZ_1aaWfj.jpg (before: 23kB, after: 7kB) (+2.74s) (3011/4055)
11:41:52   ▶ /_astro/Symptoms-of-TMJ-disorder.Ckx1Qzdh_ZHtuAT.avif (before: 22kB, after: 1kB) (+2.74s) (3012/4055)
11:41:52   ▶ /_astro/luis-machado-nCGl8FrGHb0-unsplash-1-scaled-1.mRSuwKb5_Zi8tCr.avif (before: 340kB, after: 23kB) (+4.78s) (3013/4055)
11:41:52   ▶ /_astro/Wisdom-Tooth-Pain.BPstnuaz_ZT20DO.jpg (before: 18kB, after: 13kB) (+2.70s) (3014/4055)
11:41:52   ▶ /_astro/Benefits-of-Flossing-Your-Teeth.BV-GYnpJ_ZBljz9.avif (before: 24kB, after: 5kB) (+1.76s) (3015/4055)
11:41:52   ▶ /_astro/person-wearing-silver-colored-ring-while-holding-denture-1.FYfPFinS_13tE0F.avif (before: 28kB, after: 6kB) (+3.00s) (3016/4055)
11:41:52   ▶ /_astro/spatablet.BPfBZXyG_yMW3d.jpg (before: 168kB, after: 70kB) (+728ms) (3017/4055)
11:41:52   ▶ /_astro/Healthy-Smiles-This-Halloween-1.CNPi-dY9_Zc68Ib.jpg (before: 42kB, after: 44kB) (+617ms) (3018/4055)
11:41:52   ▶ /_astro/daniel-frank-wKbWAMlHgNo-unsplash-1-scaled-1.BIJPweHJ_2lbaoG.avif (before: 261kB, after: 21kB) (+4.78s) (3019/4055)
11:41:52   ▶ /_astro/Electric-vs-Regular-Toothbrush-1.BRFVN6wZ_Z1jVrpk.jpg (before: 23kB, after: 13kB) (+616ms) (3020/4055)
11:41:52   ▶ /_astro/closeup-photography-of-woman-smiling-1.ZNkxOzN-_Z2haVvx.jpg (before: 50kB, after: 16kB) (+621ms) (3021/4055)
11:41:52   ▶ /_astro/luis-machado-nCGl8FrGHb0-unsplash-1-scaled-1.mRSuwKb5_1dTs6C.jpg (before: 340kB, after: 201kB) (+561ms) (3022/4055)
11:41:52   ▶ /_astro/Symptoms-of-TMJ-disorder.Ckx1Qzdh_Z1kiJeV.avif (before: 22kB, after: 2kB) (+656ms) (3023/4055)
11:41:52   ▶ /_astro/women-smiling-while-laying-on-lawn-field.BQ-DbDMY_ZIhGrD.avif (before: 39kB, after: 13kB) (+996ms) (3024/4055)
11:41:53   ▶ /_astro/person-wearing-silver-colored-ring-while-holding-denture-1.FYfPFinS_1bhehj.jpg (before: 28kB, after: 30kB) (+496ms) (3025/4055)
11:41:53   ▶ /_astro/Wisdom-Tooth-Pain.BPstnuaz_ZCmz9W.avif (before: 18kB, after: 4kB) (+798ms) (3026/4055)
11:41:53   ▶ /_astro/Benefits-of-Flossing-Your-Teeth.BV-GYnpJ_Z1Kz0Q0.avif (before: 24kB, after: 2kB) (+852ms) (3027/4055)
11:41:53   ▶ /_astro/Healthy-Smiles-This-Halloween-1.CNPi-dY9_Z1MbxtS.jpg (before: 42kB, after: 24kB) (+422ms) (3028/4055)
11:41:53   ▶ /_astro/matthew-poetker-nWZs_SnBDmg-unsplash-1-scaled-1.Wkyh28ZO_Z1p6yQT.avif (before: 134kB, after: 12kB) (+5.15s) (3029/4055)
11:41:53   ▶ /_astro/closeup-photography-of-woman-smiling-1.ZNkxOzN-_9v2DX.jpg (before: 50kB, after: 30kB) (+425ms) (3030/4055)
11:41:53   ▶ /_astro/Electric-vs-Regular-Toothbrush-1.BRFVN6wZ_2ogcxl.jpg (before: 23kB, after: 19kB) (+433ms) (3031/4055)
11:41:53   ▶ /_astro/spatablet.BPfBZXyG_ZSLtJ7.jpg (before: 168kB, after: 140kB) (+572ms) (3032/4055)
11:41:53   ▶ /_astro/luis-machado-nCGl8FrGHb0-unsplash-1-scaled-1.mRSuwKb5_1P2j0N.jpg (before: 340kB, after: 15kB) (+556ms) (3033/4055)
11:41:53   ▶ /_astro/daniel-frank-wKbWAMlHgNo-unsplash-1-scaled-1.BIJPweHJ_jaAHH.jpg (before: 261kB, after: 225kB) (+715ms) (3034/4055)
11:41:53   ▶ /_astro/person-wearing-silver-colored-ring-while-holding-denture-1.FYfPFinS_ZcoH0F.jpg (before: 28kB, after: 10kB) (+505ms) (3035/4055)
11:41:53   ▶ /_astro/Symptoms-of-TMJ-disorder.Ckx1Qzdh_ZdQ7th.avif (before: 22kB, after: 3kB) (+782ms) (3036/4055)
11:41:53   ▶ /_astro/Wisdom-Tooth-Pain.BPstnuaz_Z1iaQ1o.avif (before: 18kB, after: 2kB) (+545ms) (3037/4055)
11:41:53   ▶ /_astro/Healthy-Smiles-This-Halloween-1.CNPi-dY9_ZBL1Wz.jpg (before: 42kB, after: 43kB) (+407ms) (3038/4055)
11:41:53   ▶ /_astro/women-smiling-while-laying-on-lawn-field.BQ-DbDMY_1SdP1C.avif (before: 39kB, after: 6kB) (+662ms) (3039/4055)
11:41:53   ▶ /_astro/closeup-photography-of-woman-smiling-1.ZNkxOzN-_1vABiK.jpg (before: 50kB, after: 45kB) (+437ms) (3040/4055)
11:41:53   ▶ /_astro/matthew-poetker-nWZs_SnBDmg-unsplash-1-scaled-1.Wkyh28ZO_2hCQpR.jpg (before: 134kB, after: 108kB) (+439ms) (3041/4055)
11:41:53   ▶ /_astro/Benefits-of-Flossing-Your-Teeth.BV-GYnpJ_Z15KSXj.avif (before: 24kB, after: 4kB) (+510ms) (3042/4055)
11:41:54   ▶ /_astro/luis-machado-nCGl8FrGHb0-unsplash-1-scaled-1.mRSuwKb5_cyR2L.jpg (before: 340kB, after: 28kB) (+867ms) (3043/4055)
11:41:54   ▶ /_astro/daniel-frank-wKbWAMlHgNo-unsplash-1-scaled-1.BIJPweHJ_ZGQvsP.jpg (before: 261kB, after: 13kB) (+809ms) (3044/4055)
11:41:54   ▶ /_astro/Symptoms-of-TMJ-disorder.Ckx1Qzdh_JiTI3.jpg (before: 22kB, after: 16kB) (+710ms) (3045/4055)
11:41:54   ▶ /_astro/Electric-vs-Regular-Toothbrush-1.BRFVN6wZ_1Iruy9.avif (before: 23kB, after: 2kB) (+1.10s) (3046/4055)
11:41:54   ▶ /_astro/person-wearing-silver-colored-ring-while-holding-denture-1.FYfPFinS_Z24qGM8.jpg (before: 28kB, after: 17kB) (+754ms) (3047/4055)
11:41:54   ▶ /_astro/Healthy-Smiles-This-Halloween-1.CNPi-dY9_Z2cUFsj.avif (before: 42kB, after: 9kB) (+709ms) (3048/4055)
11:41:54   ▶ /_astro/Wisdom-Tooth-Pain.BPstnuaz_Z1ceDCF.avif (before: 18kB, after: 3kB) (+819ms) (3049/4055)
11:41:54   ▶ /_astro/matthew-poetker-nWZs_SnBDmg-unsplash-1-scaled-1.Wkyh28ZO_Z2wYk1E.jpg (before: 134kB, after: 11kB) (+781ms) (3050/4055)
11:41:54   ▶ /_astro/Benefits-of-Flossing-Your-Teeth.BV-GYnpJ_1DXV8U.jpg (before: 24kB, after: 16kB) (+800ms) (3051/4055)
11:41:54   ▶ /_astro/women-smiling-while-laying-on-lawn-field.BQ-DbDMY_Z15Aqi5.avif (before: 39kB, after: 10kB) (+1.04s) (3052/4055)
11:41:54   ▶ /_astro/luis-machado-nCGl8FrGHb0-unsplash-1-scaled-1.mRSuwKb5_Z13Axu6.jpg (before: 340kB, after: 43kB) (+439ms) (3053/4055)
11:41:54   ▶ /_astro/daniel-frank-wKbWAMlHgNo-unsplash-1-scaled-1.BIJPweHJ_Z2kjWqR.jpg (before: 261kB, after: 25kB) (+405ms) (3054/4055)
11:41:54   ▶ /_astro/Symptoms-of-TMJ-disorder.Ckx1Qzdh_2fsl3d.jpg (before: 22kB, after: 4kB) (+394ms) (3055/4055)
11:41:54   ▶ /_astro/closeup-photography-of-woman-smiling-1.ZNkxOzN-_JpgTT.avif (before: 50kB, after: 8kB) (+1.07s) (3056/4055)
11:41:54   ▶ /_astro/person-wearing-silver-colored-ring-while-holding-denture-1.FYfPFinS_Z1ayUrx.jpg (before: 28kB, after: 26kB) (+394ms) (3057/4055)
11:41:54   ▶ /_astro/Wisdom-Tooth-Pain.BPstnuaz_Z2oXhCz.jpg (before: 18kB, after: 15kB) (+294ms) (3058/4055)
11:41:54   ▶ /_astro/Electric-vs-Regular-Toothbrush-1.BRFVN6wZ_2hcXdy.avif (before: 23kB, after: 1kB) (+406ms) (3059/4055)
11:41:54   ▶ /_astro/Benefits-of-Flossing-Your-Teeth.BV-GYnpJ_uKeR4.jpg (before: 24kB, after: 7kB) (+337ms) (3060/4055)
11:41:54   ▶ /_astro/matthew-poetker-nWZs_SnBDmg-unsplash-1-scaled-1.Wkyh28ZO_2c2T5f.jpg (before: 134kB, after: 20kB) (+583ms) (3061/4055)
11:41:55   ▶ /_astro/women-smiling-while-laying-on-lawn-field.BQ-DbDMY_1fMY7x.jpg (before: 39kB, after: 27kB) (+536ms) (3062/4055)
11:41:55   ▶ /_astro/Healthy-Smiles-This-Halloween-1.CNPi-dY9_ebmCT.avif (before: 42kB, after: 4kB) (+890ms) (3063/4055)
11:41:55   ▶ /_astro/Symptoms-of-TMJ-disorder.Ckx1Qzdh_1CD6pb.jpg (before: 22kB, after: 9kB) (+498ms) (3064/4055)
11:41:55   ▶ /_astro/daniel-frank-wKbWAMlHgNo-unsplash-1-scaled-1.BIJPweHJ_1tGKPc.jpg (before: 261kB, after: 39kB) (+500ms) (3065/4055)
11:41:55   ▶ /_astro/luis-machado-nCGl8FrGHb0-unsplash-1-scaled-1.mRSuwKb5_ZMG88b.jpg (before: 340kB, after: 81kB) (+524ms) (3066/4055)
11:41:55   ▶ /_astro/Wisdom-Tooth-Pain.BPstnuaz_20pzjU.jpg (before: 18kB, after: 5kB) (+516ms) (3067/4055)
11:41:55   ▶ /_astro/closeup-photography-of-woman-smiling-1.ZNkxOzN-_aNAiJ.avif (before: 50kB, after: 3kB) (+526ms) (3068/4055)
11:41:55   ▶ /_astro/Benefits-of-Flossing-Your-Teeth.BV-GYnpJ_1aylJK.jpg (before: 24kB, after: 14kB) (+523ms) (3069/4055)
11:41:55   ▶ /_astro/Electric-vs-Regular-Toothbrush-1.BRFVN6wZ_Z2aM8XN.avif (before: 23kB, after: 1kB) (+870ms) (3070/4055)
11:41:55   ▶ /_astro/women-smiling-while-laying-on-lawn-field.BQ-DbDMY_Z1cRCd8.jpg (before: 39kB, after: 10kB) (+439ms) (3071/4055)
11:41:55   ▶ /_astro/person-wearing-silver-colored-ring-while-holding-denture-1.FYfPFinS_2q8yJj.avif (before: 28kB, after: 6kB) (+912ms) (3072/4055)
11:41:55   ▶ /_astro/matthew-poetker-nWZs_SnBDmg-unsplash-1-scaled-1.Wkyh28ZO_Z27kOby.jpg (before: 134kB, after: 30kB) (+612ms) (3073/4055)
11:41:55   ▶ /_astro/Symptoms-of-TMJ-disorder.Ckx1Qzdh_Z2l6pD6.jpg (before: 22kB, after: 14kB) (+417ms) (3074/4055)
11:41:55   ▶ /_astro/daniel-frank-wKbWAMlHgNo-unsplash-1-scaled-1.BIJPweHJ_1PCvSW.jpg (before: 261kB, after: 74kB) (+416ms) (3075/4055)
11:41:55   ▶ /_astro/Healthy-Smiles-This-Halloween-1.CNPi-dY9_16IjPK.avif (before: 42kB, after: 7kB) (+418ms) (3076/4055)
11:41:55   ▶ /_astro/Wisdom-Tooth-Pain.BPstnuaz_26lLHD.jpg (before: 18kB, after: 11kB) (+638ms) (3077/4055)
11:41:56   ▶ /_astro/luis-machado-nCGl8FrGHb0-unsplash-1-scaled-1.mRSuwKb5_55Q9Y.jpg (before: 340kB, after: 124kB) (+958ms) (3078/4055)
11:41:56   ▶ /_astro/spatablet.BPfBZXyG_uCMGn.avif (before: 168kB, after: 41kB) (+2.96s) (3079/4055)
11:41:56   ▶ /_astro/women-smiling-while-laying-on-lawn-field.BQ-DbDMY_Sufh6.jpg (before: 39kB, after: 20kB) (+551ms) (3080/4055)
11:41:56   ▶ /_astro/closeup-photography-of-woman-smiling-1.ZNkxOzN-_Z6J0k.avif (before: 50kB, after: 4kB) (+938ms) (3081/4055)
11:41:56   ▶ /_astro/Electric-vs-Regular-Toothbrush-1.BRFVN6wZ_Z3MV8i.avif (before: 23kB, after: 1kB) (+583ms) (3082/4055)
11:41:56   ▶ /_astro/person-wearing-silver-colored-ring-while-holding-denture-1.FYfPFinS_wCMlJ.avif (before: 28kB, after: 2kB) (+565ms) (3083/4055)
11:41:56   ▶ /_astro/matthew-poetker-nWZs_SnBDmg-unsplash-1-scaled-1.Wkyh28ZO_Z25Ehuu.jpg (before: 134kB, after: 54kB) (+565ms) (3084/4055)
11:41:56   ▶ /_astro/daniel-frank-wKbWAMlHgNo-unsplash-1-scaled-1.BIJPweHJ_Z2lLCBO.jpg (before: 261kB, after: 120kB) (+1.09s) (3085/4055)
11:41:57   ▶ /_astro/Healthy-Smiles-This-Halloween-1.CNPi-dY9_3ozfK.jpg (before: 42kB, after: 20kB) (+1.81s) (3086/4055)
11:41:57   ▶ /_astro/woman-wearing-invisalign.1QOXVaSk_ZD1Edj.avif (before: 33kB, after: 7kB) (+2.17s) (3087/4055)
11:41:58   ▶ /_astro/spatablet.BPfBZXyG_ZQQ2Op.avif (before: 168kB, after: 4kB) (+1.95s) (3088/4055)
11:41:58   ▶ /_astro/closeup-photography-of-woman-smiling-1.ZNkxOzN-_77v2c.avif (before: 50kB, after: 6kB) (+1.95s) (3089/4055)
11:41:58   ▶ /_astro/Electric-vs-Regular-Toothbrush-1.BRFVN6wZ_Z2qfKH8.jpg (before: 23kB, after: 9kB) (+1.95s) (3090/4055)
11:41:58   ▶ /_astro/smiling-woman-standing-beside-plant-1.C9TghpMh_3loSB.avif (before: 32kB, after: 9kB) (+2.53s) (3091/4055)
11:41:58   ▶ /_astro/person-wearing-silver-colored-ring-while-holding-denture-1.FYfPFinS_9J9sA.avif (before: 28kB, after: 3kB) (+1.97s) (3092/4055)
11:41:58   ▶ /_astro/matthew-poetker-nWZs_SnBDmg-unsplash-1-scaled-1.Wkyh28ZO_Ut96c.jpg (before: 134kB, after: 81kB) (+2.38s) (3093/4055)
11:41:59   ▶ /_astro/Travel-Tips-for-Your-Teeth-1.luRuikr8_ZhPw8v.avif (before: 90kB, after: 33kB) (+3.24s) (3094/4055)
11:41:59   ▶ /_astro/Healthy-Smiles-This-Halloween-1.CNPi-dY9_2uvClX.jpg (before: 42kB, after: 10kB) (+1.93s) (3095/4055)
11:41:59   ▶ /_astro/woman-wearing-invisalign.1QOXVaSk_ZKjQyt.avif (before: 33kB, after: 4kB) (+2.01s) (3096/4055)
11:41:59   ▶ /_astro/spatablet.BPfBZXyG_1OsL8u.avif (before: 168kB, after: 9kB) (+1.55s) (3097/4055)
11:41:59   ▶ /_astro/closeup-photography-of-woman-smiling-1.ZNkxOzN-_ZOJlXq.jpg (before: 50kB, after: 31kB) (+1.55s) (3098/4055)
11:41:59   ▶ /_astro/Electric-vs-Regular-Toothbrush-1.BRFVN6wZ_VDfH.jpg (before: 23kB, after: 3kB) (+1.55s) (3099/4055)
11:41:59   ▶ /_astro/luis-machado-nCGl8FrGHb0-unsplash-1-scaled-1.mRSuwKb5_ZYBCGa.avif (before: 340kB, after: 19kB) (+3.55s) (3100/4055)
11:41:59   ▶ /_astro/smiling-woman-standing-beside-plant-1.C9TghpMh_ZhjeCu.avif (before: 32kB, after: 5kB) (+1.56s) (3101/4055)
11:41:59   ▶ /_astro/person-wearing-silver-colored-ring-while-holding-denture-1.FYfPFinS_BYHtc.avif (before: 28kB, after: 4kB) (+1.63s) (3102/4055)
11:42:00   ▶ /_astro/kid-brushing-her-teeth-1.lP4eQaZQ_ZYXf4Y.avif (before: 35kB, after: 11kB) (+3.99s) (3103/4055)
11:42:00   ▶ /_astro/Healthy-Smiles-This-Halloween-1.CNPi-dY9_Z1H8yf7.jpg (before: 42kB, after: 18kB) (+1.05s) (3104/4055)
11:42:00   ▶ /_astro/daniel-frank-wKbWAMlHgNo-unsplash-1-scaled-1.BIJPweHJ_1DH1kX.avif (before: 261kB, after: 19kB) (+3.77s) (3105/4055)
11:42:00   ▶ /_astro/Travel-Tips-for-Your-Teeth-1.luRuikr8_RN8g2.avif (before: 90kB, after: 7kB) (+1.76s) (3106/4055)
11:42:00   ▶ /_astro/closeup-photography-of-woman-smiling-1.ZNkxOzN-_Z2unS6O.jpg (before: 50kB, after: 8kB) (+1.19s) (3107/4055)
11:42:00   ▶ /_astro/Electric-vs-Regular-Toothbrush-1.BRFVN6wZ_D8ERh.jpg (before: 23kB, after: 5kB) (+1.19s) (3108/4055)
11:42:00   ▶ /_astro/woman-wearing-invisalign.1QOXVaSk_Z1BsawG.avif (before: 33kB, after: 6kB) (+1.32s) (3109/4055)
11:42:00   ▶ /_astro/luis-machado-nCGl8FrGHb0-unsplash-1-scaled-1.mRSuwKb5_HcSHK.avif (before: 340kB, after: 2kB) (+1.16s) (3110/4055)
11:42:00   ▶ /_astro/person-wearing-silver-colored-ring-while-holding-denture-1.FYfPFinS_ZB5yW9.jpg (before: 28kB, after: 21kB) (+1.13s) (3111/4055)
11:42:00   ▶ /_astro/spatablet.BPfBZXyG_Z1Y90Br.avif (before: 168kB, after: 14kB) (+1.31s) (3112/4055)
11:42:01   ▶ /_astro/smiling-woman-standing-beside-plant-1.C9TghpMh_ZMy7bI.avif (before: 32kB, after: 8kB) (+1.81s) (3113/4055)
11:42:01   ▶ /_astro/kid-brushing-her-teeth-1.lP4eQaZQ_2gp7S1.avif (before: 35kB, after: 5kB) (+1.40s) (3114/4055)
11:42:01   ▶ /_astro/daniel-frank-wKbWAMlHgNo-unsplash-1-scaled-1.BIJPweHJ_Z1OFUKS.avif (before: 261kB, after: 3kB) (+1.08s) (3115/4055)
11:42:01   ▶ /_astro/closeup-photography-of-woman-smiling-1.ZNkxOzN-_2oRUo3.jpg (before: 50kB, after: 15kB) (+702ms) (3116/4055)
11:42:01   ▶ /_astro/Electric-vs-Regular-Toothbrush-1.BRFVN6wZ_Z2k4g69.jpg (before: 23kB, after: 7kB) (+701ms) (3117/4055)
11:42:01   ▶ /_astro/woman-wearing-invisalign.1QOXVaSk_2jUbqN.jpg (before: 33kB, after: 28kB) (+702ms) (3118/4055)
11:42:01   ▶ /_astro/Travel-Tips-for-Your-Teeth-1.luRuikr8_6ESVF.avif (before: 90kB, after: 13kB) (+706ms) (3119/4055)
11:42:01   ▶ /_astro/luis-machado-nCGl8FrGHb0-unsplash-1-scaled-1.mRSuwKb5_BMk0S.avif (before: 340kB, after: 3kB) (+731ms) (3120/4055)
11:42:02   ▶ /_astro/person-wearing-silver-colored-ring-while-holding-denture-1.FYfPFinS_Z1GpM6t.jpg (before: 28kB, after: 6kB) (+1.33s) (3121/4055)
11:42:02   ▶ /_astro/smiling-woman-standing-beside-plant-1.C9TghpMh_Z1aWtcA.jpg (before: 32kB, after: 32kB) (+1.02s) (3122/4055)
11:42:02   ▶ /_astro/matthew-poetker-nWZs_SnBDmg-unsplash-1-scaled-1.Wkyh28ZO_1O7Hq7.avif (before: 134kB, after: 9kB) (+4.01s) (3123/4055)
11:42:02   ▶ /_astro/kid-brushing-her-teeth-1.lP4eQaZQ_ZOm9O2.avif (before: 35kB, after: 7kB) (+1.05s) (3124/4055)
11:42:02   ▶ /_astro/closeup-photography-of-woman-smiling-1.ZNkxOzN-_2w7aqz.jpg (before: 50kB, after: 22kB) (+1.04s) (3125/4055)
11:42:02   ▶ /_astro/woman-wearing-invisalign.1QOXVaSk_2cBY5D.jpg (before: 33kB, after: 13kB) (+1.04s) (3126/4055)
11:42:02   ▶ /_astro/spatablet.BPfBZXyG_jlNz1.avif (before: 168kB, after: 27kB) (+1.63s) (3127/4055)
11:42:02   ▶ /_astro/Toothpicks.C1KZda4Y_Z17ieyu.avif (before: 84kB, after: 33kB) (+2.26s) (3128/4055)
11:42:02   ▶ /_astro/daniel-frank-wKbWAMlHgNo-unsplash-1-scaled-1.BIJPweHJ_Z1U6usK.avif (before: 261kB, after: 4kB) (+1.42s) (3129/4055)
11:42:02   ▶ /_astro/person-wearing-silver-colored-ring-while-holding-denture-1.FYfPFinS_Z24jpYC.jpg (before: 28kB, after: 10kB) (+735ms) (3130/4055)
11:42:03   ▶ /_astro/smiling-woman-standing-beside-plant-1.C9TghpMh_Z1vC7IG.jpg (before: 32kB, after: 16kB) (+590ms) (3131/4055)
11:42:03   ▶ /_astro/matthew-poetker-nWZs_SnBDmg-unsplash-1-scaled-1.Wkyh28ZO_Z2qmETe.avif (before: 134kB, after: 1kB) (+1.46s) (3132/4055)
11:42:04   ▶ /_astro/luis-machado-nCGl8FrGHb0-unsplash-1-scaled-1.mRSuwKb5_2iDq7N.avif (before: 340kB, after: 5kB) (+2.49s) (3133/4055)
11:42:04   ▶ /_astro/woman-wearing-invisalign.1QOXVaSk_1ltF7q.jpg (before: 33kB, after: 25kB) (+1.47s) (3134/4055)
11:42:04   ▶ /_astro/spatablet.BPfBZXyG_1stSA6.jpg (before: 168kB, after: 101kB) (+1.47s) (3135/4055)
11:42:04   ▶ /_astro/Toothpicks.C1KZda4Y_Z2ahdhW.avif (before: 84kB, after: 10kB) (+1.46s) (3136/4055)
11:42:04   ▶ /_astro/Travel-Tips-for-Your-Teeth-1.luRuikr8_CcE0h.avif (before: 90kB, after: 21kB) (+2.82s) (3137/4055)
11:42:04   ▶ /_astro/daniel-frank-wKbWAMlHgNo-unsplash-1-scaled-1.BIJPweHJ_ZefolP.avif (before: 261kB, after: 6kB) (+1.40s) (3138/4055)
11:42:04   ▶ /_astro/person-wearing-silver-colored-ring-while-holding-denture-1.FYfPFinS_Z1B3QY1.jpg (before: 28kB, after: 15kB) (+1.40s) (3139/4055)
11:42:04   ▶ /_astro/smiling-woman-standing-beside-plant-1.C9TghpMh_Z21R0hU.jpg (before: 32kB, after: 28kB) (+1.54s) (3140/4055)
11:42:04   ▶ /_astro/matthew-poetker-nWZs_SnBDmg-unsplash-1-scaled-1.Wkyh28ZO_Z28vU5e.avif (before: 134kB, after: 2kB) (+744ms) (3141/4055)
11:42:04   ▶ /_astro/TD_April2018Blog_BadBreath-1080x675-1024x640-1.XkUJHgKF_1z45ps.avif (before: 45kB, after: 10kB) (+3.21s) (3142/4055)
11:42:04   ▶ /_astro/kid-brushing-her-teeth-1.lP4eQaZQ_ZAhIzo.avif (before: 35kB, after: 10kB) (+2.17s) (3143/4055)
11:42:04   ▶ /_astro/spatablet.BPfBZXyG_Z290mBU.jpg (before: 168kB, after: 9kB) (+694ms) (3144/4055)
11:42:05   ▶ /_astro/broken-cigarette-1.BIWEOL8B_ZKD88l.avif (before: 32kB, after: 8kB) (+2.63s) (3145/4055)
11:42:05   ▶ /_astro/woman-wearing-invisalign.1QOXVaSk_Z1KJYgC.avif (before: 33kB, after: 5kB) (+1.46s) (3146/4055)
11:42:05   ▶ /_astro/Travel-Tips-for-Your-Teeth-1.luRuikr8_ZdnjOn.jpg (before: 90kB, after: 96kB) (+1.16s) (3147/4055)
11:42:05   ▶ /_astro/smiling-woman-standing-beside-plant-1.C9TghpMh_sLBXh.avif (before: 32kB, after: 5kB) (+937ms) (3148/4055)
11:42:05   ▶ /_astro/luis-machado-nCGl8FrGHb0-unsplash-1-scaled-1.mRSuwKb5_Z1EGD9L.avif (before: 340kB, after: 7kB) (+1.53s) (3149/4055)
11:42:05   ▶ /_astro/matthew-poetker-nWZs_SnBDmg-unsplash-1-scaled-1.Wkyh28ZO_5YiIH.avif (before: 134kB, after: 3kB) (+1.01s) (3150/4055)
11:42:05   ▶ /_astro/daniel-frank-wKbWAMlHgNo-unsplash-1-scaled-1.BIJPweHJ_XC0Rm.avif (before: 261kB, after: 8kB) (+1.40s) (3151/4055)
11:42:05   ▶ /_astro/Toothpicks.C1KZda4Y_10vU63.avif (before: 84kB, after: 20kB) (+1.66s) (3152/4055)
11:42:05   ▶ /_astro/Bad-Breath-1.i3oDUo46_Z1IXDLw.avif (before: 15kB, after: 5kB) (+1.48s) (3153/4055)
11:42:05   ▶ /_astro/kid-brushing-her-teeth-1.lP4eQaZQ_Zz9Aqf.jpg (before: 35kB, after: 40kB) (+1.12s) (3154/4055)
11:42:05   ▶ /_astro/spatablet.BPfBZXyG_xjrkY.jpg (before: 168kB, after: 18kB) (+1.16s) (3155/4055)
11:42:05   ▶ /_astro/Travel-Tips-for-Your-Teeth-1.luRuikr8_xV85y.jpg (before: 90kB, after: 18kB) (+396ms) (3156/4055)
11:42:06   ▶ /_astro/woman-wearing-invisalign.1QOXVaSk_Z2fnmof.avif (before: 33kB, after: 2kB) (+1.01s) (3157/4055)
11:42:06   ▶ /_astro/TD_April2018Blog_BadBreath-1080x675-1024x640-1.XkUJHgKF_1hmnHD.avif (before: 45kB, after: 4kB) (+1.82s) (3158/4055)
11:42:06   ▶ /_astro/broken-cigarette-1.BIWEOL8B_Z2jt4Wp.avif (before: 32kB, after: 4kB) (+1.46s) (3159/4055)
11:42:06   ▶ /_astro/smiling-woman-standing-beside-plant-1.C9TghpMh_2gxgG.avif (before: 32kB, after: 3kB) (+1.09s) (3160/4055)
11:42:06   ▶ /_astro/Toothpicks.C1KZda4Y_Z2orym0.jpg (before: 84kB, after: 87kB) (+924ms) (3161/4055)
11:42:06   ▶ /_astro/Bad-Breath-1.i3oDUo46_Z2vWUp.avif (before: 15kB, after: 3kB) (+899ms) (3162/4055)
11:42:07   ▶ /_astro/kid-brushing-her-teeth-1.lP4eQaZQ_Z2nXmhb.jpg (before: 35kB, after: 13kB) (+1.29s) (3163/4055)
11:42:07   ▶ /_astro/matthew-poetker-nWZs_SnBDmg-unsplash-1-scaled-1.Wkyh28ZO_Z1etHBT.avif (before: 134kB, after: 4kB) (+1.70s) (3164/4055)
11:42:07   ▶ /_astro/spatablet.BPfBZXyG_1NSNoY.jpg (before: 168kB, after: 30kB) (+1.54s) (3165/4055)
11:42:07   ▶ /_astro/Travel-Tips-for-Your-Teeth-1.luRuikr8_Zdc6dN.jpg (before: 90kB, after: 40kB) (+1.60s) (3166/4055)
11:42:07   ▶ /_astro/woman-wearing-invisalign.1QOXVaSk_fiShw.avif (before: 33kB, after: 4kB) (+999ms) (3167/4055)
11:42:07   ▶ /_astro/TD_April2018Blog_BadBreath-1080x675-1024x640-1.XkUJHgKF_ZqDeN9.avif (before: 45kB, after: 6kB) (+1.08s) (3168/4055)
11:42:07   ▶ /_astro/luis-machado-nCGl8FrGHb0-unsplash-1-scaled-1.mRSuwKb5_ZNkLxF.avif (before: 340kB, after: 10kB) (+2.07s) (3169/4055)
11:42:07   ▶ /_astro/broken-cigarette-1.BIWEOL8B_Z1ofx6g.avif (before: 32kB, after: 6kB) (+975ms) (3170/4055)
11:42:07   ▶ /_astro/Toothpicks.C1KZda4Y_1CKAIt.jpg (before: 84kB, after: 26kB) (+1.01s) (3171/4055)
11:42:07   ▶ /_astro/Bad-Breath-1.i3oDUo46_Z2kGvRL.jpg (before: 15kB, after: 14kB) (+988ms) (3172/4055)
11:42:07   ▶ /_astro/kid-brushing-her-teeth-1.lP4eQaZQ_Zoxvai.jpg (before: 35kB, after: 25kB) (+572ms) (3173/4055)
11:42:07   ▶ /_astro/daniel-frank-wKbWAMlHgNo-unsplash-1-scaled-1.BIJPweHJ_1OXRts.avif (before: 261kB, after: 11kB) (+1.99s) (3174/4055)
11:42:07   ▶ /_astro/spatablet.BPfBZXyG_1hcTsJ.jpg (before: 168kB, after: 61kB) (+458ms) (3175/4055)
11:42:08   ▶ /_astro/woman-wearing-invisalign.1QOXVaSk_1cbQnu.jpg (before: 33kB, after: 20kB) (+512ms) (3176/4055)
11:42:08   ▶ /_astro/smiling-woman-standing-beside-plant-1.C9TghpMh_ZS8bDq.avif (before: 32kB, after: 4kB) (+1.44s) (3177/4055)
11:42:08   ▶ /_astro/Travel-Tips-for-Your-Teeth-1.luRuikr8_ikDON.jpg (before: 90kB, after: 65kB) (+602ms) (3178/4055)
11:42:08   ▶ /_astro/broken-cigarette-1.BIWEOL8B_2wWicX.jpg (before: 32kB, after: 32kB) (+467ms) (3179/4055)
11:42:08   ▶ /_astro/Toothpicks.C1KZda4Y_ZgCoGs.jpg (before: 84kB, after: 53kB) (+432ms) (3180/4055)
11:42:08   ▶ /_astro/Bad-Breath-1.i3oDUo46_ZDeP1E.jpg (before: 15kB, after: 9kB) (+437ms) (3181/4055)
11:42:08   ▶ /_astro/luis-machado-nCGl8FrGHb0-unsplash-1-scaled-1.mRSuwKb5_aqDT.jpg (before: 340kB, after: 115kB) (+515ms) (3182/4055)
11:42:08   ▶ /_astro/kid-brushing-her-teeth-1.lP4eQaZQ_Zat4UE.jpg (before: 35kB, after: 37kB) (+425ms) (3183/4055)
11:42:09   ▶ /_astro/woman-wearing-invisalign.1QOXVaSk_HytfR.jpg (before: 33kB, after: 7kB) (+1.15s) (3184/4055)
11:42:09   ▶ /_astro/daniel-frank-wKbWAMlHgNo-unsplash-1-scaled-1.BIJPweHJ_Z2qH37T.jpg (before: 261kB, after: 138kB) (+1.46s) (3185/4055)
11:42:09   ▶ /_astro/smiling-woman-standing-beside-plant-1.C9TghpMh_ZKwg7U.jpg (before: 32kB, after: 18kB) (+1.09s) (3186/4055)
11:42:09   ▶ /_astro/broken-cigarette-1.BIWEOL8B_Y7lnT.jpg (before: 32kB, after: 14kB) (+1.09s) (3187/4055)
11:42:09   ▶ /_astro/Travel-Tips-for-Your-Teeth-1.luRuikr8_1iS3Nc.avif (before: 90kB, after: 19kB) (+1.09s) (3188/4055)
11:42:09   ▶ /_astro/matthew-poetker-nWZs_SnBDmg-unsplash-1-scaled-1.Wkyh28ZO_Ty6gi.avif (before: 134kB, after: 6kB) (+1.76s) (3189/4055)
11:42:09   ▶ /_astro/Home-whitening-vs.-In-Office-Whitening-1.4Wwo6OsA_2DpnX.avif (before: 41kB, after: 6kB) (+1.34s) (3190/4055)
11:42:09   ▶ /_astro/Toothpicks.C1KZda4Y_7MBMh.avif (before: 84kB, after: 20kB) (+1.16s) (3191/4055)
11:42:09   ▶ /_astro/luis-machado-nCGl8FrGHb0-unsplash-1-scaled-1.mRSuwKb5_23dDpP.jpg (before: 340kB, after: 7kB) (+1.12s) (3192/4055)
11:42:09   ▶ /_astro/woman-wearing-invisalign.1QOXVaSk_Z1QVoRi.jpg (before: 33kB, after: 13kB) (+456ms) (3193/4055)
11:42:09   ▶ /_astro/daniel-frank-wKbWAMlHgNo-unsplash-1-scaled-1.BIJPweHJ_ZtFb3N.jpg (before: 261kB, after: 7kB) (+504ms) (3194/4055)
11:42:09   ▶ /_astro/smiling-woman-standing-beside-plant-1.C9TghpMh_Z1c2kOv.jpg (before: 32kB, after: 8kB) (+502ms) (3195/4055)
11:42:09   ▶ /_astro/Bad-Breath-1.i3oDUo46_ZDVQkE.avif (before: 15kB, after: 2kB) (+1.55s) (3196/4055)
11:42:09   ▶ /_astro/broken-cigarette-1.BIWEOL8B_1TkSf3.jpg (before: 32kB, after: 25kB) (+503ms) (3197/4055)
11:42:09   ▶ /_astro/matthew-poetker-nWZs_SnBDmg-unsplash-1-scaled-1.Wkyh28ZO_1IHSor.jpg (before: 134kB, after: 66kB) (+503ms) (3198/4055)
11:42:09   ▶ /_astro/kid-brushing-her-teeth-1.lP4eQaZQ_1S1s5r.avif (before: 35kB, after: 7kB) (+1.55s) (3199/4055)
11:42:09   ▶ /_astro/Travel-Tips-for-Your-Teeth-1.luRuikr8_1274d6.avif (before: 90kB, after: 5kB) (+516ms) (3200/4055)
11:42:09   ▶ /_astro/luis-machado-nCGl8FrGHb0-unsplash-1-scaled-1.mRSuwKb5_1WN4HX.jpg (before: 340kB, after: 13kB) (+441ms) (3201/4055)
11:42:10   ▶ /_astro/TD_April2018Blog_BadBreath-1080x675-1024x640-1.XkUJHgKF_ZYSqEI.avif (before: 45kB, after: 9kB) (+2.62s) (3202/4055)
11:42:10   ▶ /_astro/Home-whitening-vs.-In-Office-Whitening-1.4Wwo6OsA_11Rohl.avif (before: 41kB, after: 4kB) (+1.02s) (3203/4055)
11:42:10   ▶ /_astro/smiling-woman-standing-beside-plant-1.C9TghpMh_Z27r4JC.jpg (before: 32kB, after: 14kB) (+557ms) (3204/4055)
11:42:10   ▶ /_astro/daniel-frank-wKbWAMlHgNo-unsplash-1-scaled-1.BIJPweHJ_Zz5JKF.jpg (before: 261kB, after: 13kB) (+560ms) (3205/4055)
11:42:10   ▶ /_astro/Bad-Breath-1.i3oDUo46_Z2lUoCY.avif (before: 15kB, after: 1kB) (+559ms) (3206/4055)
11:42:10   ▶ /_astro/matthew-poetker-nWZs_SnBDmg-unsplash-1-scaled-1.Wkyh28ZO_ZMtnUS.jpg (before: 134kB, after: 5kB) (+555ms) (3207/4055)
11:42:10   ▶ /_astro/Toothpicks.C1KZda4Y_1f5zzj.avif (before: 84kB, after: 6kB) (+989ms) (3208/4055)
11:42:10   ▶ /_astro/broken-cigarette-1.BIWEOL8B_Z20wy3j.avif (before: 32kB, after: 5kB) (+575ms) (3209/4055)
11:42:10   ▶ /_astro/luis-machado-nCGl8FrGHb0-unsplash-1-scaled-1.mRSuwKb5_Z1qwWY3.jpg (before: 340kB, after: 19kB) (+559ms) (3210/4055)
11:42:10   ▶ /_astro/kid-brushing-her-teeth-1.lP4eQaZQ_1KpKrx.avif (before: 35kB, after: 2kB) (+1.18s) (3211/4055)
11:42:10   ▶ /_astro/TD_April2018Blog_BadBreath-1080x675-1024x640-1.XkUJHgKF_Z2vkY3p.jpg (before: 45kB, after: 43kB) (+636ms) (3212/4055)
11:42:10   ▶ /_astro/daniel-frank-wKbWAMlHgNo-unsplash-1-scaled-1.BIJPweHJ_16Kllf.jpg (before: 261kB, after: 19kB) (+633ms) (3213/4055)
11:42:10   ▶ /_astro/Bad-Breath-1.i3oDUo46_Z1fEIqT.jpg (before: 15kB, after: 7kB) (+633ms) (3214/4055)
11:42:10   ▶ /_astro/Travel-Tips-for-Your-Teeth-1.luRuikr8_I2IN5.avif (before: 90kB, after: 8kB) (+1.18s) (3215/4055)
11:42:10   ▶ /_astro/matthew-poetker-nWZs_SnBDmg-unsplash-1-scaled-1.Wkyh28ZO_ZuCD6S.jpg (before: 134kB, after: 8kB) (+635ms) (3216/4055)
11:42:10   ▶ /_astro/broken-cigarette-1.BIWEOL8B_zXv1k.avif (before: 32kB, after: 3kB) (+703ms) (3217/4055)
11:42:10   ▶ /_astro/Home-whitening-vs.-In-Office-Whitening-1.4Wwo6OsA_tCFtq.avif (before: 41kB, after: 5kB) (+722ms) (3218/4055)
11:42:10   ▶ /_astro/luis-machado-nCGl8FrGHb0-unsplash-1-scaled-1.mRSuwKb5_ZETyNH.jpg (before: 340kB, after: 36kB) (+703ms) (3219/4055)
11:42:11   ▶ /_astro/Toothpicks.C1KZda4Y_Z18LJgI.avif (before: 84kB, after: 13kB) (+1.47s) (3220/4055)
11:42:11   ▶ /_astro/TD_April2018Blog_BadBreath-1080x675-1024x640-1.XkUJHgKF_2h9s3H.jpg (before: 45kB, after: 14kB) (+844ms) (3221/4055)
11:42:11   ▶ /_astro/daniel-frank-wKbWAMlHgNo-unsplash-1-scaled-1.BIJPweHJ_1Xp5dq.jpg (before: 261kB, after: 37kB) (+844ms) (3222/4055)
11:42:11   ▶ /_astro/Bad-Breath-1.i3oDUo46_27xR4H.jpg (before: 15kB, after: 4kB) (+844ms) (3223/4055)
11:42:11   ▶ /_astro/kid-brushing-her-teeth-1.lP4eQaZQ_13mbGi.avif (before: 35kB, after: 4kB) (+849ms) (3224/4055)
11:42:11   ▶ /_astro/matthew-poetker-nWZs_SnBDmg-unsplash-1-scaled-1.Wkyh28ZO_1IRzH3.jpg (before: 134kB, after: 12kB) (+845ms) (3225/4055)
11:42:11   ▶ /_astro/Travel-Tips-for-Your-Teeth-1.luRuikr8_1MohyG.avif (before: 90kB, after: 13kB) (+848ms) (3226/4055)
11:42:11   ▶ /_astro/broken-cigarette-1.BIWEOL8B_9IOuH.avif (before: 32kB, after: 4kB) (+762ms) (3227/4055)
11:42:11   ▶ /_astro/Home-whitening-vs.-In-Office-Whitening-1.4Wwo6OsA_21J5X9.jpg (before: 41kB, after: 28kB) (+761ms) (3228/4055)
11:42:12   ▶ /_astro/poor-dental-health-lead-to-liver-cancer-1.KYATHU1q_21JStS.avif (before: 88kB, after: 62kB) (+2.51s) (3229/4055)
11:42:12   ▶ /_astro/Toothpicks.C1KZda4Y_Z19lH0e.jpg (before: 84kB, after: 46kB) (+584ms) (3230/4055)
11:42:12   ▶ /_astro/TD_April2018Blog_BadBreath-1080x675-1024x640-1.XkUJHgKF_y8OwU.jpg (before: 45kB, after: 26kB) (+582ms) (3231/4055)
11:42:12   ▶ /_astro/luis-machado-nCGl8FrGHb0-unsplash-1-scaled-1.mRSuwKb5_brhMo.jpg (before: 340kB, after: 56kB) (+1.34s) (3232/4055)
11:42:12   ▶ /_astro/daniel-frank-wKbWAMlHgNo-unsplash-1-scaled-1.BIJPweHJ_Z2fqbYp.jpg (before: 261kB, after: 60kB) (+587ms) (3233/4055)
11:42:12   ▶ /_astro/Travel-Tips-for-Your-Teeth-1.luRuikr8_1nlg7k.jpg (before: 90kB, after: 50kB) (+609ms) (3234/4055)
11:42:12   ▶ /_astro/matthew-poetker-nWZs_SnBDmg-unsplash-1-scaled-1.Wkyh28ZO_Z1jSwDz.jpg (before: 134kB, after: 22kB) (+611ms) (3235/4055)
11:42:12   ▶ /_astro/Home-whitening-vs.-In-Office-Whitening-1.4Wwo6OsA_Z24e3Wp.jpg (before: 41kB, after: 13kB) (+610ms) (3236/4055)
11:42:12   ▶ /_astro/kid-brushing-her-teeth-1.lP4eQaZQ_Z2tKExb.avif (before: 35kB, after: 5kB) (+702ms) (3237/4055)
11:42:12   ▶ /_astro/broken-cigarette-1.BIWEOL8B_Z1dmdHD.avif (before: 32kB, after: 5kB) (+916ms) (3238/4055)
11:42:12   ▶ /_astro/Toothpicks.C1KZda4Y_Z23Jdc.jpg (before: 84kB, after: 13kB) (+389ms) (3239/4055)
11:42:12   ▶ /_astro/TD_April2018Blog_BadBreath-1080x675-1024x640-1.XkUJHgKF_Z6mjE.jpg (before: 45kB, after: 41kB) (+410ms) (3240/4055)
11:42:12   ▶ /_astro/Travel-Tips-for-Your-Teeth-1.luRuikr8_Hf42C.jpg (before: 90kB, after: 10kB) (+439ms) (3241/4055)
11:42:12   ▶ /_astro/matthew-poetker-nWZs_SnBDmg-unsplash-1-scaled-1.Wkyh28ZO_O9heC.jpg (before: 134kB, after: 33kB) (+439ms) (3242/4055)
11:42:12   ▶ /_astro/Home-whitening-vs.-In-Office-Whitening-1.4Wwo6OsA_2sIm3B.jpg (before: 41kB, after: 24kB) (+439ms) (3243/4055)
11:42:13   ▶ /_astro/kid-brushing-her-teeth-1.lP4eQaZQ_ZfkOau.jpg (before: 35kB, after: 19kB) (+1.04s) (3244/4055)
11:42:13   ▶ /_astro/poor-dental-health-lead-to-liver-cancer-1.KYATHU1q_oG8QW.avif (before: 88kB, after: 14kB) (+1.34s) (3245/4055)
11:42:13   ▶ /_astro/healthygums-1.BZyH2woA_Z1GBAnv.avif (before: 60kB, after: 18kB) (+3.23s) (3246/4055)
11:42:13   ▶ /_astro/broken-cigarette-1.BIWEOL8B_1i3Ri0.jpg (before: 32kB, after: 20kB) (+930ms) (3247/4055)
11:42:13   ▶ /_astro/Toothpicks.C1KZda4Y_Z2pV44e.jpg (before: 84kB, after: 27kB) (+932ms) (3248/4055)
11:42:14   ▶ /_astro/TD_April2018Blog_BadBreath-1080x675-1024x640-1.XkUJHgKF_2grIro.avif (before: 45kB, after: 6kB) (+1.34s) (3249/4055)
11:42:14   ▶ /_astro/Travel-Tips-for-Your-Teeth-1.luRuikr8_oaICB.jpg (before: 90kB, after: 21kB) (+1.88s) (3250/4055)
11:42:14   ▶ /_astro/Spoon-Of-Coconut-Oil-1.Bz4c2X6e_ZISyC3.avif (before: 60kB, after: 23kB) (+2.93s) (3251/4055)
11:42:14   ▶ /_astro/kid-brushing-her-teeth-1.lP4eQaZQ_2bep6h.jpg (before: 35kB, after: 6kB) (+1.45s) (3252/4055)
11:42:14   ▶ /_astro/Home-whitening-vs.-In-Office-Whitening-1.4Wwo6OsA_1dLEYb.avif (before: 41kB, after: 6kB) (+2.14s) (3253/4055)
11:42:14   ▶ /_astro/poor-dental-health-lead-to-liver-cancer-1.KYATHU1q_Z8xyUX.avif (before: 88kB, after: 32kB) (+1.45s) (3254/4055)
11:42:14   ▶ /_astro/healthygums-1.BZyH2woA_Z1kecyy.avif (before: 60kB, after: 7kB) (+1.45s) (3255/4055)
11:42:15   ▶ /_astro/broken-cigarette-1.BIWEOL8B_Z1bCcri.jpg (before: 32kB, after: 7kB) (+2.38s) (3256/4055)
11:42:16   ▶ /_astro/TD_April2018Blog_BadBreath-1080x675-1024x640-1.XkUJHgKF_Z2bgwcd.avif (before: 45kB, after: 2kB) (+2.23s) (3257/4055)
11:42:17   ▶ /_astro/Travel-Tips-for-Your-Teeth-1.luRuikr8_1swhod.jpg (before: 90kB, after: 34kB) (+2.68s) (3258/4055)
11:42:17   ▶ /_astro/dentists-watching-x-ray-1.C0VC6gIF_Z30Edl.avif (before: 46kB, after: 15kB) (+5.04s) (3259/4055)
11:42:17   ▶ /_astro/white-and-blue-toothbrush-with-blue-toothpaste-1.kojrqoST_18FDs4.avif (before: 25kB, after: 7kB) (+4.56s) (3260/4055)
11:42:17   ▶ /_astro/kid-brushing-her-teeth-1.lP4eQaZQ_1taPl2.jpg (before: 35kB, after: 11kB) (+2.73s) (3261/4055)
11:42:17   ▶ /_astro/Home-whitening-vs.-In-Office-Whitening-1.4Wwo6OsA_1n6XiP.avif (before: 41kB, after: 2kB) (+2.73s) (3262/4055)
11:42:17   ▶ /_astro/Spoon-Of-Coconut-Oil-1.Bz4c2X6e_Z1Xrymv.avif (before: 60kB, after: 10kB) (+2.99s) (3263/4055)
11:42:17   ▶ /_astro/healthygums-1.BZyH2woA_2uzMcA.avif (before: 60kB, after: 11kB) (+2.73s) (3264/4055)
11:42:17   ▶ /_astro/broken-cigarette-1.BIWEOL8B_Z1BQRWU.jpg (before: 32kB, after: 13kB) (+1.90s) (3265/4055)
11:42:18   ▶ /_astro/TD_April2018Blog_BadBreath-1080x675-1024x640-1.XkUJHgKF_Z1RBnRk.avif (before: 45kB, after: 3kB) (+1.71s) (3266/4055)
11:42:18   ▶ /_astro/iStock-609685270.BDYbo86i_1njEho.avif (before: 130kB, after: 34kB) (+4.70s) (3267/4055)
11:42:18   ▶ /_astro/Missing-Teeth-1-scaled.B4J-j1kf_Z2l9twT.avif (before: 277kB, after: 17kB) (+6.01s) (3268/4055)
11:42:18   ▶ /_astro/kid-brushing-her-teeth-1.lP4eQaZQ_Z23W0Sr.jpg (before: 35kB, after: 17kB) (+1.06s) (3269/4055)
11:42:18   ▶ /_astro/dentists-watching-x-ray-1.C0VC6gIF_24cQOU.avif (before: 46kB, after: 6kB) (+1.36s) (3270/4055)
11:42:18   ▶ /_astro/white-and-blue-toothbrush-with-blue-toothpaste-1.kojrqoST_Z6VYli.avif (before: 25kB, after: 3kB) (+1.36s) (3271/4055)
11:42:18   ▶ /_astro/Home-whitening-vs.-In-Office-Whitening-1.4Wwo6OsA_Z1AHi0R.avif (before: 41kB, after: 3kB) (+1.06s) (3272/4055)
11:42:18   ▶ /_astro/poor-dental-health-lead-to-liver-cancer-1.KYATHU1q_Z1N6Yin.avif (before: 88kB, after: 53kB) (+3.78s) (3273/4055)
11:42:19   ▶ /_astro/broken-cigarette-1.BIWEOL8B_25ecCF.jpg (before: 32kB, after: 19kB) (+1.27s) (3274/4055)
11:42:19   ▶ /_astro/Spoon-Of-Coconut-Oil-1.Bz4c2X6e_2fBgtd.avif (before: 60kB, after: 15kB) (+1.51s) (3275/4055)
11:42:19   ▶ /_astro/TD_April2018Blog_BadBreath-1080x675-1024x640-1.XkUJHgKF_Z2tF6fk.avif (before: 45kB, after: 4kB) (+1.75s) (3276/4055)
11:42:19   ▶ /_astro/Missing-Teeth-1-scaled.B4J-j1kf_Z1cqbbO.avif (before: 277kB, after: 2kB) (+1.43s) (3277/4055)
11:42:20   ▶ /_astro/iStock-609685270.BDYbo86i_Z2uEWYD.avif (before: 130kB, after: 7kB) (+1.68s) (3278/4055)
11:42:20   ▶ /_astro/white-and-blue-toothbrush-with-blue-toothpaste-1.kojrqoST_Zs6T3k.avif (before: 25kB, after: 4kB) (+1.30s) (3279/4055)
11:42:20   ▶ /_astro/dentists-watching-x-ray-1.C0VC6gIF_IpeN2.avif (before: 46kB, after: 9kB) (+1.31s) (3280/4055)
11:42:20   ▶ /_astro/poor-dental-health-lead-to-liver-cancer-1.KYATHU1q_Z14lyJR.jpg (before: 88kB, after: 114kB) (+1.30s) (3281/4055)
11:42:20   ▶ /_astro/zahnreinigung_dental_repairs_treat_teeth_brushing_teeth_catching_teeth_dentist_dental_instruments_dentist_equipment-579991.DR0-94sp_SLnNu.avif (before: 66kB, after: 11kB) (+3.08s) (3282/4055)
11:42:20   ▶ /_astro/Home-whitening-vs.-In-Office-Whitening-1.4Wwo6OsA_1LqrLb.avif (before: 41kB, after: 4kB) (+1.73s) (3283/4055)
11:42:21   ▶ /_astro/healthygums-1.BZyH2woA_2fO0VG.avif (before: 60kB, after: 15kB) (+4.26s) (3284/4055)
11:42:22   ▶ /_astro/TD_April2018Blog_BadBreath-1080x675-1024x640-1.XkUJHgKF_Z2qv4z7.jpg (before: 45kB, after: 22kB) (+2.32s) (3285/4055)
11:42:22   ▶ /_astro/Missing-Teeth-1-scaled.B4J-j1kf_Z23yua2.avif (before: 277kB, after: 4kB) (+2.32s) (3286/4055)
11:42:22   ▶ /_astro/Screen-Shot-2018-12-28-at-1.07.33-PM.C4q_b7pT_p6nIo.avif (before: 82kB, after: 3kB) (+2.97s) (3287/4055)
11:42:22   ▶ /_astro/iStock-609685270.BDYbo86i_Z1zrq8u.avif (before: 130kB, after: 11kB) (+2.10s) (3288/4055)
11:42:22   ▶ /_astro/Spoon-Of-Coconut-Oil-1.Bz4c2X6e_vXKpa.avif (before: 60kB, after: 19kB) (+2.99s) (3289/4055)
11:42:22   ▶ /_astro/poor-dental-health-lead-to-liver-cancer-1.KYATHU1q_2nLOr8.jpg (before: 88kB, after: 26kB) (+2.14s) (3290/4055)
11:42:22   ▶ /_astro/white-and-blue-toothbrush-with-blue-toothpaste-1.kojrqoST_iGvtN.avif (before: 25kB, after: 6kB) (+2.38s) (3291/4055)
11:42:22   ▶ /_astro/Home-whitening-vs.-In-Office-Whitening-1.4Wwo6OsA_1Jh42y.jpg (before: 41kB, after: 25kB) (+1.97s) (3292/4055)
11:42:23   ▶ /_astro/healthygums-1.BZyH2woA_Zs3Gsi.jpg (before: 60kB, after: 50kB) (+1.81s) (3293/4055)
11:42:23   ▶ /_astro/TD_April2018Blog_BadBreath-1080x675-1024x640-1.XkUJHgKF_Z1btrQ9.jpg (before: 45kB, after: 6kB) (+1.71s) (3294/4055)
11:42:23   ▶ /_astro/zahnreinigung_dental_repairs_treat_teeth_brushing_teeth_catching_teeth_dentist_dental_instruments_dentist_equipment-579991.DR0-94sp_Z2exAFU.avif (before: 66kB, after: 4kB) (+3.35s) (3295/4055)
11:42:23   ▶ /_astro/Screen-Shot-2018-12-28-at-1.07.33-PM.C4q_b7pT_1HCKqT.png (before: 82kB, after: 109kB) (+1.70s) (3296/4055)
11:42:23   ▶ /_astro/Missing-Teeth-1-scaled.B4J-j1kf_1i08zQ.avif (before: 277kB, after: 5kB) (+1.75s) (3297/4055)
11:42:23   ▶ /_astro/Spoon-Of-Coconut-Oil-1.Bz4c2X6e_2e3h24.jpg (before: 60kB, after: 76kB) (+1.71s) (3298/4055)
11:42:23   ▶ /_astro/poor-dental-health-lead-to-liver-cancer-1.KYATHU1q_1Px6Dd.jpg (before: 88kB, after: 60kB) (+1.71s) (3299/4055)
11:42:24   ▶ /_astro/white-and-blue-toothbrush-with-blue-toothpaste-1.kojrqoST_Z2iCdnw.jpg (before: 25kB, after: 29kB) (+1.62s) (3300/4055)
11:42:24   ▶ /_astro/Home-whitening-vs.-In-Office-Whitening-1.4Wwo6OsA_Z1HYtUU.jpg (before: 41kB, after: 6kB) (+1.78s) (3301/4055)
11:42:24   ▶ /_astro/healthygums-1.BZyH2woA_Z5FiDl.jpg (before: 60kB, after: 19kB) (+627ms) (3302/4055)
11:42:24   ▶ /_astro/TD_April2018Blog_BadBreath-1080x675-1024x640-1.XkUJHgKF_ZROjwg.jpg (before: 45kB, after: 12kB) (+638ms) (3303/4055)
11:42:24   ▶ /_astro/iStock-609685270.BDYbo86i_22zIva.avif (before: 130kB, after: 16kB) (+2.30s) (3304/4055)
11:42:24   ▶ /_astro/dentists-watching-x-ray-1.C0VC6gIF_KU3HN.avif (before: 46kB, after: 13kB) (+4.42s) (3305/4055)
11:42:24   ▶ /_astro/zahnreinigung_dental_repairs_treat_teeth_brushing_teeth_catching_teeth_dentist_dental_instruments_dentist_equipment-579991.DR0-94sp_1kKxim.avif (before: 66kB, after: 6kB) (+668ms) (3306/4055)
11:42:24   ▶ /_astro/Spoon-Of-Coconut-Oil-1.Bz4c2X6e_YuhhB.jpg (before: 60kB, after: 24kB) (+593ms) (3307/4055)
11:42:24   ▶ /_astro/Screen-Shot-2018-12-28-at-1.07.33-PM.C4q_b7pT_2gfdXI.avif (before: 82kB, after: 2kB) (+647ms) (3308/4055)
11:42:24   ▶ /_astro/poor-dental-health-lead-to-liver-cancer-1.KYATHU1q_aXGgN.jpg (before: 88kB, after: 101kB) (+685ms) (3309/4055)
11:42:24   ▶ /_astro/white-and-blue-toothbrush-with-blue-toothpaste-1.kojrqoST_1vVhC3.jpg (before: 25kB, after: 9kB) (+541ms) (3310/4055)
11:42:25   ▶ /_astro/Home-whitening-vs.-In-Office-Whitening-1.4Wwo6OsA_nnnyj.jpg (before: 41kB, after: 11kB) (+1.05s) (3311/4055)
11:42:25   ▶ /_astro/care-chair-clean-305568-scaled.D6xaq-Zw_ZeekLc.avif (before: 356kB, after: 30kB) (+7.25s) (3312/4055)
11:42:25   ▶ /_astro/healthygums-1.BZyH2woA_Z1l3rG8.jpg (before: 60kB, after: 34kB) (+1.60s) (3313/4055)
11:42:25   ▶ /_astro/TD_April2018Blog_BadBreath-1080x675-1024x640-1.XkUJHgKF_Z1tS1Tg.jpg (before: 45kB, after: 18kB) (+1.55s) (3314/4055)
11:42:26   ▶ /_astro/dentists-watching-x-ray-1.C0VC6gIF_Z2bmVth.jpg (before: 46kB, after: 51kB) (+1.62s) (3315/4055)
11:42:26   ▶ /_astro/Spoon-Of-Coconut-Oil-1.Bz4c2X6e_8lXjo.jpg (before: 60kB, after: 43kB) (+1.61s) (3316/4055)
11:42:26   ▶ /_astro/Screen-Shot-2018-12-28-at-1.07.33-PM.C4q_b7pT_Z22QBnh.avif (before: 82kB, after: 2kB) (+1.61s) (3317/4055)
11:42:26   ▶ /_astro/poor-dental-health-lead-to-liver-cancer-1.KYATHU1q_LnWor.avif (before: 88kB, after: 32kB) (+1.62s) (3318/4055)
11:42:26   ▶ /_astro/white-and-blue-toothbrush-with-blue-toothpaste-1.kojrqoST_1aLmU1.jpg (before: 25kB, after: 17kB) (+1.62s) (3319/4055)
11:42:26   ▶ /_astro/Home-whitening-vs.-In-Office-Whitening-1.4Wwo6OsA_Z1jF0sz.jpg (before: 41kB, after: 18kB) (+1.14s) (3320/4055)
11:42:26   ▶ /_astro/zahnreinigung_dental_repairs_treat_teeth_brushing_teeth_catching_teeth_dentist_dental_instruments_dentist_equipment-579991.DR0-94sp_2nPy4j.avif (before: 66kB, after: 8kB) (+1.97s) (3321/4055)
11:42:26   ▶ /_astro/healthygums-1.BZyH2woA_Z1zOdW2.jpg (before: 60kB, after: 51kB) (+454ms) (3322/4055)
11:42:26   ▶ /_astro/dentists-watching-x-ray-1.C0VC6gIF_Z49pq1.jpg (before: 46kB, after: 16kB) (+445ms) (3323/4055)
11:42:26   ▶ /_astro/Spoon-Of-Coconut-Oil-1.Bz4c2X6e_Z1AgwJE.jpg (before: 60kB, after: 65kB) (+445ms) (3324/4055)
11:42:26   ▶ /_astro/Screen-Shot-2018-12-28-at-1.07.33-PM.C4q_b7pT_Z1vpx7H.png (before: 82kB, after: 77kB) (+445ms) (3325/4055)
11:42:26   ▶ /_astro/iStock-609685270.BDYbo86i_y1wX0.avif (before: 130kB, after: 24kB) (+2.10s) (3326/4055)
11:42:26   ▶ /_astro/care-chair-clean-305568-scaled.D6xaq-Zw_aw9wl.avif (before: 356kB, after: 5kB) (+635ms) (3327/4055)
11:42:26   ▶ /_astro/white-and-blue-toothbrush-with-blue-toothpaste-1.kojrqoST_1VzMs9.jpg (before: 25kB, after: 26kB) (+720ms) (3328/4055)
11:42:27   ▶ /_astro/Missing-Teeth-1-scaled.B4J-j1kf_oIbPa.avif (before: 277kB, after: 8kB) (+3.92s) (3329/4055)
11:42:27   ▶ /_astro/zahnreinigung_dental_repairs_treat_teeth_brushing_teeth_catching_teeth_dentist_dental_instruments_dentist_equipment-579991.DR0-94sp_Z1MstqW.jpg (before: 66kB, after: 62kB) (+1.32s) (3330/4055)
11:42:28   ▶ /_astro/poor-dental-health-lead-to-liver-cancer-1.KYATHU1q_JUHSr.avif (before: 88kB, after: 5kB) (+2.19s) (3331/4055)
11:42:28   ▶ /_astro/dentists-watching-x-ray-1.C0VC6gIF_Z1oW2rT.jpg (before: 46kB, after: 29kB) (+1.86s) (3332/4055)
11:42:28   ▶ /_astro/healthygums-1.BZyH2woA_1CyuOJ.avif (before: 60kB, after: 9kB) (+1.95s) (3333/4055)
11:42:28   ▶ /_astro/Screen-Shot-2018-12-28-at-1.07.33-PM.C4q_b7pT_ZJkeEL.png (before: 82kB, after: 77kB) (+1.86s) (3334/4055)
11:42:28   ▶ /_astro/iStock-609685270.BDYbo86i_ZT9zAi.jpg (before: 130kB, after: 125kB) (+1.86s) (3335/4055)
11:42:28   ▶ /_astro/Spoon-Of-Coconut-Oil-1.Bz4c2X6e_12j3ug.avif (before: 60kB, after: 11kB) (+1.97s) (3336/4055)
11:42:28   ▶ /_astro/white-and-blue-toothbrush-with-blue-toothpaste-1.kojrqoST_Z1YEn45.avif (before: 25kB, after: 5kB) (+1.82s) (3337/4055)
11:42:29   ▶ /_astro/care-chair-clean-305568-scaled.D6xaq-Zw_Z19rctE.avif (before: 356kB, after: 7kB) (+2.78s) (3338/4055)
11:42:29   ▶ /_astro/zahnreinigung_dental_repairs_treat_teeth_brushing_teeth_catching_teeth_dentist_dental_instruments_dentist_equipment-579991.DR0-94sp_8f5de.jpg (before: 66kB, after: 13kB) (+1.64s) (3339/4055)
11:42:29   ▶ /_astro/teethwhiteningGeio.Dd-BsjBu_1Uotaz.avif (before: 83kB, after: 11kB) (+3.46s) (3340/4055)
11:42:29   ▶ /_astro/dentists-watching-x-ray-1.C0VC6gIF_Z1mrdx8.jpg (before: 46kB, after: 43kB) (+1.49s) (3341/4055)
11:42:29   ▶ /_astro/poor-dental-health-lead-to-liver-cancer-1.KYATHU1q_Z2dSxqg.avif (before: 88kB, after: 14kB) (+1.49s) (3342/4055)
11:42:29   ▶ /_astro/iStock-609685270.BDYbo86i_MUslF.jpg (before: 130kB, after: 17kB) (+1.49s) (3343/4055)
11:42:32   ▶ /_astro/healthygums-1.BZyH2woA_Z1D1JtF.avif (before: 60kB, after: 4kB) (+3.96s) (3344/4055)
11:42:32   ▶ /_astro/white-and-blue-toothbrush-with-blue-toothpaste-1.kojrqoST_1CxVJt.avif (before: 25kB, after: 2kB) (+4.18s) (3345/4055)
11:42:32   ▶ /_astro/Spoon-Of-Coconut-Oil-1.Bz4c2X6e_1BG4BE.avif (before: 60kB, after: 4kB) (+4.41s) (3346/4055)
11:42:33   ▶ /_astro/care-chair-clean-305568-scaled.D6xaq-Zw_aTIE0.avif (before: 356kB, after: 10kB) (+4.46s) (3347/4055)
11:42:33   ▶ /_astro/zahnreinigung_dental_repairs_treat_teeth_brushing_teeth_catching_teeth_dentist_dental_instruments_dentist_equipment-579991.DR0-94sp_Z1mCTBq.jpg (before: 66kB, after: 24kB) (+4.46s) (3348/4055)
11:42:34   ▶ /_astro/teethwhiteningGeio.Dd-BsjBu_Z1biOWc.avif (before: 83kB, after: 3kB) (+4.36s) (3349/4055)
11:42:34   ▶ /_astro/Missing-Teeth-1-scaled.B4J-j1kf_1rpSfA.avif (before: 277kB, after: 11kB) (+6.47s) (3350/4055)
11:42:34   ▶ /_astro/poor-dental-health-lead-to-liver-cancer-1.KYATHU1q_19fclM.avif (before: 88kB, after: 23kB) (+4.35s) (3351/4055)
11:42:34   ▶ /_astro/dentists-watching-x-ray-1.C0VC6gIF_1NAtyw.avif (before: 46kB, after: 8kB) (+4.36s) (3352/4055)
11:42:34   ▶ /_astro/iStock-609685270.BDYbo86i_1I90cO.jpg (before: 130kB, after: 32kB) (+4.59s) (3353/4055)
11:42:34   ▶ /_astro/white-and-blue-toothbrush-with-blue-toothpaste-1.kojrqoST_1UoGyt.avif (before: 25kB, after: 3kB) (+1.64s) (3354/4055)
11:42:34   ▶ /_astro/healthygums-1.BZyH2woA_g2hG0.avif (before: 60kB, after: 5kB) (+2.21s) (3355/4055)
11:42:35   ▶ /_astro/Spoon-Of-Coconut-Oil-1.Bz4c2X6e_ZWNNvv.avif (before: 60kB, after: 6kB) (+2.15s) (3356/4055)
11:42:35   ▶ /_astro/baylee-gramling-OTTKWktB8zU-unsplash-1-scaled.DUVM1T_N_Z1B5YH5.avif (before: 449kB, after: 94kB) (+9.08s) (3357/4055)
11:42:35   ▶ /_astro/zahnreinigung_dental_repairs_treat_teeth_brushing_teeth_catching_teeth_dentist_dental_instruments_dentist_equipment-579991.DR0-94sp_ZjxSPt.jpg (before: 66kB, after: 38kB) (+1.33s) (3358/4055)
11:42:35   ▶ /_astro/Missing-Teeth-1-scaled.B4J-j1kf_AFn16.jpg (before: 277kB, after: 194kB) (+955ms) (3359/4055)
11:42:35   ▶ /_astro/poor-dental-health-lead-to-liver-cancer-1.KYATHU1q_Z2jHuPj.jpg (before: 88kB, after: 58kB) (+956ms) (3360/4055)
11:42:35   ▶ /_astro/teethwhiteningGeio.Dd-BsjBu_Z3Xefp.avif (before: 83kB, after: 5kB) (+958ms) (3361/4055)
11:42:35   ▶ /_astro/Dental-Plaque-scaled.B726-XVU_8AMac.avif (before: 331kB, after: 29kB) (+7.26s) (3362/4055)
11:42:35   ▶ /_astro/dentists-watching-x-ray-1.C0VC6gIF_1z7SOY.avif (before: 46kB, after: 3kB) (+1.43s) (3363/4055)
11:42:35   ▶ /_astro/iStock-609685270.BDYbo86i_fY12x.jpg (before: 130kB, after: 50kB) (+1.19s) (3364/4055)
11:42:36   ▶ /_astro/white-and-blue-toothbrush-with-blue-toothpaste-1.kojrqoST_ZUhdqw.avif (before: 25kB, after: 4kB) (+1.76s) (3365/4055)
11:42:36   ▶ /_astro/healthygums-1.BZyH2woA_Z1KU3e1.avif (before: 60kB, after: 7kB) (+1.76s) (3366/4055)
11:42:36   ▶ /_astro/Spoon-Of-Coconut-Oil-1.Bz4c2X6e_26jrJh.avif (before: 60kB, after: 9kB) (+1.30s) (3367/4055)
11:42:36   ▶ /_astro/Missing-Teeth-1-scaled.B4J-j1kf_1KvEsi.jpg (before: 277kB, after: 11kB) (+1.18s) (3368/4055)
11:42:36   ▶ /_astro/poor-dental-health-lead-to-liver-cancer-1.KYATHU1q_Z2laJlj.jpg (before: 88kB, after: 10kB) (+1.18s) (3369/4055)
11:42:36   ▶ /_astro/care-chair-clean-305568-scaled.D6xaq-Zw_oWuBM.avif (before: 356kB, after: 14kB) (+2.51s) (3370/4055)
11:42:36   ▶ /_astro/zahnreinigung_dental_repairs_treat_teeth_brushing_teeth_catching_teeth_dentist_dental_instruments_dentist_equipment-579991.DR0-94sp_2QM98.avif (before: 66kB, after: 8kB) (+1.27s) (3371/4055)
11:42:36   ▶ /_astro/Dental-Plaque-scaled.B726-XVU_Z1YwOqQ.avif (before: 331kB, after: 4kB) (+866ms) (3372/4055)
11:42:36   ▶ /_astro/baylee-gramling-OTTKWktB8zU-unsplash-1-scaled.DUVM1T_N_ZQna8z.avif (before: 449kB, after: 11kB) (+1.45s) (3373/4055)
11:42:36   ▶ /_astro/white-and-blue-toothbrush-with-blue-toothpaste-1.kojrqoST_Z254c5K.jpg (before: 25kB, after: 20kB) (+382ms) (3374/4055)
11:42:36   ▶ /_astro/healthygums-1.BZyH2woA_ZDMJ98.jpg (before: 60kB, after: 30kB) (+382ms) (3375/4055)
11:42:36   ▶ /_astro/Spoon-Of-Coconut-Oil-1.Bz4c2X6e_1s7H90.jpg (before: 60kB, after: 40kB) (+506ms) (3376/4055)
11:42:36   ▶ /_astro/iStock-609685270.BDYbo86i_1iy2pX.jpg (before: 130kB, after: 93kB) (+1.21s) (3377/4055)
11:42:36   ▶ /_astro/poor-dental-health-lead-to-liver-cancer-1.KYATHU1q_ZeMQQ5.jpg (before: 88kB, after: 24kB) (+505ms) (3378/4055)
11:42:36   ▶ /_astro/Missing-Teeth-1-scaled.B4J-j1kf_Tnlu5.jpg (before: 277kB, after: 19kB) (+507ms) (3379/4055)
11:42:36   ▶ /_astro/dentists-watching-x-ray-1.C0VC6gIF_Z1Yqy61.avif (before: 46kB, after: 4kB) (+1.28s) (3380/4055)
11:42:36   ▶ /_astro/zahnreinigung_dental_repairs_treat_teeth_brushing_teeth_catching_teeth_dentist_dental_instruments_dentist_equipment-579991.DR0-94sp_1z7Kr3.avif (before: 66kB, after: 2kB) (+532ms) (3381/4055)
11:42:36   ▶ /_astro/teethwhiteningGeio.Dd-BsjBu_Z1CMRNK.avif (before: 83kB, after: 8kB) (+1.80s) (3382/4055)
11:42:38   ▶ /_astro/white-and-blue-toothbrush-with-blue-toothpaste-1.kojrqoST_Z1NJU67.jpg (before: 25kB, after: 5kB) (+1.41s) (3383/4055)
11:42:38   ▶ /_astro/healthygums-1.BZyH2woA_ZosPys.jpg (before: 60kB, after: 8kB) (+1.41s) (3384/4055)
11:42:38   ▶ /_astro/Spoon-Of-Coconut-Oil-1.Bz4c2X6e_Zuydxa.jpg (before: 60kB, after: 10kB) (+1.38s) (3385/4055)
11:42:38   ▶ /_astro/Dental-Plaque-scaled.B726-XVU_LM7xG.avif (before: 331kB, after: 6kB) (+1.74s) (3386/4055)
11:42:38   ▶ /_astro/poor-dental-health-lead-to-liver-cancer-1.KYATHU1q_Z1VQfRX.jpg (before: 88kB, after: 42kB) (+1.38s) (3387/4055)
11:42:38   ▶ /_astro/Missing-Teeth-1-scaled.B4J-j1kf_ZOf9yX.jpg (before: 277kB, after: 29kB) (+1.38s) (3388/4055)
11:42:38   ▶ /_astro/baylee-gramling-OTTKWktB8zU-unsplash-1-scaled.DUVM1T_N_2uNl9z.avif (before: 449kB, after: 19kB) (+1.81s) (3389/4055)
11:42:38   ▶ /_astro/dentists-watching-x-ray-1.C0VC6gIF_Z1XAi9j.avif (before: 46kB, after: 6kB) (+1.42s) (3390/4055)
11:42:38   ▶ /_astro/teethwhiteningGeio.Dd-BsjBu_Z2pgabo.jpg (before: 83kB, after: 56kB) (+1.37s) (3391/4055)
11:42:38   ▶ /_astro/white-and-blue-toothbrush-with-blue-toothpaste-1.kojrqoST_Z1vTah7.jpg (before: 25kB, after: 9kB) (+600ms) (3392/4055)
11:42:38   ▶ /_astro/healthygums-1.BZyH2woA_1uAbBd.jpg (before: 60kB, after: 15kB) (+600ms) (3393/4055)
11:42:39   ▶ /_astro/Spoon-Of-Coconut-Oil-1.Bz4c2X6e_20828B.jpg (before: 60kB, after: 19kB) (+1.25s) (3394/4055)
11:42:39   ▶ /_astro/zahnreinigung_dental_repairs_treat_teeth_brushing_teeth_catching_teeth_dentist_dental_instruments_dentist_equipment-579991.DR0-94sp_Z28DH7r.avif (before: 66kB, after: 4kB) (+2.51s) (3395/4055)
11:42:39   ▶ /_astro/Missing-Teeth-1-scaled.B4J-j1kf_OwPtT.jpg (before: 277kB, after: 57kB) (+1.25s) (3396/4055)
11:42:39   ▶ /_astro/iStock-609685270.BDYbo86i_2tVlJs.avif (before: 130kB, after: 21kB) (+2.73s) (3397/4055)
11:42:39   ▶ /_astro/care-chair-clean-305568-scaled.D6xaq-Zw_Dhu9k.avif (before: 356kB, after: 19kB) (+3.28s) (3398/4055)
11:42:39   ▶ /_astro/dentists-watching-x-ray-1.C0VC6gIF_1EQA6H.jpg (before: 46kB, after: 27kB) (+1.29s) (3399/4055)
11:42:39   ▶ /_astro/teethwhiteningGeio.Dd-BsjBu_ZqLkue.jpg (before: 83kB, after: 13kB) (+1.29s) (3400/4055)
11:42:39   ▶ /_astro/white-and-blue-toothbrush-with-blue-toothpaste-1.kojrqoST_HB3wO.jpg (before: 25kB, after: 14kB) (+1.27s) (3401/4055)
11:42:39   ▶ /_astro/healthygums-1.BZyH2woA_Zwm9iN.jpg (before: 60kB, after: 23kB) (+1.27s) (3402/4055)
11:42:40   ▶ /_astro/Spoon-Of-Coconut-Oil-1.Bz4c2X6e_ZUPpx.jpg (before: 60kB, after: 28kB) (+758ms) (3403/4055)
11:42:40   ▶ /_astro/Dental-Plaque-scaled.B726-XVU_1p0vsn.avif (before: 331kB, after: 9kB) (+2.01s) (3404/4055)
11:42:40   ▶ /_astro/Missing-Teeth-1-scaled.B4J-j1kf_ZFVo0l.jpg (before: 277kB, after: 97kB) (+758ms) (3405/4055)
11:42:40   ▶ /_astro/zahnreinigung_dental_repairs_treat_teeth_brushing_teeth_catching_teeth_dentist_dental_instruments_dentist_equipment-579991.DR0-94sp_Zeau5h.avif (before: 66kB, after: 5kB) (+763ms) (3406/4055)
11:42:40   ▶ /_astro/iStock-609685270.BDYbo86i_oLBY6.avif (before: 130kB, after: 4kB) (+671ms) (3407/4055)
11:42:40   ▶ /_astro/care-chair-clean-305568-scaled.D6xaq-Zw_GfwLs.jpg (before: 356kB, after: 309kB) (+622ms) (3408/4055)
11:42:40   ▶ /_astro/dentists-watching-x-ray-1.C0VC6gIF_ZyenpW.jpg (before: 46kB, after: 7kB) (+622ms) (3409/4055)
11:42:42   ▶ /_astro/teethwhiteningGeio.Dd-BsjBu_Fygcy.jpg (before: 83kB, after: 26kB) (+3.20s) (3410/4055)
11:42:42   ▶ /_astro/baylee-gramling-OTTKWktB8zU-unsplash-1-scaled.DUVM1T_N_1Vy9i0.avif (before: 449kB, after: 27kB) (+4.53s) (3411/4055)
11:42:42   ▶ /_astro/Screen-Shot-2018-12-10-at-12.21.14-PM.Ck7Vwpd7_ZAeC2f.avif (before: 134kB, after: 6kB) (+2.87s) (3412/4055)
11:42:42   ▶ /_astro/Cosmetic-Dentistry-Market.C9gc_OCD_1irYzj.avif (before: 60kB, after: 18kB) (+2.87s) (3413/4055)
11:42:42   ▶ /_astro/Dental-Plaque-scaled.B726-XVU_1shvX6.avif (before: 331kB, after: 13kB) (+2.60s) (3414/4055)
11:42:42   ▶ /_astro/zahnreinigung_dental_repairs_treat_teeth_brushing_teeth_catching_teeth_dentist_dental_instruments_dentist_equipment-579991.DR0-94sp_2qO3HC.jpg (before: 66kB, after: 38kB) (+2.59s) (3415/4055)
11:42:42   ▶ /_astro/invisalign-1.vNv4f_jq_Xr1LB.avif (before: 27kB, after: 6kB) (+2.60s) (3416/4055)
11:42:42   ▶ /_astro/iStock-609685270.BDYbo86i_uHOmO.avif (before: 130kB, after: 7kB) (+2.59s) (3417/4055)
11:42:42   ▶ /_astro/dentists-watching-x-ray-1.C0VC6gIF_WoirY.jpg (before: 46kB, after: 13kB) (+2.59s) (3418/4055)
11:42:44   ▶ /_astro/care-chair-clean-305568-scaled.D6xaq-Zw_ZHWRwH.jpg (before: 356kB, after: 15kB) (+3.79s) (3419/4055)
11:42:44   ▶ /_astro/teethwhiteningGeio.Dd-BsjBu_ZSgnlM.jpg (before: 83kB, after: 43kB) (+1.21s) (3420/4055)
11:42:44   ▶ /_astro/teeth-denture-on-top-of-blue-shelf-scaled.BQbGHbTl_ZY7WyX.avif (before: 164kB, after: 20kB) (+5.81s) (3421/4055)
11:42:44   ▶ /_astro/Screen-Shot-2018-12-10-at-12.21.14-PM.Ck7Vwpd7_1L9LOE.avif (before: 134kB, after: 5kB) (+1.21s) (3422/4055)
11:42:44   ▶ /_astro/Missing-Teeth-1-scaled.B4J-j1kf_1ooqYg.avif (before: 277kB, after: 9kB) (+3.80s) (3423/4055)
11:42:44   ▶ /_astro/zahnreinigung_dental_repairs_treat_teeth_brushing_teeth_catching_teeth_dentist_dental_instruments_dentist_equipment-579991.DR0-94sp_Z18gGsJ.jpg (before: 66kB, after: 7kB) (+1.21s) (3424/4055)
11:42:44   ▶ /_astro/Cosmetic-Dentistry-Market.C9gc_OCD_Z5nDk9.avif (before: 60kB, after: 6kB) (+1.21s) (3425/4055)
11:42:44   ▶ /_astro/invisalign-1.vNv4f_jq_1jpika.avif (before: 27kB, after: 4kB) (+1.21s) (3426/4055)
11:42:44   ▶ /_astro/dentists-watching-x-ray-1.C0VC6gIF_XeyoG.jpg (before: 46kB, after: 19kB) (+1.21s) (3427/4055)
11:42:45   ▶ /_astro/care-chair-clean-305568-scaled.D6xaq-Zw_Z22VexH.jpg (before: 356kB, after: 27kB) (+1.19s) (3428/4055)
11:42:45   ▶ /_astro/iStock-609685270.BDYbo86i_Z1oy6JR.avif (before: 130kB, after: 10kB) (+2.39s) (3429/4055)
11:42:45   ▶ /_astro/teeth-denture-on-top-of-blue-shelf-scaled.BQbGHbTl_bCImQ.avif (before: 164kB, after: 2kB) (+1.19s) (3430/4055)
11:42:45   ▶ /_astro/teethwhiteningGeio.Dd-BsjBu_Z46A3O.avif (before: 83kB, after: 7kB) (+1.19s) (3431/4055)
11:42:45   ▶ /_astro/Screen-Shot-2018-12-10-at-12.21.14-PM.Ck7Vwpd7_ZQnesX.png (before: 134kB, after: 204kB) (+1.19s) (3432/4055)
11:42:45   ▶ /_astro/zahnreinigung_dental_repairs_treat_teeth_brushing_teeth_catching_teeth_dentist_dental_instruments_dentist_equipment-579991.DR0-94sp_e8XLH.jpg (before: 66kB, after: 13kB) (+1.58s) (3433/4055)
11:42:45   ▶ /_astro/Missing-Teeth-1-scaled.B4J-j1kf_2nHrMl.avif (before: 277kB, after: 1kB) (+1.58s) (3434/4055)
11:42:45   ▶ /_astro/invisalign-1.vNv4f_jq_Z2qfvVd.jpg (before: 27kB, after: 24kB) (+1.58s) (3435/4055)
11:42:46   ▶ /_astro/cosmetic-dentistry-austin.vbLrmiq-_1xNPNl.avif (before: 107kB, after: 3kB) (+2.36s) (3436/4055)
11:42:46   ▶ /_astro/Cosmetic-Dentistry-Market.C9gc_OCD_1T2cLJ.avif (before: 60kB, after: 10kB) (+2.41s) (3437/4055)
11:42:46   ▶ /_astro/care-chair-clean-305568-scaled.D6xaq-Zw_ZHzip3.jpg (before: 356kB, after: 42kB) (+1.23s) (3438/4055)
11:42:46   ▶ /_astro/baylee-gramling-OTTKWktB8zU-unsplash-1-scaled.DUVM1T_N_ZAqtQU.avif (before: 449kB, after: 44kB) (+3.63s) (3439/4055)
11:42:46   ▶ /_astro/iStock-609685270.BDYbo86i_ZMPMml.avif (before: 130kB, after: 15kB) (+1.23s) (3440/4055)
11:42:46   ▶ /_astro/teeth-denture-on-top-of-blue-shelf-scaled.BQbGHbTl_1zlw3l.avif (before: 164kB, after: 4kB) (+1.23s) (3441/4055)
11:42:46   ▶ /_astro/Screen-Shot-2018-12-10-at-12.21.14-PM.Ck7Vwpd7_1v1anV.png (before: 134kB, after: 210kB) (+1.25s) (3442/4055)
11:42:46   ▶ /_astro/zahnreinigung_dental_repairs_treat_teeth_brushing_teeth_catching_teeth_dentist_dental_instruments_dentist_equipment-579991.DR0-94sp_28CbNR.jpg (before: 66kB, after: 20kB) (+862ms) (3443/4055)
11:42:46   ▶ /_astro/invisalign-1.vNv4f_jq_Z25hfnE.jpg (before: 27kB, after: 16kB) (+861ms) (3444/4055)
11:42:46   ▶ /_astro/teethwhiteningGeio.Dd-BsjBu_Z2wR9k9.avif (before: 83kB, after: 2kB) (+1.58s) (3445/4055)
11:42:47   ▶ /_astro/Dental-Plaque-scaled.B726-XVU_Z1CWPyi.avif (before: 331kB, after: 19kB) (+4.22s) (3446/4055)
11:42:47   ▶ /_astro/Cosmetic-Dentistry-Market.C9gc_OCD_1IgDe3.jpg (before: 60kB, after: 57kB) (+596ms) (3447/4055)
11:42:47   ▶ /_astro/Missing-Teeth-1-scaled.B4J-j1kf_ZbMqkO.avif (before: 277kB, after: 2kB) (+1.43s) (3448/4055)
11:42:47   ▶ /_astro/cosmetic-dentistry-austin.vbLrmiq-_7h7nS.avif (before: 107kB, after: 3kB) (+649ms) (3449/4055)
11:42:47   ▶ /_astro/care-chair-clean-305568-scaled.D6xaq-Zw_Z1QiOl4.jpg (before: 356kB, after: 84kB) (+691ms) (3450/4055)
11:42:47   ▶ /_astro/iStock-609685270.BDYbo86i_Z1PIhBv.jpg (before: 130kB, after: 77kB) (+1.13s) (3451/4055)
11:42:47   ▶ /_astro/Screen-Shot-2018-12-10-at-12.21.14-PM.Ck7Vwpd7_Z1eFGE4.avif (before: 134kB, after: 2kB) (+1.11s) (3452/4055)
11:42:48   ▶ /_astro/invisalign-1.vNv4f_jq_BuQ4a.avif (before: 27kB, after: 4kB) (+1.88s) (3453/4055)
11:42:48   ▶ /_astro/teethwhiteningGeio.Dd-BsjBu_Z1xldXT.avif (before: 83kB, after: 3kB) (+1.55s) (3454/4055)
11:42:48   ▶ /_astro/Dental-Plaque-scaled.B726-XVU_Z1XDuYC.jpg (before: 331kB, after: 248kB) (+1.49s) (3455/4055)
11:42:48   ▶ /_astro/Cosmetic-Dentistry-Market.C9gc_OCD_kq0jA.jpg (before: 60kB, after: 17kB) (+1.48s) (3456/4055)
11:42:48   ▶ /_astro/Missing-Teeth-1-scaled.B4J-j1kf_Z2cQiSX.avif (before: 277kB, after: 2kB) (+1.48s) (3457/4055)
11:42:48   ▶ /_astro/cosmetic-dentistry-austin.vbLrmiq-_1XCus5.jpg (before: 107kB, after: 17kB) (+1.48s) (3458/4055)
11:42:48   ▶ /_astro/care-chair-clean-305568-scaled.D6xaq-Zw_1yLmGY.jpg (before: 356kB, after: 145kB) (+1.45s) (3459/4055)
11:42:48   ▶ /_astro/iStock-609685270.BDYbo86i_Z1mO5tw.jpg (before: 130kB, after: 8kB) (+1.27s) (3460/4055)
11:42:48   ▶ /_astro/teeth-denture-on-top-of-blue-shelf-scaled.BQbGHbTl_ZpeJUC.avif (before: 164kB, after: 5kB) (+2.40s) (3461/4055)
11:42:49   ▶ /_astro/Screen-Shot-2018-12-10-at-12.21.14-PM.Ck7Vwpd7_Z1ukv5m.avif (before: 134kB, after: 2kB) (+1.68s) (3462/4055)
11:42:49   ▶ /_astro/invisalign-1.vNv4f_jq_DLJDs.avif (before: 27kB, after: 2kB) (+904ms) (3463/4055)
11:42:49   ▶ /_astro/Dental-Plaque-scaled.B726-XVU_2wWlc5.jpg (before: 331kB, after: 13kB) (+857ms) (3464/4055)
11:42:49   ▶ /_astro/teethwhiteningGeio.Dd-BsjBu_Z1D6SL9.avif (before: 83kB, after: 5kB) (+1.03s) (3465/4055)
11:42:49   ▶ /_astro/Cosmetic-Dentistry-Market.C9gc_OCD_2jPQqt.jpg (before: 60kB, after: 36kB) (+857ms) (3466/4055)
11:42:49   ▶ /_astro/cosmetic-dentistry-austin.vbLrmiq-_x5L2C.jpg (before: 107kB, after: 13kB) (+857ms) (3467/4055)
11:42:49   ▶ /_astro/toothbar_ShareImage_B.DKeZGxgm_Z2dgt1W.avif (before: 222kB, after: 13kB) (+2.93s) (3468/4055)
11:42:49   ▶ /_astro/iStock-609685270.BDYbo86i_Z1gRS5N.jpg (before: 130kB, after: 17kB) (+585ms) (3469/4055)
11:42:49   ▶ /_astro/Missing-Teeth-1-scaled.B4J-j1kf_Z1YJ6y6.avif (before: 277kB, after: 4kB) (+907ms) (3470/4055)
11:42:50   ▶ /_astro/Screen-Shot-2018-12-10-at-12.21.14-PM.Ck7Vwpd7_Z1uOj5M.png (before: 134kB, after: 87kB) (+1.68s) (3471/4055)
11:42:50   ▶ /_astro/invisalign-1.vNv4f_jq_2i0rah.jpg (before: 27kB, after: 15kB) (+1.68s) (3472/4055)
11:42:50   ▶ /_astro/Dental-Plaque-scaled.B726-XVU_e59mG.jpg (before: 331kB, after: 24kB) (+1.58s) (3473/4055)
11:42:50   ▶ /_astro/teethwhiteningGeio.Dd-BsjBu_Z2lzOVv.jpg (before: 83kB, after: 31kB) (+1.58s) (3474/4055)
11:42:50   ▶ /_astro/Cosmetic-Dentistry-Market.C9gc_OCD_Z2b2GqI.avif (before: 60kB, after: 10kB) (+1.58s) (3475/4055)
11:42:50   ▶ /_astro/cosmetic-dentistry-austin.vbLrmiq-_Zf8DNT.avif (before: 107kB, after: 2kB) (+1.58s) (3476/4055)
11:42:51   ▶ /_astro/baylee-gramling-OTTKWktB8zU-unsplash-1-scaled.DUVM1T_N_15oSuh.avif (before: 449kB, after: 61kB) (+4.56s) (3477/4055)
11:42:51   ▶ /_astro/iStock-609685270.BDYbo86i_1T2jAr.jpg (before: 130kB, after: 27kB) (+1.60s) (3478/4055)
11:42:51   ▶ /_astro/toothbar_ShareImage_B.DKeZGxgm_21kQWF.avif (before: 222kB, after: 6kB) (+1.63s) (3479/4055)
11:42:51   ▶ /_astro/Screen-Shot-2018-12-10-at-12.21.14-PM.Ck7Vwpd7_Z1Kt7w5.png (before: 134kB, after: 70kB) (+1.02s) (3480/4055)
11:42:51   ▶ /_astro/invisalign-1.vNv4f_jq_2khkJz.jpg (before: 27kB, after: 7kB) (+1.02s) (3481/4055)
11:42:52   ▶ /_astro/Dental-Plaque-scaled.B726-XVU_Qixhn.jpg (before: 331kB, after: 38kB) (+1.05s) (3482/4055)
11:42:52   ▶ /_astro/teethwhiteningGeio.Dd-BsjBu_Z1MkDRb.jpg (before: 83kB, after: 6kB) (+1.05s) (3483/4055)
11:42:52   ▶ /_astro/Cosmetic-Dentistry-Market.C9gc_OCD_ZAn0KC.avif (before: 60kB, after: 3kB) (+1.05s) (3484/4055)
11:42:52   ▶ /_astro/Missing-Teeth-1-scaled.B4J-j1kf_2a7kcN.avif (before: 277kB, after: 5kB) (+2.58s) (3485/4055)
11:42:52   ▶ /_astro/cosmetic-dentistry-austin.vbLrmiq-_ZnHf2A.avif (before: 107kB, after: 2kB) (+1.05s) (3486/4055)
11:42:52   ▶ /_astro/teeth-denture-on-top-of-blue-shelf-scaled.BQbGHbTl_Z1iCg23.avif (before: 164kB, after: 9kB) (+3.17s) (3487/4055)
11:42:52   ▶ /_astro/iStock-609685270.BDYbo86i_Z3jhTn.jpg (before: 130kB, after: 51kB) (+993ms) (3488/4055)
11:42:52   ▶ /_astro/care-chair-clean-305568-scaled.D6xaq-Zw_1IL5M3.avif (before: 356kB, after: 17kB) (+4.09s) (3489/4055)
11:42:52   ▶ /_astro/teethwhiteningGeio.Dd-BsjBu_ZMNIvV.jpg (before: 83kB, after: 13kB) (+664ms) (3490/4055)
11:42:52   ▶ /_astro/baylee-gramling-OTTKWktB8zU-unsplash-1-scaled.DUVM1T_N_1Mhgg.jpg (before: 449kB, after: 390kB) (+1.68s) (3491/4055)
11:42:52   ▶ /_astro/Dental-Plaque-scaled.B726-XVU_ZoW7a6.jpg (before: 331kB, after: 75kB) (+665ms) (3492/4055)
11:42:52   ▶ /_astro/Missing-Teeth-1-scaled.B4J-j1kf_1Od5D0.jpg (before: 277kB, after: 113kB) (+664ms) (3493/4055)
11:42:52   ▶ /_astro/Cosmetic-Dentistry-Market.C9gc_OCD_Z1iqzvR.avif (before: 60kB, after: 6kB) (+665ms) (3494/4055)
11:42:52   ▶ /_astro/toothbar_ShareImage_B.DKeZGxgm_ZhwjQI.avif (before: 222kB, after: 9kB) (+1.65s) (3495/4055)
11:42:52   ▶ /_astro/cosmetic-dentistry-austin.vbLrmiq-_aEYOP.jpg (before: 107kB, after: 10kB) (+888ms) (3496/4055)
11:42:53   ▶ /_astro/main-qimg-d7933d14cb6c8f73c313ca262b547358.BZrzjC-m_1XDn0X.avif (before: 26kB, after: 4kB) (+1.53s) (3497/4055)
11:42:53   ▶ /_astro/care-chair-clean-305568-scaled.D6xaq-Zw_WhTAt.avif (before: 356kB, after: 2kB) (+882ms) (3498/4055)
11:42:53   ▶ /_astro/1_shocking_diseases_dentists_vadimguzhva-760x506-1.BXVVx5ys_1y7zsD.avif (before: 30kB, after: 6kB) (+1.61s) (3499/4055)
11:42:53   ▶ /_astro/implants.FTeBMdbW_Z150hYR.avif (before: 48kB, after: 8kB) (+1.61s) (3500/4055)
11:42:53   ▶ /_astro/teethwhiteningGeio.Dd-BsjBu_ZSzojb.jpg (before: 83kB, after: 21kB) (+884ms) (3501/4055)
11:42:53   ▶ /_astro/Missing-Teeth-1-scaled.B4J-j1kf_gs9Cw.jpg (before: 277kB, after: 5kB) (+883ms) (3502/4055)
11:42:53   ▶ /_astro/baylee-gramling-OTTKWktB8zU-unsplash-1-scaled.DUVM1T_N_8oTcu.jpg (before: 449kB, after: 25kB) (+884ms) (3503/4055)
11:42:53   ▶ /_astro/Dental-Plaque-scaled.B726-XVU_1jY05O.jpg (before: 331kB, after: 127kB) (+884ms) (3504/4055)
11:42:53   ▶ /_astro/cosmetic-dentistry-austin.vbLrmiq-_26oB9.jpg (before: 107kB, after: 6kB) (+879ms) (3505/4055)
11:42:54   ▶ /_astro/main-qimg-d7933d14cb6c8f73c313ca262b547358.BZrzjC-m_Z2m6Wqc.avif (before: 26kB, after: 4kB) (+898ms) (3506/4055)
11:42:54   ▶ /_astro/Cosmetic-Dentistry-Market.C9gc_OCD_eCH3A.avif (before: 60kB, after: 8kB) (+1.80s) (3507/4055)
11:42:54   ▶ /_astro/care-chair-clean-305568-scaled.D6xaq-Zw_Huok7.avif (before: 356kB, after: 4kB) (+922ms) (3508/4055)
11:42:54   ▶ /_astro/1_shocking_diseases_dentists_vadimguzhva-760x506-1.BXVVx5ys_1vO2sQ.avif (before: 30kB, after: 4kB) (+921ms) (3509/4055)
11:42:54   ▶ /_astro/Missing-Teeth-1-scaled.B4J-j1kf_Z2j2IuD.jpg (before: 277kB, after: 9kB) (+921ms) (3510/4055)
11:42:54   ▶ /_astro/baylee-gramling-OTTKWktB8zU-unsplash-1-scaled.DUVM1T_N_Z1zAIji.jpg (before: 449kB, after: 48kB) (+982ms) (3511/4055)
11:42:54   ▶ /_astro/implants.FTeBMdbW_2lgYvg.avif (before: 48kB, after: 3kB) (+983ms) (3512/4055)
11:42:54   ▶ /_astro/AdobeStock_187242830__37___1778007828_95213-300x200.DYFem91g_RVbXQ.webp (before: 8kB, after: 4kB) (+1.00s) (3513/4055)
11:42:55   ▶ /_astro/woman-choosing-veneers.mz1AWJCW_TzO5l.webp (before: 169kB, after: 12kB) (+1.79s) (3514/4055)
11:42:55   ▶ /_astro/main-qimg-d7933d14cb6c8f73c313ca262b547358.BZrzjC-m_2u8L4l.jpg (before: 26kB, after: 18kB) (+1.13s) (3515/4055)
11:42:55   ▶ /_astro/Cosmetic-Dentistry-Market.C9gc_OCD_Z1Ke2LY.jpg (before: 60kB, after: 31kB) (+1.10s) (3516/4055)
11:42:55   ▶ /_astro/toothbar_ShareImage_B.DKeZGxgm_kG42X.avif (before: 222kB, after: 12kB) (+2.90s) (3517/4055)
11:42:55   ▶ /_astro/care-chair-clean-305568-scaled.D6xaq-Zw_lC8RK.avif (before: 356kB, after: 5kB) (+1.10s) (3518/4055)
11:42:55   ▶ /_astro/Missing-Teeth-1-scaled.B4J-j1kf_K5wK9.jpg (before: 277kB, after: 14kB) (+1.10s) (3519/4055)
11:42:55   ▶ /_astro/1_shocking_diseases_dentists_vadimguzhva-760x506-1.BXVVx5ys_Z15mlsp.avif (before: 30kB, after: 6kB) (+1.10s) (3520/4055)
11:42:55   ▶ /_astro/baylee-gramling-OTTKWktB8zU-unsplash-1-scaled.DUVM1T_N_Z28PUaR.jpg (before: 449kB, after: 75kB) (+1.04s) (3521/4055)
11:42:56   ▶ /_astro/main-qimg-d7933d14cb6c8f73c313ca262b547358.BZrzjC-m_Z1PBymO.jpg (before: 26kB, after: 16kB) (+427ms) (3522/4055)
11:42:56   ▶ /_astro/implants.FTeBMdbW_ZKBmRS.avif (before: 48kB, after: 5kB) (+1.46s) (3523/4055)
11:42:56   ▶ /_astro/Cosmetic-Dentistry-Market.C9gc_OCD_Zaym6S.jpg (before: 60kB, after: 8kB) (+428ms) (3524/4055)
11:42:56   ▶ /_astro/shutterstock_1515575510.CZM8YFHf_NEqud.webp (before: 116kB, after: 9kB) (+434ms) (3525/4055)
11:42:56   ▶ /_astro/toothbar_ShareImage_B.DKeZGxgm_ZiOWcK.png (before: 222kB, after: 266kB) (+429ms) (3526/4055)
11:42:56   ▶ /_astro/Invisalign-1-Small-1024x684.DjVt8Mrk_ZrnCIb.webp (before: 67kB, after: 37kB) (+1.45s) (3527/4055)
11:42:56   ▶ /_astro/teeth-denture-on-top-of-blue-shelf-scaled.BQbGHbTl_Z27Q6CP.avif (before: 164kB, after: 12kB) (+4.00s) (3528/4055)
11:42:56   ▶ /_astro/1_shocking_diseases_dentists_vadimguzhva-760x506-1.BXVVx5ys_1sHKqX.jpg (before: 30kB, after: 27kB) (+431ms) (3529/4055)
11:42:56   ▶ /_astro/Missing-Teeth-1-scaled.B4J-j1kf_Z1yUrTm.jpg (before: 277kB, after: 26kB) (+432ms) (3530/4055)
11:42:56   ▶ /_astro/baylee-gramling-OTTKWktB8zU-unsplash-1-scaled.DUVM1T_N_Zdc94u.jpg (before: 449kB, after: 142kB) (+994ms) (3531/4055)
11:42:56   ▶ /_astro/main-qimg-d7933d14cb6c8f73c313ca262b547358.BZrzjC-m_rHKTl.avif (before: 26kB, after: 5kB) (+576ms) (3532/4055)
11:42:56   ▶ /_astro/Cosmetic-Dentistry-Market.C9gc_OCD_ZRBUR8.jpg (before: 60kB, after: 17kB) (+666ms) (3533/4055)
11:42:56   ▶ /_astro/toothbar_ShareImage_B.DKeZGxgm_Z19pK24.png (before: 222kB, after: 149kB) (+665ms) (3534/4055)
11:42:56   ▶ /_astro/Dental-Plaque-scaled.B726-XVU_1AqOck.avif (before: 331kB, after: 15kB) (+3.12s) (3535/4055)
11:42:56   ▶ /_astro/1_shocking_diseases_dentists_vadimguzhva-760x506-1.BXVVx5ys_1qpdrb.jpg (before: 30kB, after: 12kB) (+663ms) (3536/4055)
11:42:56   ▶ /_astro/care-chair-clean-305568-scaled.D6xaq-Zw_Znp8cn.avif (before: 356kB, after: 8kB) (+1.10s) (3537/4055)
11:42:56   ▶ /_astro/toothbrush-and-tooth-paste-1.MW2YzlGW_Z2i8Jfx.webp (before: 36kB, after: 7kB) (+686ms) (3538/4055)
11:42:56   ▶ /_astro/teeth-denture-on-top-of-blue-shelf-scaled.BQbGHbTl_ZLtbxV.jpg (before: 164kB, after: 148kB) (+684ms) (3539/4055)
11:42:57   ▶ /_astro/chewing-ice-1.IMiHz9EN_o3eWA.webp (before: 39kB, after: 7kB) (+977ms) (3540/4055)
11:42:57   ▶ /_astro/Missing-Teeth-1-scaled.B4J-j1kf_Z2ug9Wo.jpg (before: 277kB, after: 44kB) (+974ms) (3541/4055)
11:42:57   ▶ /_astro/Cosmetic-Dentistry-Market.C9gc_OCD_ErlHk.jpg (before: 60kB, after: 26kB) (+325ms) (3542/4055)
11:42:57   ▶ /_astro/toothbar_ShareImage_B.DKeZGxgm_1BTbWt.png (before: 222kB, after: 309kB) (+326ms) (3543/4055)
11:42:57   ▶ /_astro/logo.CYULZAsd_Z1byOPk.svg (reused cache entry) (+16ms) (3544/4055)
11:42:57   ▶ /_astro/main-qimg-d7933d14cb6c8f73c313ca262b547358.BZrzjC-m_Z1J6riO.avif (before: 26kB, after: 2kB) (+426ms) (3545/4055)
11:42:57   ▶ /_astro/1_shocking_diseases_dentists_vadimguzhva-760x506-1.BXVVx5ys_Z1aLau5.jpg (before: 30kB, after: 23kB) (+329ms) (3546/4055)
11:42:57   ▶ /_astro/implants.FTeBMdbW_HeMX5.avif (before: 48kB, after: 7kB) (+1.00s) (3547/4055)
11:42:57   ▶ /_astro/quiet-street.XSHPHwVz_1rrKCy.avif (reused cache entry) (+17ms) (3548/4055)
11:42:57   ▶ /_astro/castle.Cb20OytX_5jNzU.avif (reused cache entry) (+14ms) (3549/4055)
11:42:57   ▶ /_astro/baylee-gramling-OTTKWktB8zU-unsplash-1-scaled.DUVM1T_N_Z2lSXlj.jpg (before: 449kB, after: 222kB) (+444ms) (3550/4055)
11:42:57   ▶ /_astro/quiet-street.XSHPHwVz_Z5fsOO.avif (reused cache entry) (+44ms) (3551/4055)
11:42:57   ▶ /_astro/castle.Cb20OytX_2nAjes.avif (reused cache entry) (+141ms) (3552/4055)
11:42:57   ▶ /_astro/Dental-Plaque-scaled.B726-XVU_2diFnh.avif (before: 331kB, after: 2kB) (+576ms) (3553/4055)
11:42:57   ▶ /_astro/quiet-street.XSHPHwVz_ZeXhoQ.avif (reused cache entry) (+195ms) (3554/4055)
11:42:57   ▶ /_astro/castle.Cb20OytX_NjDRO.avif (reused cache entry) (+162ms) (3555/4055)
11:42:57   ▶ /_astro/shutterstock_1256701261-1.BZMLbEFZ_2495Xl.webp (before: 61kB, after: 17kB) (+630ms) (3556/4055)
11:42:57   ▶ /_astro/quiet-street.XSHPHwVz_o6BqW.avif (reused cache entry) (+74ms) (3557/4055)
11:42:57   ▶ /_astro/teeth-denture-on-top-of-blue-shelf-scaled.BQbGHbTl_VtvCJ.jpg (before: 164kB, after: 7kB) (+633ms) (3558/4055)
11:42:57   ▶ /_astro/shutterstock_1810201546.CV0o4Yxa_Z1MBNii.webp (before: 136kB, after: 10kB) (+343ms) (3559/4055)
11:42:57   ▶ /_astro/toothbar_ShareImage_B.DKeZGxgm_2f7zRa.png (before: 222kB, after: 510kB) (+331ms) (3560/4055)
11:42:57   ▶ /_astro/castle.Cb20OytX_ZKW0sO.avif (reused cache entry) (+11ms) (3561/4055)
11:42:57   ▶ /_astro/implants.FTeBMdbW_vwP6N.jpg (before: 48kB, after: 41kB) (+326ms) (3562/4055)
11:42:57   ▶ /_astro/dunedin-cliff.txhlGVUZ_1qdT22.avif (reused cache entry) (+144ms) (3563/4055)
11:42:57   ▶ /_astro/quiet-street.XSHPHwVz_1ur5l5.avif (reused cache entry) (+144ms) (3564/4055)
11:42:57   ▶ /_astro/768_Z1M0TYP.avif (reused cache entry) (+233ms) (3565/4055)
11:42:57   ▶ /_astro/main-qimg-d7933d14cb6c8f73c313ca262b547358.BZrzjC-m_Zsf7AT.avif (before: 26kB, after: 5kB) (+561ms) (3566/4055)
11:42:57   ▶ /_astro/castle.Cb20OytX_ZHUIOH.avif (reused cache entry) (+234ms) (3567/4055)
11:42:57   ▶ /_astro/dunedin-cliff.txhlGVUZ_Z2qxger.avif (reused cache entry) (+297ms) (3568/4055)
11:42:57   ▶ /_astro/quiet-street.XSHPHwVz_Z1xtBj0.avif (reused cache entry) (+350ms) (3569/4055)
11:42:57   ▶ /_astro/768_Z2fbvTP.avif (reused cache entry) (+261ms) (3570/4055)
11:42:57   ▶ /_astro/castle.Cb20OytX_ZrHGA.avif (reused cache entry) (+267ms) (3571/4055)
11:42:57   ▶ /_astro/1_shocking_diseases_dentists_vadimguzhva-760x506-1.BXVVx5ys_DM4XD.avif (before: 30kB, after: 4kB) (+830ms) (3572/4055)
11:42:57   ▶ /_astro/dunedin-cliff.txhlGVUZ_L2rSi.avif (reused cache entry) (+74ms) (3573/4055)
11:42:57   ▶ /_astro/quiet-street.XSHPHwVz_2b3LJo.avif (reused cache entry) (+55ms) (3574/4055)
11:42:57   ▶ /_astro/768_21piyC.avif (reused cache entry) (+54ms) (3575/4055)
11:42:57   ▶ /_astro/castle.Cb20OytX_1FIB8Y.avif (reused cache entry) (+47ms) (3576/4055)
11:42:57   ▶ /_astro/teeth-denture-on-top-of-blue-shelf-scaled.BQbGHbTl_2kcjje.jpg (before: 164kB, after: 14kB) (+565ms) (3577/4055)
11:42:57   ▶ /_astro/Dental-Plaque-scaled.B726-XVU_Z2wN0BJ.avif (before: 331kB, after: 3kB) (+644ms) (3578/4055)
11:42:57   ▶ /_astro/dunedin-cliff.txhlGVUZ_Z1INBKE.avif (reused cache entry) (+55ms) (3579/4055)
11:42:57   ▶ /_astro/implants.FTeBMdbW_Z18n1c0.jpg (before: 48kB, after: 12kB) (+571ms) (3580/4055)
11:42:57   ▶ /_astro/quiet-street.XSHPHwVz_Z1sgXYY.avif (reused cache entry) (+26ms) (3581/4055)
11:42:58   ▶ /_astro/768_1yopLc.avif (reused cache entry) (+455ms) (3582/4055)
11:42:58   ▶ /_astro/castle.Cb20OytX_1NArAM.avif (reused cache entry) (+459ms) (3583/4055)
11:42:58   ▶ /_astro/dunedin-cliff.txhlGVUZ_Z1Mt9VV.avif (reused cache entry) (+462ms) (3584/4055)
11:42:58   ▶ /_astro/main-qimg-d7933d14cb6c8f73c313ca262b547358.BZrzjC-m_Xd9WI.jpg (before: 26kB, after: 17kB) (+798ms) (3585/4055)
11:42:58   ▶ /_astro/quiet-street.XSHPHwVz_Z2fp8bP.avif (reused cache entry) (+462ms) (3586/4055)
11:42:58   ▶ /_astro/768_ZQ3Cwn.avif (reused cache entry) (+38ms) (3587/4055)
11:42:58   ▶ /_astro/castle.Cb20OytX_Z2aFpDL.avif (reused cache entry) (+46ms) (3588/4055)
11:42:59   ▶ /_astro/dunedin-cliff.txhlGVUZ_2jifAC.jpg (reused cache entry) (+791ms) (3589/4055)
11:42:59   ▶ /_astro/quiet-street.XSHPHwVz_22DQqf.avif (reused cache entry) (+794ms) (3590/4055)
11:42:59   ▶ /_astro/1_shocking_diseases_dentists_vadimguzhva-760x506-1.BXVVx5ys_ZhDwAx.avif (before: 30kB, after: 2kB) (+1.33s) (3591/4055)
11:42:59   ▶ /_astro/castle.Cb20OytX_PruvH.avif (reused cache entry) (+775ms) (3592/4055)
11:42:59   ▶ /_astro/768_Z2dEjw4.png (reused cache entry) (+793ms) (3593/4055)
11:42:59   ▶ /_astro/dunedin-cliff.txhlGVUZ_12fPqQ.jpg (reused cache entry) (+20ms) (3594/4055)
11:42:59   ▶ /_astro/quiet-street.XSHPHwVz_Z1LJNjn.avif (reused cache entry) (+18ms) (3595/4055)
11:42:59   ▶ /_astro/castle.Cb20OytX_Z1AIJ4W.avif (reused cache entry) (+20ms) (3596/4055)
11:42:59   ▶ /_astro/teeth-denture-on-top-of-blue-shelf-scaled.BQbGHbTl_kB2kg.jpg (before: 164kB, after: 23kB) (+1.30s) (3597/4055)
11:42:59   ▶ /_astro/toothbar_ShareImage_B.DKeZGxgm_1IRT6k.avif (before: 222kB, after: 9kB) (+1.86s) (3598/4055)
11:42:59   ▶ /_astro/implants.FTeBMdbW_OUKdM.jpg (before: 48kB, after: 23kB) (+1.29s) (3599/4055)
11:42:59   ▶ /_astro/768_2omdmR.png (reused cache entry) (+32ms) (3600/4055)
11:42:59   ▶ /_astro/dunedin-cliff.txhlGVUZ_ZPlzfl.jpg (reused cache entry) (+29ms) (3601/4055)
11:42:59   ▶ /_astro/Dental-Plaque-scaled.B726-XVU_1I9l0m.avif (before: 331kB, after: 4kB) (+1.31s) (3602/4055)
11:42:59   ▶ /_astro/quiet-street.XSHPHwVz_HkDOd.avif (reused cache entry) (+29ms) (3603/4055)
11:42:59   ▶ /_astro/castle.Cb20OytX_ZXFSoY.avif (reused cache entry) (+24ms) (3604/4055)
11:42:59   ▶ /_astro/768_1zKT2o.png (reused cache entry) (+24ms) (3605/4055)
11:42:59   ▶ /_astro/dunedin-cliff.txhlGVUZ_1IYtTD.jpg (reused cache entry) (+33ms) (3606/4055)
11:42:59   ▶ /_astro/quiet-street.XSHPHwVz_1u4O1X.avif (reused cache entry) (+30ms) (3607/4055)
11:42:59   ▶ /_astro/castle.Cb20OytX_Z8FmRP.avif (reused cache entry) (+470ms) (3608/4055)
11:42:59   ▶ /_astro/main-qimg-d7933d14cb6c8f73c313ca262b547358.BZrzjC-m_Z1dB3fr.jpg (before: 26kB, after: 7kB) (+1.33s) (3609/4055)
11:42:59   ▶ /_astro/768_Z1NdJX3.png (reused cache entry) (+574ms) (3610/4055)
11:42:59   ▶ /_astro/quiet-street.XSHPHwVz_ZcptAB.avif (reused cache entry) (+579ms) (3611/4055)
11:42:59   ▶ /_astro/dunedin-cliff.txhlGVUZ_ZVGN9p.jpg (reused cache entry) (+580ms) (3612/4055)
11:42:59   ▶ /_astro/castle.Cb20OytX_2d343L.avif (reused cache entry) (+140ms) (3613/4055)
11:42:59   ▶ /_astro/care-chair-clean-305568-scaled.D6xaq-Zw_Z1Ai7JQ.avif (before: 356kB, after: 10kB) (+3.16s) (3614/4055)
11:42:59   ▶ /_astro/quiet-street.XSHPHwVz_Z1STMeb.avif (reused cache entry) (+20ms) (3615/4055)
11:42:59   ▶ /_astro/dunedin-cliff.txhlGVUZ_lzXtF.avif (reused cache entry) (+23ms) (3616/4055)
11:42:59   ▶ /_astro/toothbar_ShareImage_B.DKeZGxgm_18YdWR.avif (before: 222kB, after: 2kB) (+654ms) (3617/4055)
11:42:59   ▶ /_astro/768_Qvkxj.png (reused cache entry) (+44ms) (3618/4055)
11:42:59   ▶ /_astro/teeth-denture-on-top-of-blue-shelf-scaled.BQbGHbTl_1DSFKE.jpg (before: 164kB, after: 45kB) (+669ms) (3619/4055)
11:42:59   ▶ /_astro/castle.Cb20OytX_K7uAV.avif (reused cache entry) (+37ms) (3620/4055)
11:42:59   ▶ /_astro/implants.FTeBMdbW_2iLV4K.jpg (before: 48kB, after: 34kB) (+671ms) (3621/4055)
11:42:59   ▶ /_astro/dunedin-cliff.txhlGVUZ_1mH4kQ.avif (reused cache entry) (+33ms) (3622/4055)
11:42:59   ▶ /_astro/1_shocking_diseases_dentists_vadimguzhva-760x506-1.BXVVx5ys_1ETehp.avif (before: 30kB, after: 3kB) (+714ms) (3623/4055)
11:42:59   ▶ /_astro/quiet-street.XSHPHwVz_mXFvk.avif (reused cache entry) (+39ms) (3624/4055)
11:42:59   ▶ /_astro/profile.Dck5cZ4v_Z1lTeUt.avif (reused cache entry) (+28ms) (3625/4055)
11:42:59   ▶ /_astro/castle.Cb20OytX_9c6sR.avif (reused cache entry) (+31ms) (3626/4055)
11:43:01   ▶ /_astro/profile.Dck5cZ4v_1UFle8.jpg (reused cache entry) (+1.72s) (3627/4055)
11:43:01   ▶ /_astro/dunedin-cliff.txhlGVUZ_Z1ddmue.avif (reused cache entry) (+1.73s) (3628/4055)
11:43:01   ▶ /_astro/quiet-street.XSHPHwVz_Z1LT3Pd.avif (reused cache entry) (+1.72s) (3629/4055)
11:43:01   ▶ /_astro/castle.Cb20OytX_1gnff7.avif (reused cache entry) (+1.71s) (3630/4055)
11:43:01   ▶ /_astro/main-qimg-d7933d14cb6c8f73c313ca262b547358.BZrzjC-m_3fgrt.jpg (before: 26kB, after: 16kB) (+1.91s) (3631/4055)
11:43:01   ▶ /_astro/profile.Dck5cZ4v_Z1uAuT.avif (reused cache entry) (+6ms) (3632/4055)
11:43:01   ▶ /_astro/dunedin-cliff.txhlGVUZ_xklNR.avif (reused cache entry) (+6ms) (3633/4055)
11:43:01   ▶ /_astro/quiet-street.XSHPHwVz_Z256hfN.avif (reused cache entry) (+7ms) (3634/4055)
11:43:01   ▶ /_astro/castle.Cb20OytX_pzdEY.avif (reused cache entry) (+8ms) (3635/4055)
11:43:01   ▶ /_astro/toothbar_ShareImage_B.DKeZGxgm_1t4FLM.avif (before: 222kB, after: 4kB) (+1.77s) (3636/4055)
11:43:01   ▶ /_astro/Dental-Plaque-scaled.B726-XVU_ZECaHv.avif (before: 331kB, after: 6kB) (+2.41s) (3637/4055)
11:43:01   ▶ /_astro/teeth-denture-on-top-of-blue-shelf-scaled.BQbGHbTl_Z1UckBN.jpg (before: 164kB, after: 76kB) (+1.75s) (3638/4055)
11:43:01   ▶ /_astro/sunset.DuRdBenu_Z1vu8mo.avif (reused cache entry) (+9ms) (3639/4055)
11:43:01   ▶ /_astro/baylee-gramling-OTTKWktB8zU-unsplash-1-scaled.DUVM1T_N_Z12B8cu.avif (before: 449kB, after: 47kB) (+4.59s) (3640/4055)
11:43:01   ▶ /_astro/care-chair-clean-305568-scaled.D6xaq-Zw_ZwueaN.jpg (before: 356kB, after: 165kB) (+1.78s) (3641/4055)
11:43:01   ▶ /_astro/profile.Dck5cZ4v_Z1qzDLb.jpg (reused cache entry) (+9ms) (3642/4055)
11:43:01   ▶ /_astro/quiet-street.XSHPHwVz_2cWHmh.avif (reused cache entry) (+8ms) (3643/4055)
11:43:01   ▶ /_astro/dunedin-cliff.txhlGVUZ_sfDvR.avif (reused cache entry) (+9ms) (3644/4055)
11:43:01   ▶ /_astro/castle.Cb20OytX_Z1aoBUN.avif (reused cache entry) (+7ms) (3645/4055)
11:43:01   ▶ /_astro/sunset.DuRdBenu_2oJYrr.avif (reused cache entry) (+6ms) (3646/4055)
11:43:01   ▶ /_astro/sheep.3ubwki29_Z2p5h3q.avif (reused cache entry) (+8ms) (3647/4055)
11:43:01   ▶ /_astro/quiet-street.XSHPHwVz_1pOyaq.avif (reused cache entry) (+7ms) (3648/4055)
11:43:02   ▶ /_astro/dunedin-cliff.txhlGVUZ_1mAiCY.avif (reused cache entry) (+531ms) (3649/4055)
11:43:02   ▶ /_astro/castle.Cb20OytX_Z1eErhY.avif (reused cache entry) (+1.04s) (3650/4055)
11:43:02   ▶ /_astro/sunset.DuRdBenu_ZH8mVH.avif (reused cache entry) (+1.04s) (3651/4055)
11:43:02   ▶ /_astro/sheep.3ubwki29_2cD7Ib.avif (reused cache entry) (+1.05s) (3652/4055)
11:43:02   ▶ /_astro/quiet-street.XSHPHwVz_ZEvv53.avif (reused cache entry) (+1.05s) (3653/4055)
11:43:02   ▶ /_astro/dunedin-cliff.txhlGVUZ_I4nvO.jpg (reused cache entry) (+528ms) (3654/4055)
11:43:02   ▶ /_astro/castle.Cb20OytX_Z2luIx.avif (reused cache entry) (+19ms) (3655/4055)
11:43:02   ▶ /_astro/sunset.DuRdBenu_KHMTg.avif (reused cache entry) (+20ms) (3656/4055)
11:43:02   ▶ /_astro/sheep.3ubwki29_2kuXaY.avif (reused cache entry) (+18ms) (3657/4055)
11:43:02   ▶ /_astro/quiet-street.XSHPHwVz_2ie7q5.jpg (reused cache entry) (+21ms) (3658/4055)
11:43:02   ▶ /_astro/1_shocking_diseases_dentists_vadimguzhva-760x506-1.BXVVx5ys_ynfVX.jpg (before: 30kB, after: 15kB) (+2.82s) (3659/4055)
11:43:02   ▶ /_astro/implants.FTeBMdbW_yTrYO.avif (before: 48kB, after: 6kB) (+2.83s) (3660/4055)
11:43:02   ▶ /_astro/dunedin-cliff.txhlGVUZ_ZTEaD1.jpg (reused cache entry) (+19ms) (3661/4055)
11:43:02   ▶ /_astro/toothbar_ShareImage_B.DKeZGxgm_DOSzW.avif (before: 222kB, after: 5kB) (+1.08s) (3662/4055)
11:43:02   ▶ /_astro/care-chair-clean-305568-scaled.D6xaq-Zw_3MRwq.jpg (before: 356kB, after: 7kB) (+1.08s) (3663/4055)
11:43:02   ▶ /_astro/castle.Cb20OytX_Z1bOvcA.jpg (reused cache entry) (+21ms) (3664/4055)
11:43:02   ▶ /_astro/sunset.DuRdBenu_Z1U0bso.avif (reused cache entry) (+21ms) (3665/4055)
11:43:02   ▶ /_astro/sheep.3ubwki29_Z1DKT4z.avif (reused cache entry) (+17ms) (3666/4055)
11:43:02   ▶ /_astro/quiet-street.XSHPHwVz_Z26uM3w.jpg (reused cache entry) (+13ms) (3667/4055)
11:43:02   ▶ /_astro/dunedin-cliff.txhlGVUZ_1zBwkP.jpg (reused cache entry) (+13ms) (3668/4055)
11:43:02   ▶ /_astro/castle.Cb20OytX_ZFnbtH.jpg (reused cache entry) (+12ms) (3669/4055)
11:43:02   ▶ /_astro/sunset.DuRdBenu_235xBH.jpg (reused cache entry) (+13ms) (3670/4055)
11:43:02   ▶ /_astro/sheep.3ubwki29_1N46W0.avif (reused cache entry) (+225ms) (3671/4055)
11:43:03   ▶ /_astro/quiet-street.XSHPHwVz_Z2gdACy.jpg (reused cache entry) (+284ms) (3672/4055)
11:43:03   ▶ /_astro/dunedin-cliff.txhlGVUZ_Z1J1Sa0.jpg (reused cache entry) (+287ms) (3673/4055)
11:43:03   ▶ /_astro/castle.Cb20OytX_Z2fDPPl.jpg (reused cache entry) (+288ms) (3674/4055)
11:43:03   ▶ /_astro/sunset.DuRdBenu_Z2rkEQn.jpg (reused cache entry) (+286ms) (3675/4055)
11:43:03   ▶ /_astro/sheep.3ubwki29_14OPn9.avif (reused cache entry) (+78ms) (3676/4055)
11:43:03   ▶ /_astro/quiet-street.XSHPHwVz_Z1C8GLK.jpg (reused cache entry) (+25ms) (3677/4055)
11:43:03   ▶ /_astro/dunedin-cliff.txhlGVUZ_OJ3y1.jpg (reused cache entry) (+26ms) (3678/4055)
11:43:03   ▶ /_astro/castle.Cb20OytX_1fgCBW.jpg (reused cache entry) (+28ms) (3679/4055)
11:43:03   ▶ /_astro/sunset.DuRdBenu_Zt1SqA.jpg (reused cache entry) (+29ms) (3680/4055)
11:43:03   ▶ /_astro/1_shocking_diseases_dentists_vadimguzhva-760x506-1.BXVVx5ys_Zn3lCd.jpg (before: 30kB, after: 6kB) (+339ms) (3681/4055)
11:43:03   ▶ /_astro/implants.FTeBMdbW_Z1NaaeN.avif (before: 48kB, after: 2kB) (+339ms) (3682/4055)
11:43:03   ▶ /_astro/baylee-gramling-OTTKWktB8zU-unsplash-1-scaled.DUVM1T_N_Kb3Kv.avif (before: 449kB, after: 5kB) (+1.42s) (3683/4055)
11:43:03   ▶ /_astro/sheep.3ubwki29_ZjYq3N.jpg (reused cache entry) (+30ms) (3684/4055)
11:43:03   ▶ /_astro/toothbar_ShareImage_B.DKeZGxgm_Z71EcM.png (before: 222kB, after: 211kB) (+347ms) (3685/4055)
11:43:03   ▶ /_astro/quiet-street.XSHPHwVz_Z6VVMy.jpg (reused cache entry) (+30ms) (3686/4055)
11:43:03   ▶ /_astro/dunedin-cliff.txhlGVUZ_Z2fw3KM.avif (reused cache entry) (+30ms) (3687/4055)
11:43:03   ▶ /_astro/sunset.DuRdBenu_YOhpn.jpg (reused cache entry) (+23ms) (3688/4055)
11:43:03   ▶ /_astro/castle.Cb20OytX_Z2053Cd.jpg (reused cache entry) (+29ms) (3689/4055)
11:43:03   ▶ /_astro/sheep.3ubwki29_p1z3Q.jpg (reused cache entry) (+21ms) (3690/4055)
11:43:03   ▶ /_astro/quiet-street.XSHPHwVz_ZGHfvt.jpg (reused cache entry) (+24ms) (3691/4055)
11:43:03   ▶ /_astro/dunedin-cliff.txhlGVUZ_Z1c9USH.webp (reused cache entry) (+26ms) (3692/4055)
11:43:03   ▶ /_astro/sunset.DuRdBenu_a5Ewe.jpg (reused cache entry) (+28ms) (3693/4055)
11:43:03   ▶ /_astro/castle.Cb20OytX_Z1hB2u6.jpg (reused cache entry) (+201ms) (3694/4055)
11:43:03   ▶ /_astro/sheep.3ubwki29_wSpvE.jpg (reused cache entry) (+204ms) (3695/4055)
11:43:03   ▶ /_astro/care-chair-clean-305568-scaled.D6xaq-Zw_ZaYCIV.jpg (before: 356kB, after: 13kB) (+569ms) (3696/4055)
11:43:03   ▶ /_astro/sunset.DuRdBenu_ZjP8j7.avif (reused cache entry) (+794ms) (3697/4055)
11:43:03   ▶ /_astro/castle.Cb20OytX_Z1neSzb.jpg (reused cache entry) (+625ms) (3698/4055)
11:43:03   ▶ /_astro/dunedin-cliff.txhlGVUZ_ZnSYxV.avif (reused cache entry) (+807ms) (3699/4055)
11:43:03   ▶ /_astro/sunset.DuRdBenu_Z1fnEuE.avif (reused cache entry) (+68ms) (3700/4055)
11:43:03   ▶ /_astro/1_shocking_diseases_dentists_vadimguzhva-760x506-1.BXVVx5ys_1zupfJ.jpg (before: 30kB, after: 11kB) (+914ms) (3701/4055)
11:43:03   ▶ /_astro/Dental-Plaque-scaled.B726-XVU_Zdp8jJ.avif (before: 331kB, after: 8kB) (+2.34s) (3702/4055)
11:43:03   ▶ /_astro/sheep.3ubwki29_1CNG52.jpg (reused cache entry) (+685ms) (3703/4055)
11:43:03   ▶ /_astro/toothbar_ShareImage_B.DKeZGxgm_Z21Lo1R.png (before: 222kB, after: 58kB) (+907ms) (3704/4055)
11:43:03   ▶ /_astro/quiet-street.XSHPHwVz_Z29AQBz.jpg (reused cache entry) (+879ms) (3705/4055)
11:43:03   ▶ /_astro/dunedin-cliff.txhlGVUZ_2qxTO4.avif (reused cache entry) (+68ms) (3706/4055)
11:43:03   ▶ /_astro/implants.FTeBMdbW_Z19QwCa.avif (before: 48kB, after: 3kB) (+924ms) (3707/4055)
11:43:03   ▶ /_astro/castle.Cb20OytX_Z1fn37n.jpg (reused cache entry) (+74ms) (3708/4055)
11:43:03   ▶ /_astro/sunset.DuRdBenu_Z17vO2Q.avif (reused cache entry) (+13ms) (3709/4055)
11:43:03   ▶ /_astro/profile1.3Da2ia4z_27MMSO.avif (reused cache entry) (+13ms) (3710/4055)
11:43:03   ▶ /_astro/baylee-gramling-OTTKWktB8zU-unsplash-1-scaled.DUVM1T_N_13Pc5o.avif (before: 449kB, after: 9kB) (+929ms) (3711/4055)
11:43:03   ▶ /_astro/quiet-street.XSHPHwVz_ZcIxxh.jpg (reused cache entry) (+18ms) (3712/4055)
11:43:04   ▶ /_astro/dunedin-cliff.txhlGVUZ_1hfVjW.avif (reused cache entry) (+20ms) (3713/4055)
11:43:04   ▶ /_astro/sheep.3ubwki29_22aAs7.jpg (reused cache entry) (+26ms) (3714/4055)
11:43:04   ▶ /_astro/castle.Cb20OytX_Z9rLy0.jpg (reused cache entry) (+58ms) (3715/4055)
11:43:04   ▶ /_astro/sunset.DuRdBenu_Z1Axtt.avif (reused cache entry) (+58ms) (3716/4055)
11:43:04   ▶ /_astro/profile1.3Da2ia4z_ZVaGOl.jpg (reused cache entry) (+59ms) (3717/4055)
11:43:04   ▶ /_astro/quiet-street.XSHPHwVz_ZYQGJ8.jpg (reused cache entry) (+61ms) (3718/4055)
11:43:04   ▶ /_astro/dunedin-cliff.txhlGVUZ_jsh8j.avif (reused cache entry) (+63ms) (3719/4055)
11:43:04   ▶ /_astro/sheep.3ubwki29_Z1Ugrra.jpg (reused cache entry) (+80ms) (3720/4055)
11:43:04   ▶ /_astro/castle.Cb20OytX_2qYCCn.jpg (reused cache entry) (+101ms) (3721/4055)
11:43:04   ▶ /_astro/sunset.DuRdBenu_1lkD6H.avif (reused cache entry) (+101ms) (3722/4055)
11:43:04   ▶ /_astro/profile2.CPtbMybO_QNpPt.avif (reused cache entry) (+101ms) (3723/4055)
11:43:04   ▶ /_astro/quiet-street.XSHPHwVz_Z1LYPUY.jpg (reused cache entry) (+99ms) (3724/4055)
11:43:04   ▶ /_astro/dunedin-cliff.txhlGVUZ_Z1pzvM.jpg (reused cache entry) (+93ms) (3725/4055)
11:43:04   ▶ /_astro/teeth-denture-on-top-of-blue-shelf-scaled.BQbGHbTl_1f2qoX.avif (before: 164kB, after: 11kB) (+2.52s) (3726/4055)
11:43:04   ▶ /_astro/profile3.CFgrGJnX_21vpo9.avif (reused cache entry) (+79ms) (3727/4055)
11:43:04   ▶ /_astro/sunset.DuRdBenu_Z1AYs6C.jpg (reused cache entry) (+22ms) (3728/4055)
11:43:04   ▶ /_astro/profile2.CPtbMybO_Z2ca4RG.jpg (reused cache entry) (+25ms) (3729/4055)
11:43:04   ▶ /_astro/castle.Cb20OytX_2cj4Vt.jpg (reused cache entry) (+31ms) (3730/4055)
11:43:04   ▶ /_astro/dunedin-cliff.txhlGVUZ_9bEPc.jpg (reused cache entry) (+25ms) (3731/4055)
11:43:04   ▶ /_astro/toothbar_ShareImage_B.DKeZGxgm_Z1GFVcW.png (before: 222kB, after: 120kB) (+206ms) (3732/4055)
11:43:04   ▶ /_astro/care-chair-clean-305568-scaled.D6xaq-Zw_ZwQSbi.jpg (before: 356kB, after: 20kB) (+891ms) (3733/4055)
11:43:04   ▶ /_astro/quiet-street.XSHPHwVz_Z12diQp.jpg (reused cache entry) (+28ms) (3734/4055)
11:43:04   ▶ /_astro/Dental-Plaque-scaled.B726-XVU_ZgMNUR.jpg (before: 331kB, after: 132kB) (+208ms) (3735/4055)
11:43:04   ▶ /_astro/profile3.CFgrGJnX_Z12s5k1.jpg (reused cache entry) (+24ms) (3736/4055)
11:43:04   ▶ /_astro/sunset.DuRdBenu_KOXA7.jpg (reused cache entry) (+17ms) (3737/4055)
11:43:04   ▶ /_astro/profile2.CPtbMybO_aRxoa.avif (reused cache entry) (+14ms) (3738/4055)
11:43:04   ▶ /_astro/dunedin-cliff.txhlGVUZ_Z106iDU.jpg (reused cache entry) (+11ms) (3739/4055)
11:43:04   ▶ /_astro/castle.Cb20OytX_BQeGG.jpg (reused cache entry) (+20ms) (3740/4055)
11:43:04   ▶ /_astro/quiet-street.XSHPHwVz_14O3Qm.jpg (reused cache entry) (+23ms) (3741/4055)
11:43:04   ▶ /_astro/profile4.hPOV2cWw_122Jcq.avif (reused cache entry) (+26ms) (3742/4055)
11:43:04   ▶ /_astro/sunset.DuRdBenu_SGO2U.jpg (reused cache entry) (+28ms) (3743/4055)
11:43:04   ▶ /_astro/profile2.CPtbMybO_oY1Th.jpg (reused cache entry) (+212ms) (3744/4055)
11:43:04   ▶ /_astro/dunedin-cliff.txhlGVUZ_FVGas.jpg (reused cache entry) (+214ms) (3745/4055)
11:43:04   ▶ /_astro/castle.Cb20OytX_1RxgcV.jpg (reused cache entry) (+269ms) (3746/4055)
11:43:04   ▶ /_astro/quiet-street.XSHPHwVz_Z2lypQK.jpg (reused cache entry) (+261ms) (3747/4055)
11:43:04   ▶ /_astro/profile4.hPOV2cWw_Z21UKvJ.jpg (reused cache entry) (+259ms) (3748/4055)
11:43:04   ▶ /_astro/sunset.DuRdBenu_1YC5Bi.jpg (reused cache entry) (+260ms) (3749/4055)
11:43:04   ▶ /_astro/profile5.OBHKIg-k_Kk6HI.avif (reused cache entry) (+75ms) (3750/4055)
11:43:04   ▶ /_astro/700x600_2t8O2s.avif (reused cache entry) (+68ms) (3751/4055)
11:43:04   ▶ /_astro/quiet-street.XSHPHwVz_128pjB.jpg (reused cache entry) (+13ms) (3752/4055)
11:43:04   ▶ /_astro/castle.Cb20OytX_ZPUqEo.jpg (reused cache entry) (+16ms) (3753/4055)
11:43:04   ▶ /_astro/580x420_Z1LcINa.avif (reused cache entry) (+12ms) (3754/4055)
11:43:04   ▶ /_astro/toothbar_ShareImage_B.DKeZGxgm_Z2vUIoM.png (before: 222kB, after: 201kB) (+302ms) (3755/4055)
11:43:04   ▶ /_astro/implants.FTeBMdbW_Z1xnVBx.avif (before: 48kB, after: 4kB) (+499ms) (3756/4055)
11:43:04   ▶ /_astro/profile5.OBHKIg-k_Z2iDo0r.jpg (reused cache entry) (+11ms) (3757/4055)
11:43:04   ▶ /_astro/Dental-Plaque-scaled.B726-XVU_1EAHch.jpg (before: 331kB, after: 5kB) (+303ms) (3758/4055)
11:43:04   ▶ /_astro/sunset.DuRdBenu_Z28jmAy.jpg (reused cache entry) (+14ms) (3759/4055)
11:43:04   ▶ /_astro/700x600_Z2p8tu6.png (reused cache entry) (+12ms) (3760/4055)
11:43:04   ▶ /_astro/quiet-street.XSHPHwVz_ZElSiX.jpg (reused cache entry) (+12ms) (3761/4055)
11:43:04   ▶ /_astro/580x420_Z1zhSvM.png (reused cache entry) (+13ms) (3762/4055)
11:43:04   ▶ /_astro/254x254_Z1lwCzf.avif (reused cache entry) (+13ms) (3763/4055)
11:43:04   ▶ /_astro/castle.Cb20OytX_2lECHB.jpg (reused cache entry) (+16ms) (3764/4055)
11:43:04   ▶ /_astro/teeth-denture-on-top-of-blue-shelf-scaled.BQbGHbTl_ZOT29c.avif (before: 164kB, after: 1kB) (+338ms) (3765/4055)
11:43:04   ▶ /_astro/680x666_1GUYMR.avif (reused cache entry) (+13ms) (3766/4055)
11:43:04   ▶ /_astro/255x300_1Upbu4.avif (reused cache entry) (+12ms) (3767/4055)
11:43:04   ▶ /_astro/600x700_1Hbgc.avif (reused cache entry) (+12ms) (3768/4055)
11:43:04   ▶ /_astro/738x600_Zrr6A2.avif (reused cache entry) (+7ms) (3769/4055)
11:43:04   ▶ /_astro/quiet-street.XSHPHwVz_Js5xt.jpg (reused cache entry) (+19ms) (3770/4055)
11:43:04   ▶ /_astro/254x254_ZnDMfb.avif (reused cache entry) (+42ms) (3771/4055)
11:43:04   ▶ /_astro/castle.Cb20OytX_1JJezx.jpg (reused cache entry) (+50ms) (3772/4055)
11:43:04   ▶ /_astro/680x666_Z2pniG0.avif (reused cache entry) (+49ms) (3773/4055)
11:43:04   ▶ /_astro/255x300_27k1Lr.png (reused cache entry) (+50ms) (3774/4055)
11:43:04   ▶ /_astro/600x700_YA1Ag.avif (reused cache entry) (+50ms) (3775/4055)
11:43:04   ▶ /_astro/738x600_vqIJ2.avif (reused cache entry) (+51ms) (3776/4055)
11:43:04   ▶ /_astro/quiet-street.XSHPHwVz_Z12mynf.jpg (reused cache entry) (+46ms) (3777/4055)
11:43:04   ▶ /_astro/254x254_ZtU4g0.avif (reused cache entry) (+48ms) (3778/4055)
11:43:04   ▶ /_astro/castle.Cb20OytX_Z1MAft3.jpg (reused cache entry) (+41ms) (3779/4055)
11:43:04   ▶ /_astro/680x666_Z2vDzGO.avif (reused cache entry) (+42ms) (3780/4055)
11:43:04   ▶ /_astro/420x480_ZNjbrU.avif (reused cache entry) (+41ms) (3781/4055)
11:43:04   ▶ /_astro/600x700_SjJzr.avif (reused cache entry) (+40ms) (3782/4055)
11:43:04   ▶ /_astro/738x600_parId.avif (reused cache entry) (+39ms) (3783/4055)
11:43:04   ▶ /_astro/implants.FTeBMdbW_ZHeQMG.jpg (before: 48kB, after: 26kB) (+108ms) (3784/4055)
11:43:04   ▶ /_astro/quiet-street.XSHPHwVz_ZOxPN6.jpg (reused cache entry) (+36ms) (3785/4055)
11:43:04   ▶ /_astro/254x254_1qt505.avif (reused cache entry) (+8ms) (3786/4055)
11:43:04   ▶ /_astro/680x666_ZpK9N7.avif (reused cache entry) (+5ms) (3787/4055)
11:43:04   ▶ /_astro/castle.Cb20OytX_2qMQKK.jpg (reused cache entry) (+7ms) (3788/4055)
11:43:04   ▶ /_astro/420x480_9yDR9.avif (reused cache entry) (+5ms) (3789/4055)
11:43:04   ▶ /_astro/600x700_Z1vLSdB.avif (reused cache entry) (+5ms) (3790/4055)
11:43:04   ▶ /_astro/Dental-Plaque-scaled.B726-XVU_1YGa1c.jpg (before: 331kB, after: 10kB) (+111ms) (3791/4055)
11:43:04   ▶ /_astro/738x600_Z14TwiU.avif (reused cache entry) (+6ms) (3792/4055)
11:43:04   ▶ /_astro/care-chair-clean-305568-scaled.D6xaq-Zw_2qvFDH.jpg (before: 356kB, after: 38kB) (+415ms) (3793/4055)
11:43:04   ▶ /_astro/254x254_1aYfej.avif (reused cache entry) (+5ms) (3794/4055)
11:43:04   ▶ /_astro/quiet-street.XSHPHwVz_Z1BFYYW.jpg (reused cache entry) (+7ms) (3795/4055)
11:43:04   ▶ /_astro/680x666_ZFeYyS.avif (reused cache entry) (+5ms) (3796/4055)
11:43:04   ▶ /_astro/420x480_3imQk.avif (reused cache entry) (+5ms) (3797/4055)
11:43:04   ▶ /_astro/castle.Cb20OytX_PO19X.jpg (reused cache entry) (+7ms) (3798/4055)
11:43:04   ▶ /_astro/600x700_Z1LgHYn.avif (reused cache entry) (+6ms) (3799/4055)
11:43:04   ▶ /_astro/738x600_Z1kom4G.avif (reused cache entry) (+6ms) (3800/4055)
11:43:04   ▶ /_astro/254x254_Z19BMhR.png (reused cache entry) (+7ms) (3801/4055)
11:43:04   ▶ /_astro/quiet-street.XSHPHwVz_Z2oO9bN.jpg (reused cache entry) (+12ms) (3802/4055)
11:43:04   ▶ /_astro/680x666_1SPP5f.png (reused cache entry) (+13ms) (3803/4055)
11:43:04   ▶ /_astro/420x480_Z21tHxu.avif (reused cache entry) (+34ms) (3804/4055)
11:43:04   ▶ /_astro/castle.Cb20OytX_lRFNG.jpg (reused cache entry) (+38ms) (3805/4055)
11:43:04   ▶ /_astro/600x700_dC1xz.png (reused cache entry) (+67ms) (3806/4055)
11:43:04   ▶ /_astro/738x600_ZfwgiE.png (reused cache entry) (+67ms) (3807/4055)
11:43:04   ▶ /_astro/254x254_ZbIVWN.png (reused cache entry) (+66ms) (3808/4055)
11:43:04   ▶ /_astro/quiet-street.XSHPHwVz_50YmU.jpg (reused cache entry) (+64ms) (3809/4055)
11:43:04   ▶ /_astro/680x666_Z2dssoC.png (reused cache entry) (+64ms) (3810/4055)
11:43:04   ▶ /_astro/420x480_Z2gXxjg.avif (reused cache entry) (+43ms) (3811/4055)
11:43:04   ▶ /_astro/castle.Cb20OytX_1ybCn8.jpg (reused cache entry) (+45ms) (3812/4055)
11:43:04   ▶ /_astro/600x700_1buQRD.png (reused cache entry) (+18ms) (3813/4055)
11:43:04   ▶ /_astro/738x600_Hlz1p.png (reused cache entry) (+18ms) (3814/4055)
11:43:04   ▶ /_astro/254x254_Zi0dXC.png (reused cache entry) (+19ms) (3815/4055)
11:43:04   ▶ /_astro/180x180_1INdJ6.avif (reused cache entry) (+16ms) (3816/4055)
11:43:04   ▶ /_astro/680x666_Z2jIJpr.png (reused cache entry) (+16ms) (3817/4055)
11:43:04   ▶ /_astro/implants.FTeBMdbW_ZcC288.jpg (before: 48kB, after: 6kB) (+101ms) (3818/4055)
11:43:04   ▶ /_astro/420x480_ZBolax.png (reused cache entry) (+17ms) (3819/4055)
11:43:04   ▶ /_astro/baylee-gramling-OTTKWktB8zU-unsplash-1-scaled.DUVM1T_N_rLtHo.avif (before: 449kB, after: 12kB) (+706ms) (3820/4055)
11:43:04   ▶ /_astro/600x700_15ezQO.png (reused cache entry) (+10ms) (3821/4055)
11:43:04   ▶ /_astro/738x600_B5i0A.png (reused cache entry) (+10ms) (3822/4055)
11:43:04   ▶ /_astro/castle.Cb20OytX_Z169YaK.avif (reused cache entry) (+15ms) (3823/4055)
11:43:04   ▶ /_astro/254x254_2oE00P.png (reused cache entry) (+9ms) (3824/4055)
11:43:04   ▶ /_astro/180x180_1UI41t.png (reused cache entry) (+8ms) (3825/4055)
11:43:04   ▶ /_astro/420x480_ltu9w.png (reused cache entry) (+7ms) (3826/4055)
11:43:04   ▶ /_astro/680x666_xpKcD.png (reused cache entry) (+10ms) (3827/4055)
11:43:04   ▶ /_astro/600x700_ZxAXcQ.png (reused cache entry) (+8ms) (3828/4055)
11:43:04   ▶ /_astro/738x600_Z6IBia.png (reused cache entry) (+11ms) (3829/4055)
11:43:04   ▶ /_astro/castle.Cb20OytX_fF7h9.avif (reused cache entry) (+10ms) (3830/4055)
11:43:04   ▶ /_astro/254x254_29aaf4.png (reused cache entry) (+61ms) (3831/4055)
11:43:04   ▶ /_astro/575x400_ZcTzRU.avif (reused cache entry) (+61ms) (3832/4055)
11:43:04   ▶ /_astro/420x480_fdd8H.png (reused cache entry) (+61ms) (3833/4055)
11:43:04   ▶ /_astro/Dental-Plaque-scaled.B726-XVU_1armOm.jpg (before: 331kB, after: 16kB) (+167ms) (3834/4055)
11:43:04   ▶ /_astro/680x666_hUUqR.png (reused cache entry) (+63ms) (3835/4055)
11:43:04   ▶ /_astro/600x700_ZN5MXC.png (reused cache entry) (+64ms) (3836/4055)
11:43:04   ▶ /_astro/738x600_Zmdr3V.png (reused cache entry) (+62ms) (3837/4055)
11:43:04   ▶ /_astro/castle.Cb20OytX_2dXSGV.avif (reused cache entry) (+63ms) (3838/4055)
11:43:04   ▶ /_astro/200x200_1Lk6JN.avif (reused cache entry) (+13ms) (3839/4055)
11:43:04   ▶ /_astro/575x400_JXfr9.avif (reused cache entry) (+12ms) (3840/4055)
11:43:04   ▶ /_astro/420x480_Z13iMwJ.png (reused cache entry) (+13ms) (3841/4055)
11:43:04   ▶ /_astro/400x400_26BCFU.avif (reused cache entry) (+11ms) (3842/4055)
11:43:04   ▶ /_astro/600x400_2b5WvL.avif (reused cache entry) (+9ms) (3843/4055)
11:43:04   ▶ /_astro/1440x700_y1sXA.avif (reused cache entry) (+8ms) (3844/4055)
11:43:04   ▶ /_astro/castle.Cb20OytX_Z1nm4g2.avif (reused cache entry) (+8ms) (3845/4055)
11:43:04   ▶ /_astro/implants.FTeBMdbW_qFAtv.jpg (before: 48kB, after: 11kB) (+157ms) (3846/4055)
11:43:04   ▶ /_astro/200x200_1XeW2b.png (reused cache entry) (+79ms) (3847/4055)
11:43:04   ▶ /_astro/575x400_DGXqk.avif (reused cache entry) (+80ms) (3848/4055)
11:43:04   ▶ /_astro/420x480_Z1iMCiv.png (reused cache entry) (+82ms) (3849/4055)
11:43:04   ▶ /_astro/400x400_Z20GEMW.avif (reused cache entry) (+82ms) (3850/4055)
11:43:04   ▶ /_astro/600x400_2n0MN9.png (reused cache entry) (+83ms) (3851/4055)
11:43:04   ▶ /_astro/1440x700_Z13TH8G.avif (reused cache entry) (+83ms) (3852/4055)
11:43:04   ▶ /_astro/castle.Cb20OytX_Z2pSk3o.avif (reused cache entry) (+83ms) (3853/4055)
11:43:04   ▶ /_astro/800x600_2vntrS.avif (reused cache entry) (+13ms) (3854/4055)
11:43:04   ▶ /_astro/575x400_1dpqLH.avif (reused cache entry) (+12ms) (3855/4055)
11:43:04   ▶ /_astro/550x430_KUEuv.avif (reused cache entry) (+9ms) (3856/4055)
11:43:04   ▶ /_astro/400x400_Z26WVNL.avif (reused cache entry) (+10ms) (3857/4055)
11:43:04   ▶ /_astro/500x600_2oEucB.avif (reused cache entry) (+10ms) (3858/4055)
11:43:04   ▶ /_astro/1440x700_Z1bwzrh.avif (reused cache entry) (+21ms) (3859/4055)
11:43:04   ▶ /_astro/castle.Cb20OytX_1xWmIy.avif (reused cache entry) (+22ms) (3860/4055)
11:43:04   ▶ /_astro/teeth-denture-on-top-of-blue-shelf-scaled.BQbGHbTl_Z11DOG4.avif (before: 164kB, after: 2kB) (+390ms) (3861/4055)
11:43:04   ▶ /_astro/800x600_Z1AUO1Y.avif (reused cache entry) (+23ms) (3862/4055)
11:43:04   ▶ /_astro/575x400_WUB0V.avif (reused cache entry) (+23ms) (3863/4055)
11:43:04   ▶ /_astro/550x430_1INuOz.avif (reused cache entry) (+23ms) (3864/4055)
11:43:04   ▶ /_astro/400x400_1W0j1x.avif (reused cache entry) (+22ms) (3865/4055)
11:43:04   ▶ /_astro/500x600_Z2tBNjW.png (reused cache entry) (+23ms) (3866/4055)
11:43:04   ▶ /_astro/1440x700_Z1YGwmH.avif (reused cache entry) (+14ms) (3867/4055)
11:43:04   ▶ /_astro/castle.Cb20OytX_2spGNl.jpg (reused cache entry) (+17ms) (3868/4055)
11:43:04   ▶ /_astro/800x600_Z1Hc62N.avif (reused cache entry) (+17ms) (3869/4055)
11:43:04   ▶ /_astro/575x400_ZYJAx.png (reused cache entry) (+17ms) (3870/4055)
11:43:04   ▶ /_astro/550x430_1CxdNK.avif (reused cache entry) (+17ms) (3871/4055)
11:43:04   ▶ /_astro/400x400_1GvtfL.avif (reused cache entry) (+18ms) (3872/4055)
11:43:04   ▶ /_astro/460x330_FQuSJ.avif (reused cache entry) (+19ms) (3873/4055)
11:43:04   ▶ /_astro/care-chair-clean-305568-scaled.D6xaq-Zw_1dCG6e.jpg (before: 356kB, after: 64kB) (+325ms) (3874/4055)
11:43:04   ▶ /_astro/1440x700_1kDlSY.avif (reused cache entry) (+34ms) (3875/4055)
11:43:04   ▶ /_astro/castle.Cb20OytX_tLAMg.jpg (reused cache entry) (+28ms) (3876/4055)
11:43:04   ▶ /_astro/800x600_ZHLNyh.avif (reused cache entry) (+27ms) (3877/4055)
11:43:04   ▶ /_astro/575x400_VS5Iw.png (reused cache entry) (+27ms) (3878/4055)
11:43:04   ▶ /_astro/550x430_17gnLj.avif (reused cache entry) (+27ms) (3879/4055)
11:43:04   ▶ /_astro/400x400_2iwsXi.png (reused cache entry) (+26ms) (3880/4055)
11:43:04   ▶ /_astro/460x330_RLlb7.png (reused cache entry) (+27ms) (3881/4055)
11:43:04   ▶ /_astro/900x760_1D10sR.avif (reused cache entry) (+19ms) (3882/4055)
11:43:04   ▶ /_astro/1440x700_1wcnYl.png (reused cache entry) (+11ms) (3883/4055)
11:43:04   ▶ /_astro/castle.Cb20OytX_2s5nd3.jpg (reused cache entry) (+13ms) (3884/4055)
11:43:04   ▶ /_astro/800x600_ZXgDk3.avif (reused cache entry) (+14ms) (3885/4055)
11:43:04   ▶ /_astro/575x400_PBNHH.png (reused cache entry) (+14ms) (3886/4055)
11:43:04   ▶ /_astro/550x430_QLy0x.avif (reused cache entry) (+14ms) (3887/4055)
11:43:04   ▶ /_astro/400x400_Z1NLOvz.png (reused cache entry) (+12ms) (3888/4055)
11:43:04   ▶ /_astro/480x420_Z1NrodA.avif (reused cache entry) (+10ms) (3889/4055)
11:43:04   ▶ /_astro/implants.FTeBMdbW_39bu8.jpg (before: 48kB, after: 16kB) (+100ms) (3890/4055)
11:43:04   ▶ /_astro/900x760_Z2tii10.avif (reused cache entry) (+10ms) (3891/4055)
11:43:04   ▶ /_astro/1440x700_Z5IM7V.png (reused cache entry) (+10ms) (3892/4055)
11:43:04   ▶ /_astro/castle.Cb20OytX_Z19fzJU.jpg (reused cache entry) (+10ms) (3893/4055)
11:43:04   ▶ /_astro/800x600_Z2mSO4F.png (reused cache entry) (+11ms) (3894/4055)
11:43:04   ▶ /_astro/575x400_2bAlMs.png (reused cache entry) (+11ms) (3895/4055)
11:43:04   ▶ /_astro/550x430_WPuLS.png (reused cache entry) (+11ms) (3896/4055)
11:43:04   ▶ /_astro/400x400_Z1U36wo.png (reused cache entry) (+12ms) (3897/4055)
11:43:04   ▶ /_astro/480x420_ZPyxSw.avif (reused cache entry) (+12ms) (3898/4055)
11:43:04   ▶ /_astro/80x80_YrOSx.avif (reused cache entry) (+14ms) (3899/4055)
11:43:04   ▶ /_astro/900x760_2uCyM7.avif (reused cache entry) (+14ms) (3900/4055)
11:43:04   ▶ /_astro/1440x700_ZdlEqw.png (reused cache entry) (+14ms) (3901/4055)
11:43:04   ▶ /_astro/castle.Cb20OytX_ZkMt3L.jpg (reused cache entry) (+16ms) (3902/4055)
11:43:04   ▶ /_astro/800x600_Z1p0XJB.png (reused cache entry) (+16ms) (3903/4055)
11:43:04   ▶ /_astro/575x400_1V6w1G.png (reused cache entry) (+16ms) (3904/4055)
11:43:04   ▶ /_astro/550x430_1UIl6W.png (reused cache entry) (+16ms) (3905/4055)
11:43:04   ▶ /_astro/400x400_Z2a0TLD.png (reused cache entry) (+16ms) (3906/4055)
11:43:04   ▶ /_astro/480x420_ZVOOTl.avif (reused cache entry) (+16ms) (3907/4055)
11:43:04   ▶ /_astro/80x80_Z37lnh.png (reused cache entry) (+15ms) (3908/4055)
11:43:04   ▶ /_astro/900x760_Z2pcNX7.avif (reused cache entry) (+15ms) (3909/4055)
11:43:04   ▶ /_astro/1440x700_Z2qkUSV.png (reused cache entry) (+16ms) (3910/4055)
11:43:04   ▶ /_astro/800x600_Z1vhfKq.png (reused cache entry) (+11ms) (3911/4055)
11:43:04   ▶ /_astro/280x280_ZD95cj.avif (reused cache entry) (+9ms) (3912/4055)
11:43:04   ▶ /_astro/550x430_1Os468.png (reused cache entry) (+11ms) (3913/4055)
11:43:04   ▶ /_astro/400x400_Z2puJxp.png (reused cache entry) (+11ms) (3914/4055)
11:43:04   ▶ /_astro/castle.Cb20OytX_2kTSI.jpg (reused cache entry) (+18ms) (3915/4055)
11:43:04   ▶ /_astro/480x420_2uINsd.avif (reused cache entry) (+12ms) (3916/4055)
11:43:04   ▶ /_astro/800x700_6bv63.avif (reused cache entry) (+11ms) (3917/4055)
11:43:04   ▶ /_astro/900x760_2puu53.avif (reused cache entry) (+11ms) (3918/4055)
11:43:04   ▶ /_astro/1440x700_SYWmK.png (reused cache entry) (+10ms) (3919/4055)
11:43:04   ▶ /_astro/800x600_fo6rt.png (reused cache entry) (+10ms) (3920/4055)
11:43:04   ▶ /_astro/280x280_ZreeTV.png (reused cache entry) (+10ms) (3921/4055)
11:43:04   ▶ /_astro/400x400_5k6jI.avif (reused cache entry) (+6ms) (3922/4055)
11:43:05   ▶ /_astro/550x430_25riM4.png (reused cache entry) (+8ms) (3923/4055)
11:43:05   ▶ /_astro/220x80_20bets.avif (reused cache entry) (+6ms) (3924/4055)
11:43:05   ▶ /_astro/480x420_2feXGr.avif (reused cache entry) (+5ms) (3925/4055)
11:43:05   ▶ /_astro/800x700_144lq7.avif (reused cache entry) (+6ms) (3926/4055)
11:43:05   ▶ /_astro/Dental-Plaque-scaled.B726-XVU_Z2wQNPH.jpg (before: 331kB, after: 32kB) (+234ms) (3927/4055)
11:43:05   ▶ /_astro/900x760_1OUPKf.png (reused cache entry) (+6ms) (3928/4055)
11:43:05   ▶ /_astro/1200x900_p2ULQ.avif (reused cache entry) (+5ms) (3929/4055)
11:43:05   ▶ /_astro/900x780_28xhs0.avif (reused cache entry) (+4ms) (3930/4055)
11:43:05   ▶ /_astro/400x400_heVB6.png (reused cache entry) (+4ms) (3931/4055)
11:43:05   ▶ /_astro/800x600_Z5Iji.png (reused cache entry) (+7ms) (3932/4055)
11:43:05   ▶ /_astro/220x80_cumPE.png (reused cache entry) (+5ms) (3933/4055)
11:43:05   ▶ /_astro/550x430_1OWt1i.png (reused cache entry) (+6ms) (3934/4055)
11:43:05   ▶ /_astro/800x700_WN4pi.avif (reused cache entry) (+5ms) (3935/4055)
11:43:05   ▶ /_astro/480x420_Z1BwxVd.png (reused cache entry) (+8ms) (3936/4055)
11:43:05   ▶ /_astro/900x760_Z2hnrIC.png (reused cache entry) (+6ms) (3937/4055)
11:43:05   ▶ /_astro/900x780_Z1XL11R.avif (reused cache entry) (+11ms) (3938/4055)
11:43:05   ▶ /_astro/1200x900_Z1cSfkq.avif (reused cache entry) (+12ms) (3939/4055)
11:43:05   ▶ /_astro/440x440_Z1DdwGB.avif (reused cache entry) (+17ms) (3940/4055)
11:43:05   ▶ /_astro/1920x900_ORLqp.avif (reused cache entry) (+16ms) (3941/4055)
11:43:05   ▶ /_astro/200x110_ZDoUde.avif (reused cache entry) (+17ms) (3942/4055)
11:43:05   ▶ /_astro/200x110_Z1zgG9g.avif (reused cache entry) (+17ms) (3943/4055)
11:43:05   ▶ /_astro/800x700_K7bBO.avif (reused cache entry) (+18ms) (3944/4055)
11:43:05   ▶ /_astro/480x420_ZDDHB9.png (reused cache entry) (+17ms) (3945/4055)
11:43:05   ▶ /_astro/900x760_Z2nDIJr.png (reused cache entry) (+20ms) (3946/4055)
11:43:05   ▶ /_astro/900x780_Z252i2G.avif (reused cache entry) (+17ms) (3947/4055)
11:43:05   ▶ /_astro/1200x900_Z1kv7D1.avif (reused cache entry) (+16ms) (3948/4055)
11:43:05   ▶ /_astro/440x440_ZJmJp3.avif (reused cache entry) (+13ms) (3949/4055)
11:43:05   ▶ /_astro/1920x900_ZM3oFR.avif (reused cache entry) (+12ms) (3950/4055)
11:43:05   ▶ /_astro/200x110_2puGev.avif (reused cache entry) (+13ms) (3951/4055)
11:43:05   ▶ /_astro/200x110_5UXKx.avif (reused cache entry) (+13ms) (3952/4055)
11:43:05   ▶ /_astro/800x700_uClQ3.avif (reused cache entry) (+13ms) (3953/4055)
11:43:05   ▶ /_astro/480x420_ZJTYBX.png (reused cache entry) (+12ms) (3954/4055)
11:43:05   ▶ /_astro/900x760_Z1r1SWm.png (reused cache entry) (+11ms) (3955/4055)
11:43:05   ▶ /_astro/900x780_Z29oBQQ.avif (reused cache entry) (+10ms) (3956/4055)
11:43:05   ▶ /_astro/1200x900_Z1sKfvD.avif (reused cache entry) (+11ms) (3957/4055)
11:43:05   ▶ /_astro/440x440_24uidS.avif (reused cache entry) (+11ms) (3958/4055)
11:43:05   ▶ /_astro/1920x900_ZTFgYs.avif (reused cache entry) (+11ms) (3959/4055)
11:43:05   ▶ /_astro/200x110_jsU6P.avif (reused cache entry) (+11ms) (3960/4055)
11:43:05   ▶ /_astro/200x110_292G8o.avif (reused cache entry) (+12ms) (3961/4055)
11:43:05   ▶ /_astro/800x700_i6lnq.png (reused cache entry) (+13ms) (3962/4055)
11:43:05   ▶ /_astro/480x420_Z1BhpkX.png (reused cache entry) (+12ms) (3963/4055)
11:43:05   ▶ /_astro/900x760_Z1GvII8.png (reused cache entry) (+16ms) (3964/4055)
11:43:05   ▶ /_astro/900x780_Z2oSrCC.avif (reused cache entry) (+21ms) (3965/4055)
11:43:05   ▶ /_astro/1200x900_1QzCK3.avif (reused cache entry) (+22ms) (3966/4055)
11:43:05   ▶ /_astro/440x440_Z1riGpe.png (reused cache entry) (+23ms) (3967/4055)
11:43:05   ▶ /_astro/1920x900_1tFGVL.avif (reused cache entry) (+23ms) (3968/4055)
11:43:05   ▶ /_astro/200x110_Zru4UQ.png (reused cache entry) (+24ms) (3969/4055)
11:43:05   ▶ /_astro/200x110_ZlREHd.png (reused cache entry) (+43ms) (3970/4055)
11:43:05   ▶ /_astro/800x700_1fYbHu.png (reused cache entry) (+55ms) (3971/4055)
11:43:05   ▶ /_astro/480x420_Z1QLf6J.png (reused cache entry) (+55ms) (3972/4055)
11:43:05   ▶ /_astro/200x110_2wRaKI.avif (reused cache entry) (+51ms) (3973/4055)
11:43:05   ▶ /_astro/900x780_2ks7Jn.png (reused cache entry) (+48ms) (3974/4055)
11:43:05   ▶ /_astro/1200x900_1ndPMB.png (reused cache entry) (+48ms) (3975/4055)
11:43:05   ▶ /_astro/440x440_ZxrT7F.png (reused cache entry) (+50ms) (3976/4055)
11:43:05   ▶ /_astro/1920x900_ZgaxAt.avif (reused cache entry) (+49ms) (3977/4055)
11:43:05   ▶ /_astro/200x110_Z2sLBi3.png (reused cache entry) (+48ms) (3978/4055)
11:43:05   ▶ /_astro/200x110_1jk0cA.png (reused cache entry) (+28ms) (3979/4055)
11:43:05   ▶ /_astro/800x700_19HTGF.png (reused cache entry) (+17ms) (3980/4055)
11:43:05   ▶ /_astro/200x110_Z15JxGM.avif (reused cache entry) (+19ms) (3981/4055)
11:43:05   ▶ /_astro/200x110_ZR7i8p.avif (reused cache entry) (+19ms) (3982/4055)
11:43:05   ▶ /_astro/900x780_Z1LQaJu.png (reused cache entry) (+39ms) (3983/4055)
11:43:05   ▶ /_astro/1200x900_ZeHkjF.png (reused cache entry) (+39ms) (3984/4055)
11:43:05   ▶ /_astro/440x440_2gp8vg.png (reused cache entry) (+37ms) (3985/4055)
11:43:05   ▶ /_astro/1920x900_1N3Gra.png (reused cache entry) (+37ms) (3986/4055)
11:43:05   ▶ /_astro/200x110_vnKod.png (reused cache entry) (+37ms) (3987/4055)
11:43:05   ▶ /_astro/200x110_Z1HKqeu.png (reused cache entry) (+37ms) (3988/4055)
11:43:05   ▶ /_astro/800x700_1Ii6Cz.png (reused cache entry) (+35ms) (3989/4055)
11:43:05   ▶ /_astro/200x110_zs7d1.avif (reused cache entry) (+33ms) (3990/4055)
11:43:05   ▶ /_astro/200x110_1aYper.avif (reused cache entry) (+33ms) (3991/4055)
11:43:05   ▶ /_astro/900x780_Z1S7rKj.png (reused cache entry) (+8ms) (3992/4055)
11:43:05   ▶ /_astro/1200x900_ZmkcCg.png (reused cache entry) (+8ms) (3993/4055)
11:43:05   ▶ /_astro/800x800_Z2j0sfM.avif (reused cache entry) (+8ms) (3994/4055)
11:43:05   ▶ /_astro/1920x900_b7vjS.png (reused cache entry) (+8ms) (3995/4055)
11:43:05   ▶ /_astro/485x400_2n1pXp.avif (reused cache entry) (+9ms) (3996/4055)
11:43:05   ▶ /_astro/200x110_Z23MOAJ.avif (reused cache entry) (+9ms) (3997/4055)
11:43:05   ▶ /_astro/800x700_1sNgQN.png (reused cache entry) (+9ms) (3998/4055)
11:43:05   ▶ /_astro/200x110_Z2rCje4.avif (reused cache entry) (+9ms) (3999/4055)
11:43:05   ▶ /_astro/200x110_Z1jUVBa.png (reused cache entry) (+10ms) (4000/4055)
11:43:05   ▶ /_astro/900x780_Z1bdGQ6.png (reused cache entry) (+10ms) (4001/4055)
11:43:05   ▶ /_astro/1200x900_Z1ToE2R.png (reused cache entry) (+11ms) (4002/4055)
11:43:05   ▶ /_astro/800x800_1VxYwK.avif (reused cache entry) (+10ms) (4003/4055)
11:43:05   ▶ /_astro/1920x900_3uD1i.png (reused cache entry) (+11ms) (4004/4055)
11:43:05   ▶ /_astro/485x400_Z1JhRvs.avif (reused cache entry) (+11ms) (4005/4055)
11:43:05   ▶ /_astro/200x110_ZnA9FV.avif (reused cache entry) (+12ms) (4006/4055)
11:43:05   ▶ /_astro/200x110_23l2jf.avif (reused cache entry) (+10ms) (4007/4055)
11:43:05   ▶ /_astro/200x110_7DsJg.png (reused cache entry) (+10ms) (4008/4055)
11:43:05   ▶ /_astro/200x110_lgIiD.png (reused cache entry) (+10ms) (4009/4055)
11:43:05   ▶ /_astro/900x780_Z1qHwBR.png (reused cache entry) (+11ms) (4010/4055)
11:43:05   ▶ /_astro/1200x900_1pVedO.png (reused cache entry) (+11ms) (4011/4055)
11:43:05   ▶ /_astro/800x800_2sFqLV.avif (reused cache entry) (+11ms) (4012/4055)
11:43:05   ▶ /_astro/1920x900_132ipx.png (reused cache entry) (+11ms) (4013/4055)
11:43:05   ▶ /_astro/485x400_Z1Py9wh.avif (reused cache entry) (+11ms) (4014/4055)
11:43:05   ▶ /_astro/200x110_1EvxFU.avif (reused cache entry) (+11ms) (4015/4055)
11:43:05   ▶ /_astro/200x110_Z1lDqzS.avif (reused cache entry) (+11ms) (4016/4055)
11:43:05   ▶ /_astro/200x110_1MQ8E4.png (reused cache entry) (+11ms) (4017/4055)
11:43:05   ▶ /_astro/200x110_2onqFu.png (reused cache entry) (+11ms) (4018/4055)
11:43:05   ▶ /_astro/800x800_Z275BXp.png (reused cache entry) (+9ms) (4019/4055)
11:43:05   ▶ /_astro/1920x900_ZGNW7H.png (reused cache entry) (+9ms) (4020/4055)
11:43:05   ▶ /_astro/485x400_7cygU.avif (reused cache entry) (+9ms) (4021/4055)
11:43:05   ▶ /_astro/200x110_ZPoN9G.png (reused cache entry) (+27ms) (4022/4055)
11:43:05   ▶ /_astro/200x110_GsgLX.avif (reused cache entry) (+35ms) (4023/4055)
11:43:05   ▶ /_astro/200x110_Z1eehM1.png (reused cache entry) (+37ms) (4024/4055)
11:43:05   ▶ /_astro/800x800_28sOO8.png (reused cache entry) (+45ms) (4025/4055)
11:43:05   ▶ /_astro/485x400_Z8hgtQ.avif (reused cache entry) (+27ms) (4026/4055)
11:43:05   ▶ /_astro/200x110_OMQK7.png (reused cache entry) (+26ms) (4027/4055)
11:43:05   ▶ /_astro/200x110_Z1Ns53D.png (reused cache entry) (+17ms) (4028/4055)
11:43:05   ▶ /_astro/485x400_Z2vfRy9.png (reused cache entry) (+5ms) (4029/4055)
11:43:05   ▶ /_astro/800x800_Z2pAQJC.png (reused cache entry) (+6ms) (4030/4055)
11:43:05   ▶ /_astro/200x110_Z2chyFX.png (reused cache entry) (+7ms) (4031/4055)
11:43:05   ▶ /_astro/200x110_Z8fp8P.png (reused cache entry) (+6ms) (4032/4055)
11:43:05   ▶ /_astro/Dental-Plaque-scaled.B726-XVU_Z25DLrV.jpg (before: 331kB, after: 54kB) (+246ms) (4033/4055)
11:43:05   ▶ /_astro/485x400_Z1xn2e5.png (reused cache entry) (+3ms) (4034/4055)
11:43:05   ▶ /_astro/200x110_1TQie1.png (reused cache entry) (+2ms) (4035/4055)
11:43:05   ▶ /_astro/485x400_Z1DDjeT.png (reused cache entry) (+2ms) (4036/4055)
11:43:05   ▶ /_astro/485x400_15nthF.png (reused cache entry) (+3ms) (4037/4055)
11:43:05   ▶ /_astro/485x400_OSDvT.png (reused cache entry) (+3ms) (4038/4055)
11:43:05   ▶ /_astro/teeth-denture-on-top-of-blue-shelf-scaled.BQbGHbTl_Z1zUSLq.avif (before: 164kB, after: 3kB) (+621ms) (4039/4055)
11:43:05   ▶ /_astro/baylee-gramling-OTTKWktB8zU-unsplash-1-scaled.DUVM1T_N_Z1IsbM7.avif (before: 449kB, after: 19kB) (+906ms) (4040/4055)
11:43:06   ▶ /_astro/teeth-denture-on-top-of-blue-shelf-scaled.BQbGHbTl_1F5BNB.avif (before: 164kB, after: 4kB) (+540ms) (4041/4055)
11:43:06   ▶ /_astro/baylee-gramling-OTTKWktB8zU-unsplash-1-scaled.DUVM1T_N_tKdmX.avif (before: 449kB, after: 27kB) (+1.34s) (4042/4055)
11:43:07   ▶ /_astro/baylee-gramling-OTTKWktB8zU-unsplash-1-scaled.DUVM1T_N_ZEmMp4.jpg (before: 449kB, after: 201kB) (+139ms) (4043/4055)
11:43:07   ▶ /_astro/baylee-gramling-OTTKWktB8zU-unsplash-1-scaled.DUVM1T_N_1JX86z.jpg (before: 449kB, after: 11kB) (+73ms) (4044/4055)
11:43:07   ▶ /_astro/teeth-denture-on-top-of-blue-shelf-scaled.BQbGHbTl_1AwvGk.avif (before: 164kB, after: 6kB) (+1.16s) (4045/4055)
11:43:07   ▶ /_astro/baylee-gramling-OTTKWktB8zU-unsplash-1-scaled.DUVM1T_N_23Cgqs.jpg (before: 449kB, after: 21kB) (+90ms) (4046/4055)
11:43:07   ▶ /_astro/teeth-denture-on-top-of-blue-shelf-scaled.BQbGHbTl_ZRCKBg.jpg (before: 164kB, after: 78kB) (+118ms) (4047/4055)
11:43:07   ▶ /_astro/baylee-gramling-OTTKWktB8zU-unsplash-1-scaled.DUVM1T_N_1ryy3s.jpg (before: 449kB, after: 33kB) (+94ms) (4048/4055)
11:43:07   ▶ /_astro/teeth-denture-on-top-of-blue-shelf-scaled.BQbGHbTl_Z53eSj.jpg (before: 164kB, after: 3kB) (+57ms) (4049/4055)
11:43:07   ▶ /_astro/teeth-denture-on-top-of-blue-shelf-scaled.BQbGHbTl_ZgN2qb.jpg (before: 164kB, after: 6kB) (+72ms) (4050/4055)
11:43:07   ▶ /_astro/baylee-gramling-OTTKWktB8zU-unsplash-1-scaled.DUVM1T_N_Z1ldPYG.jpg (before: 449kB, after: 62kB) (+161ms) (4051/4055)
11:43:07   ▶ /_astro/teeth-denture-on-top-of-blue-shelf-scaled.BQbGHbTl_ZP56vx.jpg (before: 164kB, after: 10kB) (+87ms) (4052/4055)
11:43:07   ▶ /_astro/baylee-gramling-OTTKWktB8zU-unsplash-1-scaled.DUVM1T_N_QYyao.jpg (before: 449kB, after: 97kB) (+164ms) (4053/4055)
11:43:07   ▶ /_astro/teeth-denture-on-top-of-blue-shelf-scaled.BQbGHbTl_ZrzzcC.jpg (before: 164kB, after: 20kB) (+142ms) (4054/4055)
11:43:07   ▶ /_astro/teeth-denture-on-top-of-blue-shelf-scaled.BQbGHbTl_Zw8FjT.jpg (before: 164kB, after: 33kB) (+132ms) (4055/4055)
11:43:07 ✓ Completed in 476.12s.

11:43:08 [@astrojs/sitemap] `sitemap-index.xml` created at `dist`
11:43:08 [build] 356 page(s) built in 521.24s
11:43:08 [build] Complete!
